group,max_identity
"Generated (GRU, with special)",0.75
"Generated (GRU, with special)",0.6666666666666666
"Generated (GRU, with special)",0.5
"Generated (GRU, with special)",0.6
"Generated (GRU, with special)",0.5714285714285714
"Generated (GRU, with special)",0.6363636363636364
"Generated (GRU, with special)",0.6666666666666666
"Generated (GRU, with special)",0.7777777777777778
"Generated (GRU, with special)",0.6666666666666666
"Generated (GRU, with special)",0.4375
"Generated (GRU, with special)",0.5
"Generated (GRU, with special)",0.6
"Generated (GRU, with special)",0.8333333333333334
"Generated (GRU, with special)",0.6666666666666666
"Generated (GRU, with special)",0.6153846153846154
"Generated (GRU, with special)",0.5
"Generated (GRU, with special)",1.0
"Generated (GRU, with special)",0.6666666666666666
"Generated (GRU, with special)",0.8
"Generated (GRU, with special)",0.5
"Generated (GRU, with special)",0.6666666666666666
"Generated (GRU, with special)",0.6666666666666666
"Generated (GRU, with special)",0.8333333333333334
"Generated (GRU, with special)",0.8333333333333334
"Generated (GRU, with special)",0.6666666666666666
"Generated (GRU, with special)",0.8
"Generated (GRU, with special)",0.6
"Generated (GRU, with special)",0.8
"Generated (GRU, with special)",0.6
"Generated (GRU, with special)",0.6
"Generated (GRU, with special)",0.6666666666666666
"Generated (GRU, with special)",0.8
"Generated (GRU, with special)",1.0
"Generated (GRU, with special)",0.6666666666666666
"Generated (GRU, with special)",0.6
"Generated (GRU, with special)",1.0
"Generated (GRU, with special)",1.0
"Generated (GRU, with special)",0.6666666666666666
"Generated (GRU, with special)",0.6
"Generated (GRU, with special)",1.0
"Generated (GRU, with special)",0.8
"Generated (GRU, with special)",0.7142857142857143
"Generated (GRU, with special)",0.6666666666666666
"Generated (GRU, with special)",0.5
"Generated (GRU, with special)",0.75
"Generated (GRU, with special)",0.6
"Generated (GRU, with special)",0.5454545454545454
"Generated (GRU, with special)",0.6666666666666666
"Generated (GRU, with special)",0.75
"Generated (GRU, with special)",0.6666666666666666
"Generated (GRU, with special)",0.8333333333333334
"Generated (GRU, with special)",0.6666666666666666
"Generated (GRU, with special)",0.6666666666666666
"Generated (GRU, with special)",0.6666666666666666
"Generated (GRU, with special)",0.6
"Generated (GRU, with special)",0.8
"Generated (GRU, with special)",0.8
"Generated (GRU, with special)",0.7142857142857143
"Generated (GRU, with special)",0.8
"Generated (GRU, with special)",0.7142857142857143
"Generated (GRU, with special)",0.8
"Generated (GRU, with special)",0.6666666666666666
"Generated (GRU, with special)",0.8571428571428571
"Generated (GRU, with special)",1.0
"Generated (GRU, with special)",0.7142857142857143
"Generated (GRU, with special)",1.0
"Generated (GRU, with special)",0.6
"Generated (GRU, with special)",0.5555555555555556
"Generated (GRU, with special)",0.7142857142857143
"Generated (GRU, with special)",0.6153846153846154
"Generated (GRU, with special)",0.6666666666666666
"Generated (GRU, with special)",0.8333333333333334
"Generated (GRU, with special)",0.6296296296296297
"Generated (GRU, with special)",0.625
"Generated (GRU, with special)",0.6666666666666666
"Generated (GRU, with special)",0.6666666666666666
"Generated (GRU, with special)",0.75
"Generated (GRU, with special)",0.8
"Generated (GRU, with special)",0.5714285714285714
"Generated (GRU, with special)",0.8
"Generated (GRU, with special)",0.8
"Generated (GRU, with special)",0.6666666666666666
"Generated (GRU, with special)",0.5555555555555556
"Generated (GRU, with special)",0.625
"Generated (GRU, with special)",0.6666666666666666
"Generated (GRU, with special)",0.5555555555555556
"Generated (GRU, with special)",0.5384615384615384
"Generated (GRU, with special)",0.6666666666666666
"Generated (GRU, with special)",0.6666666666666666
"Generated (GRU, with special)",0.5714285714285714
"Generated (GRU, with special)",1.0
"Generated (GRU, with special)",0.6666666666666666
"Generated (GRU, with special)",0.6666666666666666
"Generated (GRU, with special)",0.6
"Generated (GRU, with special)",0.6923076923076923
"Generated (GRU, with special)",0.6666666666666666
"Generated (GRU, with special)",0.8
"Generated (GRU, with special)",0.6
"Generated (GRU, with special)",0.6666666666666666
"Generated (GRU, with special)",0.4444444444444444
"Generated (GRU, with special)",0.6
"Generated (GRU, with special)",0.8
"Generated (GRU, with special)",0.6666666666666666
"Generated (GRU, with special)",0.9285714285714286
"Generated (GRU, with special)",0.6666666666666666
"Generated (GRU, with special)",0.6666666666666666
"Generated (GRU, with special)",0.8
"Generated (GRU, with special)",0.625
"Generated (GRU, with special)",0.625
"Generated (GRU, with special)",0.5714285714285714
"Generated (GRU, with special)",0.5
"Generated (GRU, with special)",0.6
"Generated (GRU, with special)",0.6
"Generated (GRU, with special)",0.6666666666666666
"Generated (GRU, with special)",0.6
"Generated (GRU, with special)",0.8
"Generated (GRU, with special)",0.5
"Generated (GRU, with special)",0.6666666666666666
"Generated (GRU, with special)",0.8333333333333334
"Generated (GRU, with special)",0.6666666666666666
"Generated (GRU, with special)",0.6666666666666666
"Generated (GRU, with special)",0.5
"Generated (GRU, with special)",0.6666666666666666
"Generated (GRU, with special)",0.5
"Generated (GRU, with special)",0.5833333333333334
"Generated (GRU, with special)",0.8
"Generated (GRU, with special)",0.6
"Generated (GRU, with special)",0.625
"Generated (GRU, with special)",0.75
"Generated (GRU, with special)",0.6
"Generated (GRU, with special)",0.6363636363636364
"Generated (GRU, with special)",0.7
"Generated (GRU, with special)",0.6666666666666666
"Generated (GRU, with special)",0.75
"Generated (GRU, with special)",0.6666666666666666
"Generated (GRU, with special)",0.6923076923076923
"Generated (GRU, with special)",0.8333333333333334
"Generated (GRU, with special)",0.7272727272727273
"Generated (GRU, with special)",1.0
"Generated (GRU, with special)",0.8571428571428571
"Generated (GRU, with special)",0.6666666666666666
"Generated (GRU, with special)",0.5714285714285714
"Generated (GRU, with special)",0.8
"Generated (GRU, with special)",0.6
"Generated (GRU, with special)",0.8
"Generated (GRU, with special)",0.8
"Generated (GRU, with special)",0.7272727272727273
"Generated (GRU, with special)",0.5714285714285714
"Generated (GRU, with special)",0.6666666666666666
"Generated (GRU, with special)",1.0
"Generated (GRU, with special)",0.6666666666666666
"Generated (GRU, with special)",0.5714285714285714
"Generated (GRU, with special)",0.6666666666666666
"Generated (GRU, with special)",0.8
"Generated (GRU, with special)",0.8333333333333334
"Generated (GRU, with special)",0.6666666666666666
"Generated (GRU, with special)",0.5
"Generated (GRU, with special)",0.8
"Generated (GRU, with special)",0.6
"Generated (GRU, with special)",0.5714285714285714
"Generated (GRU, with special)",0.8
"Generated (GRU, with special)",0.6666666666666666
"Generated (GRU, with special)",0.6666666666666666
"Generated (GRU, with special)",1.0
"Generated (GRU, with special)",0.6
"Generated (GRU, with special)",0.7777777777777778
"Generated (GRU, with special)",0.8
"Generated (GRU, with special)",0.6
"Generated (GRU, with special)",0.6
"Generated (GRU, with special)",0.625
"Generated (GRU, with special)",0.8
"Generated (GRU, with special)",0.5
"Generated (GRU, with special)",0.6
"Generated (GRU, with special)",0.625
"Generated (GRU, with special)",0.8
"Generated (GRU, with special)",0.7692307692307693
"Generated (GRU, with special)",0.5555555555555556
"Generated (GRU, with special)",0.75
"Generated (GRU, with special)",0.7142857142857143
"Generated (GRU, with special)",0.8333333333333334
"Generated (GRU, with special)",0.7
"Generated (GRU, with special)",0.6428571428571429
"Generated (GRU, with special)",0.875
"Generated (GRU, with special)",0.8
"Generated (GRU, with special)",0.7647058823529411
"Generated (GRU, with special)",0.5
"Generated (GRU, with special)",0.8571428571428571
"Generated (GRU, with special)",0.8333333333333334
"Generated (GRU, with special)",0.7142857142857143
"Generated (GRU, with special)",0.5714285714285714
"Generated (GRU, with special)",0.6666666666666666
"Generated (GRU, with special)",0.7142857142857143
"Generated (GRU, with special)",0.6363636363636364
"Generated (GRU, with special)",1.0
"Generated (GRU, with special)",0.6666666666666666
"Generated (GRU, with special)",0.7142857142857143
"Generated (GRU, with special)",0.6666666666666666
"Generated (GRU, with special)",0.6666666666666666
"Generated (GRU, with special)",0.9090909090909091
"Generated (GRU, with special)",0.46153846153846156
"Generated (GRU, with special)",0.6666666666666666
"Generated (GRU, with special)",0.46153846153846156
"Generated (GRU, with special)",0.8571428571428571
"Generated (GRU, with special)",0.6666666666666666
"Generated (GRU, with special)",0.8
"Generated (GRU, with special)",0.7142857142857143
"Generated (GRU, with special)",0.8
"Generated (GRU, with special)",0.6
"Generated (GRU, with special)",1.0
"Generated (GRU, with special)",0.8571428571428571
"Generated (GRU, with special)",0.6666666666666666
"Generated (GRU, with special)",0.7142857142857143
"Generated (GRU, with special)",0.625
"Generated (GRU, with special)",0.6666666666666666
"Generated (GRU, with special)",0.8
"Generated (GRU, with special)",0.6
"Generated (GRU, with special)",0.8
"Generated (GRU, with special)",0.8333333333333334
"Generated (GRU, with special)",0.8
"Generated (GRU, with special)",0.8571428571428571
"Generated (GRU, with special)",0.6666666666666666
"Generated (GRU, with special)",0.6
"Generated (GRU, with special)",0.8333333333333334
"Generated (GRU, with special)",0.6
"Generated (GRU, with special)",0.6666666666666666
"Generated (GRU, with special)",0.8
"Generated (GRU, with special)",0.75
"Generated (GRU, with special)",0.6666666666666666
"Generated (GRU, with special)",0.8
"Generated (GRU, with special)",0.6666666666666666
"Generated (GRU, with special)",0.7142857142857143
"Generated (GRU, with special)",0.6
"Generated (GRU, with special)",0.5
"Generated (GRU, with special)",0.8333333333333334
"Generated (GRU, with special)",0.8
"Generated (GRU, with special)",0.5454545454545454
"Generated (GRU, with special)",0.6666666666666666
"Generated (GRU, with special)",0.6666666666666666
"Generated (GRU, with special)",0.8333333333333334
"Generated (GRU, with special)",0.6
"Generated (GRU, with special)",0.6666666666666666
"Generated (GRU, with special)",0.6
"Generated (GRU, with special)",0.6666666666666666
"Generated (GRU, with special)",0.8571428571428571
"Generated (GRU, with special)",0.6
"Generated (GRU, with special)",0.6666666666666666
"Generated (GRU, with special)",0.8
"Generated (GRU, with special)",0.625
"Generated (GRU, with special)",0.5555555555555556
"Generated (GRU, with special)",0.8333333333333334
"Generated (GRU, with special)",0.6666666666666666
"Generated (GRU, with special)",0.625
"Generated (GRU, with special)",0.6666666666666666
"Generated (GRU, with special)",0.6666666666666666
"Generated (GRU, with special)",0.6
"Generated (GRU, with special)",0.6
"Generated (GRU, with special)",0.75
"Generated (GRU, with special)",0.6
"Generated (GRU, with special)",0.6666666666666666
"Generated (GRU, with special)",0.6666666666666666
"Generated (GRU, with special)",0.8333333333333334
"Generated (GRU, with special)",0.5714285714285714
"Generated (GRU, with special)",0.8
"Generated (GRU, with special)",0.6
"Generated (GRU, with special)",0.6
"Generated (GRU, with special)",0.5625
"Generated (GRU, with special)",0.8333333333333334
"Generated (GRU, with special)",0.8
"Generated (GRU, with special)",0.9
"Generated (GRU, with special)",0.6666666666666666
"Generated (GRU, with special)",0.7
"Generated (GRU, with special)",0.7142857142857143
"Generated (GRU, with special)",0.6666666666666666
"Generated (GRU, with special)",0.6
"Generated (GRU, with special)",0.5714285714285714
"Generated (GRU, with special)",0.6
"Generated (GRU, with special)",0.8333333333333334
"Generated (GRU, with special)",0.8333333333333334
"Generated (GRU, with special)",0.625
"Generated (GRU, with special)",0.6666666666666666
"Generated (GRU, with special)",0.7142857142857143
"Generated (GRU, with special)",1.0
"Generated (GRU, with special)",0.6666666666666666
"Generated (GRU, with special)",0.8333333333333334
"Generated (GRU, with special)",0.9411764705882353
"Generated (GRU, with special)",0.5714285714285714
"Generated (GRU, with special)",0.6666666666666666
"Generated (GRU, with special)",0.8571428571428571
"Generated (GRU, with special)",0.6666666666666666
"Generated (GRU, with special)",0.6
"Generated (GRU, with special)",0.6666666666666666
"Generated (GRU, with special)",0.6666666666666666
"Generated (GRU, with special)",0.75
"Generated (GRU, with special)",0.6
"Generated (GRU, with special)",0.8
"Generated (GRU, with special)",0.6666666666666666
"Generated (GRU, with special)",0.7333333333333333
"Generated (GRU, with special)",1.0
"Generated (GRU, with special)",0.631578947368421
"Generated (GRU, with special)",0.6666666666666666
"Generated (GRU, with special)",0.6153846153846154
"Generated (GRU, with special)",0.8
"Generated (GRU, with special)",0.5
"Generated (GRU, with special)",0.7142857142857143
"Generated (GRU, with special)",0.6
"Generated (GRU, with special)",0.5
"Generated (GRU, with special)",0.6666666666666666
"Generated (GRU, with special)",1.0
"Generated (GRU, with special)",0.625
"Generated (GRU, with special)",0.6666666666666666
"Generated (GRU, with special)",0.6
"Generated (GRU, with special)",0.6666666666666666
"Generated (GRU, with special)",0.6
"Generated (GRU, with special)",0.6
"Generated (GRU, with special)",0.6
"Generated (GRU, with special)",0.8
"Generated (GRU, with special)",0.6
"Generated (GRU, with special)",0.7
"Generated (GRU, with special)",0.6818181818181818
"Generated (GRU, with special)",0.5
"Generated (GRU, with special)",0.7142857142857143
"Generated (GRU, with special)",0.4444444444444444
"Generated (GRU, with special)",0.6
"Generated (GRU, with special)",0.6666666666666666
"Generated (GRU, with special)",0.6
"Generated (GRU, with special)",0.6
"Generated (GRU, with special)",0.6
"Generated (GRU, with special)",1.0
"Generated (GRU, with special)",0.8
"Generated (GRU, with special)",0.625
"Generated (GRU, with special)",0.6
"Generated (GRU, with special)",0.6666666666666666
"Generated (GRU, with special)",1.0
"Generated (GRU, with special)",0.5
"Generated (GRU, with special)",0.5714285714285714
"Generated (GRU, with special)",0.75
"Generated (GRU, with special)",0.8333333333333334
"Generated (GRU, with special)",0.42857142857142855
"Generated (GRU, with special)",0.75
"Generated (GRU, with special)",0.5
"Generated (GRU, with special)",0.8
"Generated (GRU, with special)",0.6
"Generated (GRU, with special)",1.0
"Generated (GRU, with special)",0.6666666666666666
"Generated (GRU, with special)",0.6666666666666666
"Generated (GRU, with special)",0.7142857142857143
"Generated (GRU, with special)",0.5714285714285714
"Generated (GRU, with special)",1.0
"Generated (GRU, with special)",0.5555555555555556
"Generated (GRU, with special)",0.6666666666666666
"Generated (GRU, with special)",0.5714285714285714
"Generated (GRU, with special)",0.8
"Generated (GRU, with special)",0.6
"Generated (GRU, with special)",0.8
"Generated (GRU, with special)",0.7777777777777778
"Generated (GRU, with special)",0.6666666666666666
"Generated (GRU, with special)",0.6666666666666666
"Generated (GRU, with special)",0.6666666666666666
"Generated (GRU, with special)",1.0
"Generated (GRU, with special)",0.625
"Generated (GRU, with special)",1.0
"Generated (GRU, with special)",0.7272727272727273
"Generated (GRU, with special)",0.8461538461538461
"Generated (GRU, with special)",0.7777777777777778
"Generated (GRU, with special)",0.6
"Generated (GRU, with special)",0.6666666666666666
"Generated (GRU, with special)",0.7692307692307693
"Generated (GRU, with special)",0.7142857142857143
"Generated (GRU, with special)",0.9166666666666666
"Generated (GRU, with special)",0.6666666666666666
"Generated (GRU, with special)",0.6363636363636364
"Generated (GRU, with special)",0.6
"Generated (GRU, with special)",0.6
"Generated (GRU, with special)",0.7777777777777778
"Generated (GRU, with special)",0.6
"Generated (GRU, with special)",0.7142857142857143
"Generated (GRU, with special)",0.6666666666666666
"Generated (GRU, with special)",0.7142857142857143
"Generated (GRU, with special)",0.6666666666666666
"Generated (GRU, with special)",0.6
"Generated (GRU, with special)",0.7777777777777778
"Generated (GRU, with special)",0.7
"Generated (GRU, with special)",0.5454545454545454
"Generated (GRU, with special)",0.5714285714285714
"Generated (GRU, with special)",0.6
"Generated (GRU, with special)",0.5
"Generated (GRU, with special)",0.625
"Generated (GRU, with special)",0.8333333333333334
"Generated (GRU, with special)",0.6666666666666666
"Generated (GRU, with special)",0.8333333333333334
"Generated (GRU, with special)",0.7
"Generated (GRU, with special)",0.8571428571428571
"Generated (GRU, with special)",0.5
"Generated (GRU, with special)",0.6
"Generated (GRU, with special)",0.6666666666666666
"Generated (GRU, with special)",0.8
"Generated (GRU, with special)",0.6153846153846154
"Generated (GRU, with special)",0.6666666666666666
"Generated (GRU, with special)",0.6
"Generated (GRU, with special)",0.8
"Generated (GRU, with special)",1.0
"Generated (GRU, with special)",0.6666666666666666
"Generated (GRU, with special)",0.8
"Generated (GRU, with special)",0.6666666666666666
"Generated (GRU, with special)",0.8333333333333334
"Generated (GRU, with special)",0.625
"Generated (GRU, with special)",0.75
"Generated (GRU, with special)",0.6
"Generated (GRU, with special)",0.8333333333333334
"Generated (GRU, with special)",0.7777777777777778
"Generated (GRU, with special)",1.0
"Generated (GRU, with special)",0.7777777777777778
"Generated (GRU, with special)",0.6
"Generated (GRU, with special)",1.0
"Generated (GRU, with special)",0.6
"Generated (GRU, with special)",0.6
"Generated (GRU, with special)",0.7777777777777778
"Generated (GRU, with special)",0.6666666666666666
"Generated (GRU, with special)",0.625
"Generated (GRU, with special)",0.5
"Generated (GRU, with special)",0.9166666666666666
"Generated (GRU, with special)",0.6666666666666666
"Generated (GRU, with special)",0.6666666666666666
"Generated (GRU, with special)",0.7
"Generated (GRU, with special)",0.6
"Generated (GRU, with special)",0.6153846153846154
"Generated (GRU, with special)",0.6666666666666666
"Generated (GRU, with special)",0.8
"Generated (GRU, with special)",0.8333333333333334
"Generated (GRU, with special)",0.6153846153846154
"Generated (GRU, with special)",0.6666666666666666
"Generated (GRU, with special)",0.6666666666666666
"Generated (GRU, with special)",0.8235294117647058
"Generated (GRU, with special)",0.6
"Generated (GRU, with special)",0.7142857142857143
"Generated (GRU, with special)",0.6
"Generated (GRU, with special)",0.6
"Generated (GRU, with special)",0.6
"Generated (GRU, with special)",0.6666666666666666
"Generated (GRU, with special)",0.5
"Generated (GRU, with special)",0.6
"Generated (GRU, with special)",1.0
"Generated (GRU, with special)",0.7142857142857143
"Generated (GRU, with special)",0.5
"Generated (GRU, with special)",0.625
"Generated (GRU, with special)",0.8461538461538461
"Generated (GRU, with special)",0.6923076923076923
"Generated (GRU, with special)",0.5625
"Generated (GRU, with special)",0.6
"Generated (GRU, with special)",0.625
"Generated (GRU, with special)",0.6666666666666666
"Generated (GRU, with special)",0.6363636363636364
"Generated (GRU, with special)",0.7777777777777778
"Generated (GRU, with special)",1.0
"Generated (GRU, with special)",0.7142857142857143
"Generated (GRU, with special)",0.7142857142857143
"Generated (GRU, with special)",0.8333333333333334
"Generated (GRU, with special)",0.5714285714285714
"Generated (GRU, with special)",0.8571428571428571
"Generated (GRU, with special)",0.6666666666666666
"Generated (GRU, with special)",0.6
"Generated (GRU, with special)",0.75
"Generated (GRU, with special)",0.6
"Generated (GRU, with special)",0.8
"Generated (GRU, with special)",0.625
"Generated (GRU, with special)",0.8
"Generated (GRU, with special)",0.8
"Generated (GRU, with special)",0.6666666666666666
"Generated (GRU, with special)",0.8
"Generated (GRU, with special)",0.6666666666666666
"Generated (GRU, with special)",0.6666666666666666
"Generated (GRU, with special)",0.6
"Generated (GRU, with special)",0.875
"Generated (GRU, with special)",0.875
"Generated (GRU, with special)",0.5
"Generated (GRU, with special)",0.6
"Generated (GRU, with special)",0.7272727272727273
"Generated (GRU, with special)",0.6666666666666666
"Generated (GRU, with special)",1.0
"Generated (GRU, with special)",0.5
"Generated (GRU, with special)",0.5384615384615384
"Generated (GRU, with special)",0.8
"Generated (GRU, with special)",0.625
"Generated (GRU, with special)",0.6666666666666666
"Generated (GRU, with special)",0.625
"Generated (GRU, with special)",0.8
"Generated (GRU, with special)",0.625
"Generated (GRU, with special)",0.6
"Generated (GRU, with special)",0.7142857142857143
"Generated (GRU, with special)",0.6
"Generated (GRU, with special)",0.7692307692307693
"Generated (GRU, with special)",0.5
"Generated (GRU, with special)",0.7666666666666667
"Generated (GRU, with special)",0.625
"Generated (GRU, with special)",0.75
"Generated (GRU, with special)",0.8666666666666667
"Generated (GRU, with special)",0.8333333333333334
"Generated (GRU, with special)",0.8
"Generated (GRU, with special)",0.6
"Generated (GRU, with special)",0.6666666666666666
"Generated (GRU, with special)",0.5714285714285714
"Generated (GRU, with special)",0.875
"Generated (GRU, with special)",1.0
"Generated (GRU, with special)",0.6
"Generated (GRU, with special)",0.7272727272727273
"Generated (GRU, with special)",0.7142857142857143
"Generated (GRU, with special)",0.7692307692307693
"Generated (GRU, with special)",0.6
"Generated (GRU, with special)",0.625
"Generated (GRU, with special)",0.5454545454545454
"Generated (GRU, with special)",0.7692307692307693
"Generated (GRU, with special)",0.6
"Generated (GRU, with special)",0.8333333333333334
"Generated (GRU, with special)",0.625
"Generated (GRU, with special)",0.75
"Generated (GRU, with special)",0.7692307692307693
"Generated (GRU, with special)",1.0
"Generated (GRU, with special)",0.7777777777777778
"Generated (GRU, with special)",0.7
"Generated (GRU, with special)",0.75
"Generated (GRU, with special)",0.5
"Generated (GRU, with special)",0.6428571428571429
"Generated (GRU, with special)",0.8333333333333334
"Generated (GRU, with special)",0.7142857142857143
"Generated (GRU, with special)",0.6
"Generated (GRU, with special)",0.6666666666666666
"Generated (GRU, with special)",0.6666666666666666
"Generated (GRU, with special)",0.6
"Generated (GRU, with special)",0.7142857142857143
"Generated (GRU, with special)",0.6
"Generated (GRU, with special)",0.7777777777777778
"Generated (GRU, with special)",0.5714285714285714
"Generated (GRU, with special)",0.8
"Generated (GRU, with special)",0.8
"Generated (GRU, with special)",0.8571428571428571
"Generated (GRU, with special)",0.6363636363636364
"Generated (GRU, with special)",0.6
"Generated (GRU, with special)",0.6153846153846154
"Generated (GRU, with special)",0.8888888888888888
"Generated (GRU, with special)",0.6666666666666666
"Generated (GRU, with special)",1.0
"Generated (GRU, with special)",0.6666666666666666
"Generated (GRU, with special)",0.7777777777777778
"Generated (GRU, with special)",0.9444444444444444
"Generated (GRU, with special)",0.8
"Generated (GRU, with special)",0.6
"Generated (GRU, with special)",0.6666666666666666
"Generated (GRU, with special)",0.6
"Generated (GRU, with special)",0.6666666666666666
"Generated (GRU, with special)",0.6923076923076923
"Generated (GRU, with special)",0.8333333333333334
"Generated (GRU, with special)",0.8
"Generated (GRU, with special)",0.5454545454545454
"Generated (GRU, with special)",0.6666666666666666
"Generated (GRU, with special)",0.8571428571428571
"Generated (GRU, with special)",0.6
"Generated (GRU, with special)",0.6
"Generated (GRU, with special)",0.8
"Generated (GRU, with special)",0.75
"Generated (GRU, with special)",0.7777777777777778
"Generated (GRU, with special)",0.6666666666666666
"Generated (GRU, with special)",0.5714285714285714
"Generated (GRU, with special)",0.7142857142857143
"Generated (GRU, with special)",0.6
"Generated (GRU, with special)",0.8
"Generated (GRU, with special)",0.7
"Generated (GRU, with special)",0.8333333333333334
"Generated (GRU, with special)",0.7142857142857143
"Generated (GRU, with special)",0.6666666666666666
"Generated (GRU, with special)",0.8
"Generated (GRU, with special)",0.9090909090909091
"Generated (GRU, with special)",0.7142857142857143
"Generated (GRU, with special)",0.6666666666666666
"Generated (GRU, with special)",0.5
"Generated (GRU, with special)",0.8
"Generated (GRU, with special)",0.7777777777777778
"Generated (GRU, with special)",0.6
"Generated (GRU, with special)",0.6666666666666666
"Generated (GRU, with special)",0.7777777777777778
"Generated (GRU, with special)",0.6
"Generated (GRU, with special)",0.9285714285714286
"Generated (GRU, with special)",0.7142857142857143
"Generated (GRU, with special)",0.8
"Generated (GRU, with special)",0.6666666666666666
"Generated (GRU, with special)",0.6
"Generated (GRU, with special)",0.8333333333333334
"Generated (GRU, with special)",0.6666666666666666
"Generated (GRU, with special)",0.7142857142857143
"Generated (GRU, with special)",0.8
"Generated (GRU, with special)",0.6666666666666666
"Generated (GRU, with special)",0.8
"Generated (GRU, with special)",0.5
"Generated (GRU, with special)",0.6
"Generated (GRU, with special)",0.6666666666666666
"Generated (GRU, with special)",0.5454545454545454
"Generated (GRU, with special)",0.5714285714285714
"Generated (GRU, with special)",0.6666666666666666
"Generated (GRU, with special)",0.6
"Generated (GRU, with special)",0.7142857142857143
"Generated (GRU, with special)",0.7142857142857143
"Generated (GRU, with special)",0.7142857142857143
"Generated (GRU, with special)",1.0
"Generated (GRU, with special)",0.5714285714285714
"Generated (GRU, with special)",0.8333333333333334
"Generated (GRU, with special)",0.8333333333333334
"Generated (GRU, with special)",0.8
"Generated (GRU, with special)",0.6666666666666666
"Generated (GRU, with special)",0.625
"Generated (GRU, with special)",0.8333333333333334
"Generated (GRU, with special)",0.6666666666666666
"Generated (GRU, with special)",0.6
"Generated (GRU, with special)",0.8
"Generated (GRU, with special)",0.5
"Generated (GRU, with special)",0.5
"Generated (GRU, with special)",0.8333333333333334
"Generated (GRU, with special)",0.8333333333333334
"Generated (GRU, with special)",0.75
"Generated (GRU, with special)",0.6
"Generated (GRU, with special)",0.7142857142857143
"Generated (GRU, with special)",0.6666666666666666
"Generated (GRU, with special)",0.6666666666666666
"Generated (GRU, with special)",0.7142857142857143
"Generated (GRU, with special)",0.8333333333333334
"Generated (GRU, with special)",0.6
"Generated (GRU, with special)",0.8
"Generated (GRU, with special)",0.6
"Generated (GRU, with special)",0.75
"Generated (GRU, with special)",0.8
"Generated (GRU, with special)",0.6
"Generated (GRU, with special)",0.6666666666666666
"Generated (GRU, with special)",0.75
"Generated (GRU, with special)",0.6666666666666666
"Generated (GRU, with special)",0.8695652173913043
"Generated (GRU, with special)",0.45454545454545453
"Generated (GRU, with special)",0.5714285714285714
"Generated (GRU, with special)",0.9166666666666666
"Generated (GRU, with special)",0.9
"Generated (GRU, with special)",0.875
"Generated (GRU, with special)",1.0
"Generated (GRU, with special)",0.75
"Generated (GRU, with special)",0.625
"Generated (GRU, with special)",0.625
"Generated (GRU, with special)",0.8125
"Generated (GRU, with special)",0.5384615384615384
"Generated (GRU, with special)",0.6666666666666666
"Generated (GRU, with special)",0.6666666666666666
"Generated (GRU, with special)",0.6
"Generated (GRU, with special)",0.8333333333333334
"Generated (GRU, with special)",0.5
"Generated (GRU, with special)",0.6666666666666666
"Generated (GRU, with special)",0.6666666666666666
"Generated (GRU, with special)",0.6666666666666666
"Generated (GRU, with special)",0.5714285714285714
"Generated (GRU, with special)",0.6
"Generated (GRU, with special)",0.5714285714285714
"Generated (GRU, with special)",1.0
"Generated (GRU, with special)",0.5555555555555556
"Generated (GRU, with special)",0.5
"Generated (GRU, with special)",0.8
"Generated (GRU, with special)",0.6363636363636364
"Generated (GRU, with special)",0.6666666666666666
"Generated (GRU, with special)",0.8333333333333334
"Generated (GRU, with special)",0.6
"Generated (GRU, with special)",0.7142857142857143
"Generated (GRU, with special)",0.6666666666666666
"Generated (GRU, with special)",0.5714285714285714
"Generated (GRU, with special)",0.6
"Generated (GRU, with special)",0.5
"Generated (GRU, with special)",0.8
"Generated (GRU, with special)",0.5
"Generated (GRU, with special)",0.6666666666666666
"Generated (GRU, with special)",0.6
"Generated (GRU, with special)",0.5
"Generated (GRU, with special)",0.6
"Generated (GRU, with special)",0.6666666666666666
"Generated (GRU, with special)",0.8
"Generated (GRU, with special)",1.0
"Generated (GRU, with special)",0.8333333333333334
"Generated (GRU, with special)",0.6666666666666666
"Generated (GRU, with special)",0.7
"Generated (GRU, with special)",0.6666666666666666
"Generated (GRU, with special)",0.6
"Generated (GRU, with special)",0.6666666666666666
"Generated (GRU, with special)",0.8571428571428571
"Generated (GRU, with special)",0.6
"Generated (GRU, with special)",0.8
"Generated (GRU, with special)",0.6666666666666666
"Generated (GRU, with special)",0.6666666666666666
"Generated (GRU, with special)",1.0
"Generated (GRU, with special)",0.5714285714285714
"Generated (GRU, with special)",0.7142857142857143
"Generated (GRU, with special)",0.6
"Generated (GRU, with special)",0.6923076923076923
"Generated (GRU, with special)",0.8333333333333334
"Generated (GRU, with special)",0.7142857142857143
"Generated (GRU, with special)",0.7142857142857143
"Generated (GRU, with special)",0.6363636363636364
"Generated (GRU, with special)",0.6666666666666666
"Generated (GRU, with special)",0.6
"Generated (GRU, with special)",0.5714285714285714
"Generated (GRU, with special)",0.6666666666666666
"Generated (GRU, with special)",0.8888888888888888
"Generated (GRU, with special)",0.6666666666666666
"Generated (GRU, with special)",0.6666666666666666
"Generated (GRU, with special)",1.0
"Generated (GRU, with special)",0.8
"Generated (GRU, with special)",0.6666666666666666
"Generated (GRU, with special)",0.6666666666666666
"Generated (GRU, with special)",0.6666666666666666
"Generated (GRU, with special)",0.6923076923076923
"Generated (GRU, with special)",0.8
"Generated (GRU, with special)",0.6
"Generated (GRU, with special)",0.6
"Generated (GRU, with special)",0.6666666666666666
"Generated (GRU, with special)",0.7
"Generated (GRU, with special)",0.6
"Generated (GRU, with special)",0.8
"Generated (GRU, with special)",0.7142857142857143
"Generated (GRU, with special)",0.6
"Generated (GRU, with special)",0.6
"Generated (GRU, with special)",0.8333333333333334
"Generated (GRU, with special)",0.7777777777777778
"Generated (GRU, with special)",0.6
"Generated (GRU, with special)",0.5294117647058824
"Generated (GRU, with special)",0.6
"Generated (GRU, with special)",0.6
"Generated (GRU, with special)",0.6
"Generated (GRU, with special)",0.6666666666666666
"Generated (GRU, with special)",0.42857142857142855
"Generated (GRU, with special)",0.6
"Generated (GRU, with special)",1.0
"Generated (GRU, with special)",0.8
"Generated (GRU, with special)",0.8571428571428571
"Generated (GRU, with special)",0.6
"Generated (GRU, with special)",0.75
"Generated (GRU, with special)",0.9444444444444444
"Generated (GRU, with special)",0.6923076923076923
"Generated (GRU, with special)",0.7142857142857143
"Generated (GRU, with special)",0.7142857142857143
"Generated (GRU, with special)",0.5
"Generated (GRU, with special)",0.7142857142857143
"Generated (GRU, with special)",0.6666666666666666
"Generated (GRU, with special)",0.6666666666666666
"Generated (GRU, with special)",0.8
"Generated (GRU, with special)",0.625
"Generated (GRU, with special)",0.5714285714285714
"Generated (GRU, with special)",1.0
"Generated (GRU, with special)",0.6153846153846154
"Generated (GRU, with special)",0.7142857142857143
"Generated (GRU, with special)",0.6666666666666666
"Generated (GRU, with special)",0.6666666666666666
"Generated (GRU, with special)",0.6666666666666666
"Generated (GRU, with special)",0.6
"Generated (GRU, with special)",0.8421052631578947
"Generated (GRU, with special)",0.6
"Generated (GRU, with special)",1.0
"Generated (GRU, with special)",0.6666666666666666
"Generated (GRU, with special)",0.8947368421052632
"Generated (GRU, with special)",0.6666666666666666
"Generated (GRU, with special)",0.8333333333333334
"Generated (GRU, with special)",0.625
"Generated (GRU, with special)",0.8
"Generated (GRU, with special)",0.8
"Generated (GRU, with special)",0.6
"Generated (GRU, with special)",0.6666666666666666
"Generated (GRU, with special)",0.875
"Generated (GRU, with special)",0.625
"Generated (GRU, with special)",0.5
"Generated (GRU, with special)",0.6
"Generated (GRU, with special)",0.6666666666666666
"Generated (GRU, with special)",0.6
"Generated (GRU, with special)",0.6
"Generated (GRU, with special)",0.7
"Generated (GRU, with special)",0.625
"Generated (GRU, with special)",0.6666666666666666
"Generated (GRU, with special)",0.8333333333333334
"Generated (GRU, with special)",0.5555555555555556
"Generated (GRU, with special)",0.625
"Generated (GRU, with special)",0.8
"Generated (GRU, with special)",0.7142857142857143
"Generated (GRU, with special)",0.8571428571428571
"Generated (GRU, with special)",0.9285714285714286
"Generated (GRU, with special)",0.7142857142857143
"Generated (GRU, with special)",0.8
"Generated (GRU, with special)",0.8333333333333334
"Generated (GRU, with special)",0.8
"Generated (GRU, with special)",0.9
"Generated (GRU, with special)",0.8
"Generated (GRU, with special)",0.6666666666666666
"Generated (GRU, with special)",0.6666666666666666
"Generated (GRU, with special)",0.6
"Generated (GRU, with special)",0.8888888888888888
"Generated (GRU, with special)",0.6666666666666666
"Generated (GRU, with special)",0.6666666666666666
"Generated (GRU, with special)",0.5
"Generated (GRU, with special)",0.8
"Generated (GRU, with special)",0.8571428571428571
"Generated (GRU, with special)",0.6923076923076923
"Generated (GRU, with special)",0.8571428571428571
"Generated (GRU, with special)",0.6
"Generated (GRU, with special)",0.7142857142857143
"Generated (GRU, with special)",0.8
"Generated (GRU, with special)",0.6111111111111112
"Generated (GRU, with special)",0.8333333333333334
"Generated (GRU, with special)",1.0
"Generated (GRU, with special)",0.6666666666666666
"Generated (GRU, with special)",0.6666666666666666
"Generated (GRU, with special)",0.4375
"Generated (GRU, with special)",0.8
"Generated (GRU, with special)",0.7142857142857143
"Generated (GRU, with special)",0.75
"Generated (GRU, with special)",0.42857142857142855
"Generated (GRU, with special)",0.6666666666666666
"Generated (GRU, with special)",0.5
"Generated (GRU, with special)",0.6666666666666666
"Generated (GRU, with special)",1.0
"Generated (GRU, with special)",0.6666666666666666
"Generated (GRU, with special)",0.5714285714285714
"Generated (GRU, with special)",0.8
"Generated (GRU, with special)",0.6666666666666666
"Generated (GRU, with special)",0.8
"Generated (GRU, with special)",0.5714285714285714
"Generated (GRU, with special)",0.6
"Generated (GRU, with special)",0.7272727272727273
"Generated (GRU, with special)",0.6
"Generated (GRU, with special)",0.7777777777777778
"Generated (GRU, with special)",0.8333333333333334
"Generated (GRU, with special)",0.6666666666666666
"Generated (GRU, with special)",0.6
"Generated (GRU, with special)",0.7142857142857143
"Generated (GRU, with special)",0.6666666666666666
"Generated (GRU, with special)",0.8888888888888888
"Generated (GRU, with special)",0.6666666666666666
"Generated (GRU, with special)",0.6666666666666666
"Generated (GRU, with special)",0.6666666666666666
"Generated (GRU, with special)",1.0
"Generated (GRU, with special)",0.6
"Generated (GRU, with special)",0.5714285714285714
"Generated (GRU, with special)",0.6666666666666666
"Generated (GRU, with special)",1.0
"Generated (GRU, with special)",0.875
"Generated (GRU, with special)",0.7142857142857143
"Generated (GRU, with special)",0.5
"Generated (GRU, with special)",0.8
"Generated (GRU, with special)",0.6666666666666666
"Generated (GRU, with special)",0.8571428571428571
"Generated (GRU, with special)",0.75
"Generated (GRU, with special)",0.5714285714285714
"Generated (GRU, with special)",0.5
"Generated (GRU, with special)",0.6
"Generated (GRU, with special)",0.6666666666666666
"Generated (GRU, with special)",0.6666666666666666
"Generated (GRU, with special)",0.6666666666666666
"Generated (GRU, with special)",0.625
"Generated (GRU, with special)",0.6
"Generated (GRU, with special)",0.6
"Generated (GRU, with special)",0.5
"Generated (GRU, with special)",0.75
"Generated (GRU, with special)",0.6
"Generated (GRU, with special)",0.6666666666666666
"Generated (GRU, with special)",0.6
"Generated (GRU, with special)",0.6666666666666666
"Generated (GRU, with special)",0.6
"Generated (GRU, with special)",0.8
"Generated (GRU, with special)",0.7142857142857143
"Generated (GRU, with special)",0.7142857142857143
"Generated (GRU, with special)",0.6
"Generated (GRU, with special)",0.7777777777777778
"Generated (GRU, with special)",0.5333333333333333
"Generated (GRU, with special)",1.0
"Generated (GRU, with special)",0.8333333333333334
"Generated (GRU, with special)",0.8
"Generated (GRU, with special)",0.6666666666666666
"Generated (GRU, with special)",0.6666666666666666
"Generated (GRU, with special)",0.5833333333333334
"Generated (GRU, with special)",0.7272727272727273
"Generated (GRU, with special)",0.6666666666666666
"Generated (GRU, with special)",0.6
"Generated (GRU, with special)",0.7142857142857143
"Generated (GRU, with special)",0.6
"Generated (GRU, with special)",0.7142857142857143
"Generated (GRU, with special)",0.6666666666666666
"Generated (GRU, with special)",0.5555555555555556
"Generated (GRU, with special)",0.6
"Generated (GRU, with special)",0.7777777777777778
"Generated (GRU, with special)",0.8333333333333334
"Generated (GRU, with special)",0.6
"Generated (GRU, with special)",0.6
"Generated (GRU, with special)",0.8
"Generated (GRU, with special)",0.625
"Generated (GRU, with special)",0.625
"Generated (GRU, with special)",0.6666666666666666
"Generated (GRU, with special)",0.6153846153846154
"Generated (GRU, with special)",0.8888888888888888
"Generated (GRU, with special)",0.625
"Generated (GRU, with special)",0.6
"Generated (GRU, with special)",0.7142857142857143
"Generated (GRU, with special)",0.6
"Generated (GRU, with special)",0.6
"Generated (GRU, with special)",0.7
"Generated (GRU, with special)",0.6666666666666666
"Generated (GRU, with special)",0.6153846153846154
"Generated (GRU, with special)",0.8
"Generated (GRU, with special)",0.6
"Generated (GRU, with special)",0.8
"Generated (GRU, with special)",0.8
"Generated (GRU, with special)",0.6666666666666666
"Generated (GRU, with special)",0.75
"Generated (GRU, with special)",0.9
"Generated (GRU, with special)",0.8
"Generated (GRU, with special)",0.7777777777777778
"Generated (GRU, with special)",0.625
"Generated (GRU, with special)",0.8
"Generated (GRU, with special)",0.7
"Generated (GRU, with special)",0.6
"Generated (GRU, with special)",0.5555555555555556
"Generated (GRU, with special)",0.8
"Generated (GRU, with special)",0.8
"Generated (GRU, with special)",0.6666666666666666
"Generated (GRU, with special)",0.5555555555555556
"Generated (GRU, with special)",0.6666666666666666
"Generated (GRU, with special)",0.6
"Generated (GRU, with special)",0.8
"Generated (GRU, with special)",0.6
"Generated (GRU, with special)",0.8
"Generated (GRU, with special)",0.6
"Generated (GRU, with special)",0.7142857142857143
"Generated (GRU, with special)",0.7142857142857143
"Generated (GRU, with special)",0.5454545454545454
"Generated (GRU, with special)",0.8
"Generated (GRU, with special)",0.5
"Generated (GRU, with special)",0.6
"Generated (GRU, with special)",0.5555555555555556
"Generated (GRU, with special)",0.6
"Generated (GRU, with special)",0.6
"Generated (GRU, with special)",0.625
"Generated (GRU, with special)",0.6
"Generated (GRU, with special)",0.8
"Generated (GRU, with special)",0.6666666666666666
"Generated (GRU, with special)",0.6
"Generated (GRU, with special)",0.8333333333333334
"Generated (GRU, with special)",0.7272727272727273
"Generated (GRU, with special)",0.6666666666666666
"Generated (GRU, with special)",0.6666666666666666
"Generated (GRU, with special)",0.6
"Generated (GRU, with special)",0.6666666666666666
"Generated (GRU, with special)",0.9
"Generated (GRU, with special)",0.625
"Generated (GRU, with special)",0.6666666666666666
"Generated (GRU, with special)",1.0
"Generated (GRU, with special)",0.6666666666666666
"Generated (GRU, with special)",0.9090909090909091
"Generated (GRU, with special)",0.8333333333333334
"Generated (GRU, with special)",0.6
"Generated (GRU, with special)",0.6
"Generated (GRU, with special)",1.0
"Generated (GRU, with special)",0.5714285714285714
"Generated (GRU, with special)",0.8
"Generated (GRU, with special)",0.8
"Generated (GRU, with special)",0.8333333333333334
"Generated (GRU, with special)",0.8
"Generated (GRU, with special)",1.0
"Generated (GRU, with special)",0.8333333333333334
"Generated (GRU, with special)",0.6666666666666666
"Generated (GRU, with special)",0.6666666666666666
"Generated (GRU, with special)",0.7142857142857143
"Generated (GRU, with special)",0.7
"Generated (GRU, with special)",0.8333333333333334
"Generated (GRU, with special)",0.6
"Generated (GRU, with special)",0.6666666666666666
"Generated (GRU, with special)",1.0
"Generated (GRU, with special)",0.8
"Generated (GRU, with special)",0.6
"Generated (GRU, with special)",0.6153846153846154
"Generated (GRU, with special)",0.625
"Generated (GRU, with special)",0.8
"Generated (GRU, with special)",0.6666666666666666
"Generated (GRU, with special)",0.8
"Generated (GRU, with special)",0.5
"Generated (GRU, with special)",0.6666666666666666
"Generated (GRU, with special)",1.0
"Generated (GRU, with special)",0.5833333333333334
"Generated (GRU, with special)",0.6153846153846154
"Generated (GRU, with special)",0.6666666666666666
"Generated (GRU, with special)",0.6
"Generated (GRU, with special)",0.6
"Generated (GRU, with special)",0.8333333333333334
"Generated (GRU, with special)",0.8333333333333334
"Generated (GRU, with special)",0.7777777777777778
"Generated (GRU, with special)",0.8
"Generated (GRU, with special)",0.5714285714285714
"Generated (GRU, with special)",0.6666666666666666
"Generated (GRU, with special)",0.75
"Generated (GRU, with special)",0.5714285714285714
"Generated (GRU, with special)",0.6666666666666666
"Generated (GRU, with special)",0.625
"Generated (GRU, with special)",0.8333333333333334
"Generated (GRU, with special)",0.6363636363636364
"Generated (GRU, with special)",0.6
"Generated (GRU, with special)",0.6666666666666666
"Generated (GRU, with special)",0.6
"Generated (GRU, with special)",0.6666666666666666
"Generated (GRU, with special)",0.6666666666666666
"Generated (GRU, with special)",0.8333333333333334
"Generated (GRU, with special)",1.0
"Generated (GRU, with special)",0.6666666666666666
"Generated (GRU, with special)",0.6923076923076923
"Generated (GRU, with special)",0.7142857142857143
"Generated (GRU, with special)",0.6666666666666666
"Generated (GRU, with special)",0.75
"Generated (GRU, with special)",0.75
"Generated (GRU, with special)",0.6
"Generated (GRU, with special)",0.6666666666666666
"Generated (GRU, with special)",0.8
"Generated (GRU, with special)",0.5
"Generated (GRU, with special)",0.8
"Generated (GRU, with special)",0.6
"Generated (GRU, with special)",0.6666666666666666
"Generated (GRU, with special)",0.7
"Generated (GRU, with special)",0.8333333333333334
"Generated (GRU, with special)",0.6666666666666666
"Generated (GRU, with special)",0.8
"Generated (GRU, with special)",0.6363636363636364
"Generated (GRU, with special)",0.8
"Generated (GRU, with special)",1.0
"Generated (GRU, with special)",0.6
"Generated (GRU, with special)",0.6666666666666666
"Generated (GRU, with special)",0.7142857142857143
"Generated (GRU, with special)",0.7777777777777778
"Generated (GRU, with special)",0.8333333333333334
"Generated (GRU, with special)",0.625
"Generated (GRU, with special)",0.5714285714285714
"Generated (GRU, with special)",0.6666666666666666
"Generated (GRU, with special)",0.6
"Generated (GRU, with special)",0.5
"Generated (GRU, with special)",0.7142857142857143
"Generated (GRU, with special)",0.6
"Generated (GRU, with special)",0.8333333333333334
"Generated (GRU, with special)",0.6
"Generated (GRU, with special)",1.0
"Generated (GRU, with special)",0.6
"Generated (GRU, with special)",0.6
"Generated (GRU, with special)",0.6666666666666666
"Generated (GRU, with special)",0.9090909090909091
"Generated (GRU, with special)",0.6666666666666666
"Generated (GRU, with special)",0.5
"Generated (GRU, with special)",0.5625
"Generated (GRU, with special)",0.625
"Generated (GRU, with special)",0.8
"Generated (GRU, with special)",0.6666666666666666
"Generated (GRU, with special)",0.9090909090909091
"Generated (GRU, with special)",0.8333333333333334
"Generated (GRU, with special)",0.7058823529411765
"Generated (GRU, with special)",0.6363636363636364
"Generated (GRU, with special)",0.6666666666666666
"Generated (GRU, with special)",0.8333333333333334
"Generated (GRU, with special)",0.6
"Generated (GRU, with special)",0.6666666666666666
"Generated (GRU, with special)",0.8333333333333334
"Generated (GRU, with special)",0.8
"Generated (GRU, with special)",0.8
"Generated (GRU, with special)",0.8
"Generated (GRU, with special)",0.8571428571428571
"Generated (GRU, with special)",0.7647058823529411
"Generated (GRU, with special)",0.8333333333333334
"Generated (GRU, with special)",0.6666666666666666
"Generated (GRU, with special)",0.8
"Generated (GRU, with special)",0.6
"Generated (GRU, with special)",0.6
"Generated (GRU, with special)",0.7142857142857143
"Generated (GRU, with special)",0.875
"Generated (GRU, with special)",0.8571428571428571
"Generated (GRU, with special)",0.6
"Generated (GRU, with special)",0.5
"Generated (GRU, with special)",0.8
"Generated (GRU, with special)",0.6
"Generated (GRU, with special)",0.6666666666666666
"Generated (GRU, with special)",0.5714285714285714
"Generated (GRU, with special)",0.6666666666666666
"Generated (GRU, with special)",0.8
"Generated (GRU, with special)",0.6
"Generated (GRU, with special)",0.6
"Generated (GRU, with special)",0.8888888888888888
"Generated (GRU, with special)",0.6666666666666666
"Generated (GRU, with special)",0.6
"Generated (GRU, with special)",0.8
"Generated (GRU, with special)",0.8
"Generated (GRU, with special)",0.6666666666666666
"Generated (GRU, with special)",0.6
"Generated (GRU, with special)",0.7142857142857143
"Generated (GRU, with special)",0.6666666666666666
"Generated (GRU, with special)",0.6666666666666666
"Generated (GRU, with special)",0.6
"Generated (GRU, with special)",0.7272727272727273
"Generated (GRU, with special)",0.8571428571428571
"Generated (GRU, with special)",0.7857142857142857
"Generated (GRU, with special)",0.7142857142857143
"Generated (GRU, with special)",1.0
"Generated (GRU, with special)",0.8
"Generated (GRU, with special)",0.8
"Generated (GRU, with special)",0.6666666666666666
"Generated (GRU, with special)",0.8
"Generated (GRU, with special)",0.6
"Generated (GRU, with special)",0.6666666666666666
"Generated (GRU, with special)",0.6
"Generated (GRU, with special)",0.7142857142857143
"Generated (GRU, with special)",0.875
"Generated (GRU, with special)",0.6
"Generated (GRU, with special)",0.8
"Generated (GRU, with special)",0.6666666666666666
"Generated (GRU, with special)",0.6
"Generated (GRU, with special)",0.7142857142857143
"Generated (GRU, with special)",0.8333333333333334
"Generated (GRU, with special)",0.95
"Generated (GRU, with special)",0.6666666666666666
"Generated (GRU, with special)",0.6666666666666666
"Generated (GRU, with special)",0.7142857142857143
"Generated (GRU, with special)",0.6
"Generated (GRU, with special)",0.5454545454545454
"Generated (GRU, with special)",0.9444444444444444
"Generated (GRU, with special)",0.8333333333333334
"Generated (GRU, with special)",0.6
"Generated (GRU, with special)",1.0
"Generated (GRU, with special)",0.6
"Generated (GRU, with special)",0.625
"Generated (GRU, with special)",0.5
"Generated (GRU, with special)",0.75
"Generated (GRU, with special)",0.7142857142857143
"Generated (GRU, with special)",0.8
"Generated (GRU, with special)",0.6666666666666666
"Generated (GRU, with special)",0.6666666666666666
"Generated (GRU, with special)",0.6
"Generated (GRU, with special)",0.6
"Generated (GRU, with special)",0.8
"Generated (GRU, with special)",0.6
"Generated (GRU, with special)",0.75
"Generated (GRU, with special)",0.7142857142857143
"Generated (GRU, with special)",0.5714285714285714
"Generated (GRU, with special)",0.5714285714285714
"Generated (GRU, with special)",0.5555555555555556
"Generated (GRU, with special)",0.6666666666666666
"Generated (GRU, with special)",0.8
"Generated (GRU, with special)",0.5789473684210527
"Generated (GRU, with special)",0.6
"Generated (GRU, with special)",1.0
"Generated (GRU, with special)",0.6
"Generated (GRU, with special)",0.6363636363636364
"Generated (GRU, with special)",0.6
"Generated (GRU, with special)",0.6
"Generated (GRU, with special)",0.6
"Generated (GRU, with special)",0.6666666666666666
"Generated (GRU, with special)",1.0
"Generated (GRU, with special)",0.6
"Generated (GRU, with special)",0.5714285714285714
"Generated (GRU, with special)",0.75
"Generated (GRU, with special)",0.4
"Generated (GRU, with special)",0.8
"Generated (GRU, with special)",0.8
"Generated (GRU, with special)",0.6153846153846154
"Generated (GRU, with special)",0.8
"Generated (GRU, with special)",0.625
"Generated (GRU, with special)",0.75
"Generated (GRU, with special)",0.6
"Generated (GRU, with special)",0.6666666666666666
"Generated (GRU, with special)",0.6666666666666666
"Generated (GRU, with special)",0.6666666666666666
"Generated (GRU, with special)",0.75
"Generated (GRU, with special)",0.8
"Generated (GRU, with special)",0.6
"Generated (GRU, with special)",0.6666666666666666
"Generated (GRU, with special)",0.6666666666666666
"Generated (GRU, with special)",0.6923076923076923
"Generated (GRU, with special)",0.6666666666666666
"Generated (GRU, with special)",0.5714285714285714
"Generated (GRU, with special)",0.8571428571428571
"Generated (GRU, with special)",0.6
"Generated (GRU, with special)",0.8333333333333334
"Generated (GRU, with special)",1.0
"Generated (GRU, with special)",0.6666666666666666
"Generated (GRU, with special)",0.6
"Generated (GRU, with special)",0.6666666666666666
"Generated (GRU, with special)",0.5714285714285714
"Generated (GRU, with special)",0.6875
"Generated (GRU, with special)",0.6
"Generated (GRU, with special)",0.8846153846153846
"Generated (GRU, with special)",0.6666666666666666
"Generated (GRU, with special)",0.625
"Generated (GRU, with special)",0.8333333333333334
"Generated (GRU, with special)",0.6666666666666666
"Generated (GRU, with special)",0.7777777777777778
"Generated (GRU, with special)",0.6
"Generated (GRU, with special)",0.7777777777777778
"Generated (GRU, with special)",0.6666666666666666
"Generated (GRU, with special)",0.6666666666666666
"Generated (GRU, with special)",0.8
"Generated (GRU, with special)",0.625
"Generated (GRU, with special)",1.0
"Generated (GRU, with special)",0.6666666666666666
"Generated (GRU, with special)",0.9047619047619048
"Generated (GRU, with special)",0.7692307692307693
"Generated (GRU, with special)",0.7
"Generated (GRU, with special)",0.6
"Generated (GRU, with special)",1.0
"Generated (GRU, with special)",0.6666666666666666
"Generated (GRU, with special)",0.5
"Generated (GRU, with special)",0.7142857142857143
"Generated (GRU, with special)",0.6
"Generated (GRU, with special)",0.6
"Generated (GRU, with special)",0.7142857142857143
"Generated (GRU, with special)",0.6666666666666666
"Generated (GRU, with special)",0.5
"Generated (GRU, with special)",0.8571428571428571
"Generated (GRU, with special)",0.4375
"Generated (GRU, with special)",0.7272727272727273
"Generated (GRU, with special)",0.8
"Generated (GRU, with special)",0.8571428571428571
"Generated (GRU, with special)",0.8
"Generated (GRU, with special)",0.8571428571428571
"Generated (GRU, with special)",0.5
"Generated (GRU, with special)",0.5555555555555556
"Generated (GRU, with special)",0.625
"Generated (GRU, with special)",0.6
"Generated (GRU, with special)",0.6
"Generated (GRU, with special)",0.6666666666666666
"Generated (GRU, with special)",0.6666666666666666
"Generated (GRU, with special)",0.5714285714285714
"Generated (GRU, with special)",0.6666666666666666
"Generated (GRU, with special)",0.6
"Generated (GRU, with special)",0.8333333333333334
"Generated (GRU, with special)",0.8
"Generated (GRU, with special)",0.5
"Generated (GRU, with special)",0.8
"Generated (GRU, with special)",0.6923076923076923
"Generated (GRU, with special)",0.8333333333333334
"Generated (GRU, with special)",0.8
"Generated (GRU, with special)",1.0
"Generated (GRU, with special)",0.6
"Generated (GRU, with special)",0.6923076923076923
"Generated (GRU, with special)",0.5333333333333333
"Generated (GRU, with special)",0.6666666666666666
"Generated (GRU, with special)",0.6153846153846154
"Generated (GRU, with special)",0.7777777777777778
"Generated (GRU, with special)",0.5714285714285714
"Generated (GRU, with special)",0.8333333333333334
"Generated (GRU, with special)",0.6
"Generated (GRU, with special)",0.7142857142857143
"Generated (GRU, with special)",0.8
"Generated (GRU, with special)",0.5833333333333334
"Generated (GRU, with special)",0.5
"Generated (GRU, with special)",0.5714285714285714
"Generated (GRU, with special)",0.6153846153846154
"Generated (GRU, with special)",0.625
"Generated (GRU, with special)",0.6666666666666666
"Generated (GRU, with special)",0.8
"Generated (GRU, with special)",0.6923076923076923
"Generated (GRU, with special)",0.8571428571428571
"Generated (GRU, with special)",0.8
"Generated (GRU, with special)",0.7142857142857143
"Generated (GRU, with special)",0.6666666666666666
"Generated (GRU, with special)",0.6
"Generated (GRU, with special)",1.0
"Generated (GRU, with special)",0.6666666666666666
"Generated (GRU, with special)",0.6666666666666666
"Generated (GRU, with special)",0.5714285714285714
"Generated (GRU, with special)",0.8333333333333334
"Generated (GRU, with special)",0.6
"Generated (GRU, with special)",0.6666666666666666
"Generated (GRU, with special)",0.8
"Generated (GRU, with special)",0.8333333333333334
"Generated (GRU, with special)",0.6
"Generated (GRU, with special)",0.8571428571428571
"Generated (GRU, with special)",0.6666666666666666
"Generated (GRU, with special)",0.8
"Generated (GRU, with special)",0.6666666666666666
"Generated (GRU, with special)",0.6666666666666666
"Generated (GRU, with special)",0.8
"Generated (GRU, with special)",0.375
"Generated (GRU, with special)",0.625
"Generated (GRU, with special)",0.8
"Generated (GRU, with special)",0.8571428571428571
"Generated (GRU, with special)",0.8
"Generated (GRU, with special)",0.6666666666666666
"Generated (GRU, with special)",0.6666666666666666
"Generated (GRU, with special)",0.8
"Generated (GRU, with special)",0.5454545454545454
"Generated (GRU, with special)",0.7
"Generated (GRU, with special)",0.7
"Generated (GRU, with special)",0.5
"Generated (GRU, with special)",0.6153846153846154
"Generated (GRU, with special)",0.6666666666666666
"Generated (GRU, with special)",0.7
"Generated (GRU, with special)",0.6666666666666666
"Generated (GRU, with special)",0.5
"Generated (GRU, with special)",0.8
"Generated (GRU, with special)",0.6666666666666666
"Generated (GRU, with special)",0.625
"Generated (GRU, with special)",0.5555555555555556
"Generated (GRU, with special)",0.8333333333333334
"Generated (GRU, with special)",0.6666666666666666
"Generated (GRU, with special)",0.6
"Generated (GRU, with special)",0.7
"Generated (GRU, with special)",0.8333333333333334
"Generated (GRU, with special)",0.6666666666666666
"Generated (GRU, with special)",0.6
"Generated (GRU, with special)",1.0
"Generated (GRU, with special)",0.8571428571428571
"Generated (GRU, with special)",0.8
"Generated (GRU, with special)",0.6
"Generated (GRU, with special)",0.6
"Generated (GRU, with special)",0.5714285714285714
"Generated (GRU, with special)",0.6666666666666666
"Generated (GRU, with special)",0.6
"Generated (GRU, with special)",1.0
"Generated (GRU, with special)",0.6666666666666666
"Generated (GRU, with special)",0.6666666666666666
"Generated (GRU, with special)",0.6666666666666666
"Generated (GRU, with special)",1.0
"Generated (GRU, with special)",0.7142857142857143
"Generated (GRU, with special)",0.7333333333333333
"Generated (GRU, with special)",0.6666666666666666
"Generated (GRU, with special)",0.625
"Generated (GRU, with special)",0.6666666666666666
"Generated (GRU, with special)",0.8571428571428571
"Generated (GRU, with special)",0.8571428571428571
"Generated (GRU, with special)",0.7894736842105263
"Generated (GRU, with special)",0.7142857142857143
"Generated (GRU, with special)",0.5
"Generated (GRU, with special)",0.5
"Generated (GRU, with special)",0.5454545454545454
"Generated (GRU, with special)",0.6666666666666666
"Generated (GRU, with special)",0.7142857142857143
"Generated (GRU, with special)",0.875
"Generated (GRU, with special)",0.5333333333333333
"Generated (GRU, with special)",0.8
"Generated (GRU, with special)",0.6666666666666666
"Generated (GRU, with special)",0.8333333333333334
"Generated (GRU, with special)",0.75
"Generated (GRU, with special)",0.6923076923076923
"Generated (GRU, with special)",0.8
"Generated (GRU, with special)",0.6666666666666666
"Generated (GRU, with special)",0.6666666666666666
"Generated (GRU, with special)",0.6
"Generated (GRU, with special)",0.5555555555555556
"Generated (GRU, with special)",1.0
"Generated (GRU, with special)",0.6666666666666666
"Generated (GRU, with special)",0.7142857142857143
"Generated (GRU, with special)",0.6666666666666666
"Generated (GRU, with special)",0.8
"Generated (GRU, with special)",0.5714285714285714
"Generated (GRU, with special)",0.6666666666666666
"Generated (GRU, with special)",0.6666666666666666
"Generated (GRU, with special)",0.6666666666666666
"Generated (GRU, with special)",0.75
"Generated (GRU, with special)",0.6363636363636364
"Generated (GRU, with special)",0.5714285714285714
"Generated (GRU, with special)",0.6
"Generated (GRU, with special)",0.8571428571428571
"Generated (GRU, with special)",0.875
"Generated (GRU, with special)",0.75
"Generated (GRU, with special)",0.6
"Generated (GRU, with special)",0.6666666666666666
"Generated (GRU, with special)",0.8
"Generated (GRU, with special)",0.5714285714285714
"Generated (GRU, with special)",0.5714285714285714
"Generated (GRU, with special)",0.8
"Generated (GRU, with special)",0.8
"Generated (GRU, with special)",0.8
"Generated (GRU, with special)",0.6666666666666666
"Generated (GRU, with special)",0.6666666666666666
"Generated (GRU, with special)",0.6
"Generated (GRU, with special)",0.6
"Generated (GRU, with special)",0.5833333333333334
"Generated (GRU, with special)",0.8571428571428571
"Generated (GRU, with special)",0.6666666666666666
"Generated (GRU, with special)",0.6666666666666666
"Generated (GRU, with special)",0.6666666666666666
"Generated (GRU, with special)",0.8333333333333334
"Generated (GRU, with special)",0.6
"Generated (GRU, with special)",0.6666666666666666
"Generated (GRU, with special)",1.0
"Generated (GRU, with special)",0.6
"Generated (GRU, with special)",0.625
"Generated (GRU, with special)",0.6428571428571429
"Generated (GRU, with special)",0.8
"Generated (GRU, with special)",0.6666666666666666
"Generated (GRU, with special)",0.6666666666666666
"Generated (GRU, with special)",0.6666666666666666
"Generated (GRU, with special)",0.8333333333333334
"Generated (GRU, with special)",0.6
"Generated (GRU, with special)",0.8
"Generated (GRU, with special)",0.5
"Generated (GRU, with special)",0.5
"Generated (GRU, with special)",0.6
"Generated (GRU, with special)",0.7142857142857143
"Generated (GRU, with special)",0.6666666666666666
"Generated (GRU, with special)",0.8571428571428571
"Generated (GRU, with special)",0.6666666666666666
"Generated (GRU, with special)",0.5
"Generated (GRU, with special)",0.6666666666666666
"Generated (GRU, with special)",0.4444444444444444
"Generated (GRU, with special)",0.8
"Generated (GRU, with special)",0.6666666666666666
"Generated (GRU, with special)",0.6
"Generated (GRU, with special)",0.6666666666666666
"Generated (GRU, with special)",0.6
"Generated (GRU, with special)",0.6
"Generated (GRU, with special)",0.6666666666666666
"Generated (GRU, with special)",1.0
"Generated (GRU, with special)",0.5
"Generated (GRU, with special)",0.7142857142857143
"Generated (GRU, with special)",0.8
"Generated (GRU, with special)",0.8
"Generated (GRU, with special)",0.8
"Generated (GRU, with special)",0.8
"Generated (GRU, with special)",1.0
"Generated (GRU, with special)",0.5
"Generated (GRU, with special)",0.6
"Generated (GRU, with special)",0.6
"Generated (GRU, with special)",0.6666666666666666
"Generated (GRU, with special)",0.8
"Generated (GRU, with special)",0.6666666666666666
"Generated (GRU, with special)",0.5384615384615384
"Generated (GRU, with special)",0.75
"Generated (GRU, with special)",0.75
"Generated (GRU, with special)",1.0
"Generated (GRU, with special)",0.5
"Generated (GRU, with special)",0.625
"Generated (GRU, with special)",0.6153846153846154
"Generated (GRU, with special)",0.6666666666666666
"Generated (GRU, with special)",0.5
"Generated (GRU, with special)",0.6
"Generated (GRU, with special)",0.8
"Generated (GRU, with special)",0.6666666666666666
"Generated (GRU, with special)",0.625
"Generated (GRU, with special)",0.6
"Generated (GRU, with special)",0.625
"Generated (GRU, with special)",0.6
"Generated (GRU, with special)",1.0
"Generated (GRU, with special)",1.0
"Generated (GRU, with special)",0.6
"Generated (GRU, with special)",0.8
"Generated (GRU, with special)",0.9
"Generated (GRU, with special)",0.8333333333333334
"Generated (GRU, with special)",0.875
"Generated (GRU, with special)",0.5555555555555556
"Generated (GRU, with special)",0.6
"Generated (GRU, with special)",0.8
"Generated (GRU, with special)",0.5555555555555556
"Generated (GRU, with special)",0.5714285714285714
"Generated (GRU, with special)",0.8333333333333334
"Generated (GRU, with special)",0.6
"Generated (GRU, with special)",0.5555555555555556
"Generated (GRU, with special)",0.6
"Generated (GRU, with special)",0.6666666666666666
"Generated (GRU, with special)",0.8333333333333334
"Generated (GRU, with special)",0.6666666666666666
"Generated (GRU, with special)",0.8333333333333334
"Generated (GRU, with special)",0.75
"Generated (GRU, with special)",1.0
"Generated (GRU, with special)",0.6
"Generated (GRU, with special)",1.0
"Generated (GRU, with special)",0.6363636363636364
"Generated (GRU, with special)",0.8
"Generated (GRU, with special)",0.6666666666666666
"Generated (GRU, with special)",0.8
"Generated (GRU, with special)",0.6
"Generated (GRU, with special)",0.6666666666666666
"Generated (GRU, with special)",0.8571428571428571
"Generated (GRU, with special)",0.5
"Generated (GRU, with special)",0.6
"Generated (GRU, with special)",0.9090909090909091
"Generated (GRU, with special)",0.8
"Generated (GRU, with special)",0.625
"Generated (GRU, with special)",0.6666666666666666
"Generated (GRU, with special)",0.8
"Generated (GRU, with special)",0.75
"Generated (GRU, with special)",1.0
"Generated (GRU, with special)",0.8571428571428571
"Generated (GRU, with special)",0.8
"Generated (GRU, with special)",0.7142857142857143
"Generated (GRU, with special)",0.7
"Generated (GRU, with special)",0.6666666666666666
"Generated (GRU, with special)",0.75
"Generated (GRU, with special)",0.9
"Generated (GRU, with special)",0.6666666666666666
"Generated (GRU, with special)",0.8333333333333334
"Generated (GRU, with special)",0.5
"Generated (GRU, with special)",0.8
"Generated (GRU, with special)",0.6
"Generated (GRU, with special)",0.6666666666666666
"Generated (GRU, with special)",0.6666666666666666
"Generated (GRU, with special)",0.6666666666666666
"Generated (GRU, with special)",0.7142857142857143
"Generated (GRU, with special)",0.8
"Generated (GRU, with special)",1.0
"Generated (GRU, with special)",0.8
"Generated (GRU, with special)",0.8333333333333334
"Generated (GRU, with special)",0.7777777777777778
"Generated (GRU, with special)",0.6666666666666666
"Generated (GRU, with special)",0.8
"Generated (GRU, with special)",0.5
"Generated (GRU, with special)",0.5555555555555556
"Generated (GRU, with special)",0.8333333333333334
"Generated (GRU, with special)",0.6
"Generated (GRU, with special)",0.8
"Generated (GRU, with special)",0.8333333333333334
"Generated (GRU, with special)",0.8
"Generated (GRU, with special)",0.6666666666666666
"Generated (GRU, with special)",0.7
"Generated (GRU, with special)",0.6
"Generated (GRU, with special)",0.6
"Generated (GRU, with special)",0.7
"Generated (GRU, with special)",0.7142857142857143
"Generated (GRU, with special)",0.8
"Generated (GRU, with special)",0.6
"Generated (GRU, with special)",0.6666666666666666
"Generated (GRU, with special)",0.7142857142857143
"Generated (GRU, with special)",0.5714285714285714
"Generated (GRU, with special)",0.875
"Generated (GRU, with special)",0.6
"Generated (GRU, with special)",0.8
"Generated (GRU, with special)",0.6
"Generated (GRU, with special)",0.7272727272727273
"Generated (GRU, with special)",0.6666666666666666
"Generated (GRU, with special)",0.5
"Generated (GRU, with special)",0.5
"Generated (GRU, with special)",0.8333333333333334
"Generated (GRU, with special)",0.8
"Generated (GRU, with special)",0.7142857142857143
"Generated (GRU, with special)",0.5454545454545454
"Generated (GRU, with special)",0.8
"Generated (GRU, with special)",0.6666666666666666
"Generated (GRU, with special)",0.6
"Generated (GRU, with special)",0.6
"Generated (GRU, with special)",0.8
"Generated (GRU, with special)",0.6666666666666666
"Generated (GRU, with special)",1.0
"Generated (GRU, with special)",0.8
"Generated (GRU, with special)",0.7777777777777778
"Generated (GRU, with special)",0.6
"Generated (GRU, with special)",0.8571428571428571
"Generated (GRU, with special)",0.6
"Generated (GRU, with special)",0.6666666666666666
"Generated (GRU, with special)",0.625
"Generated (GRU, with special)",0.5
"Generated (GRU, with special)",0.8333333333333334
"Generated (GRU, with special)",0.65
"Generated (GRU, with special)",0.7142857142857143
"Generated (GRU, with special)",0.8571428571428571
"Generated (GRU, with special)",0.7142857142857143
"Generated (GRU, with special)",0.75
"Generated (GRU, with special)",0.6666666666666666
"Generated (GRU, with special)",0.6
"Generated (GRU, with special)",0.8
"Generated (GRU, with special)",0.8
"Generated (GRU, with special)",0.7142857142857143
"Generated (GRU, with special)",0.8
"Generated (GRU, with special)",0.6666666666666666
"Generated (GRU, with special)",0.8333333333333334
"Generated (GRU, with special)",0.6666666666666666
"Generated (GRU, with special)",0.6
"Generated (GRU, with special)",0.6666666666666666
"Generated (GRU, with special)",0.5714285714285714
"Generated (GRU, with special)",0.6
"Generated (GRU, with special)",0.6666666666666666
"Generated (GRU, with special)",0.5
"Generated (GRU, with special)",0.8
"Generated (GRU, with special)",0.6
"Generated (GRU, with special)",0.6666666666666666
"Generated (GRU, with special)",0.5833333333333334
"Generated (GRU, with special)",0.75
"Generated (GRU, with special)",0.6
"Generated (GRU, with special)",0.625
"Generated (GRU, with special)",0.6666666666666666
"Generated (GRU, with special)",0.6
"Generated (GRU, with special)",0.625
"Generated (GRU, with special)",0.8
"Generated (GRU, with special)",0.7
"Generated (GRU, with special)",0.75
"Generated (GRU, with special)",0.5
"Generated (GRU, with special)",0.8571428571428571
"Generated (GRU, with special)",0.5714285714285714
"Generated (GRU, with special)",0.6
"Generated (GRU, with special)",0.5714285714285714
"Generated (GRU, with special)",0.6
"Generated (GRU, with special)",0.7142857142857143
"Generated (GRU, with special)",0.5294117647058824
"Generated (GRU, with special)",0.6
"Generated (GRU, with special)",0.6153846153846154
"Generated (GRU, with special)",0.6666666666666666
"Generated (GRU, with special)",0.6153846153846154
"Generated (GRU, with special)",0.8
"Generated (GRU, with special)",0.4666666666666667
"Generated (GRU, with special)",0.8
"Generated (GRU, with special)",0.7142857142857143
"Generated (GRU, with special)",0.8333333333333334
"Generated (GRU, with special)",1.0
"Generated (GRU, with special)",0.625
"Generated (GRU, with special)",0.5454545454545454
"Generated (GRU, with special)",0.6666666666666666
"Generated (GRU, with special)",0.6
"Generated (GRU, with special)",0.8333333333333334
"Generated (GRU, with special)",0.6666666666666666
"Generated (GRU, with special)",0.625
"Generated (GRU, with special)",0.6
"Generated (GRU, with special)",0.5
"Generated (GRU, with special)",0.7142857142857143
"Generated (GRU, with special)",0.5714285714285714
"Generated (GRU, with special)",0.8571428571428571
"Generated (GRU, with special)",0.6666666666666666
"Generated (GRU, with special)",0.6
"Generated (GRU, with special)",0.625
"Generated (GRU, with special)",0.6666666666666666
"Generated (GRU, with special)",0.8
"Generated (GRU, with special)",0.8
"Generated (GRU, with special)",0.75
"Generated (GRU, with special)",0.6666666666666666
"Generated (GRU, with special)",1.0
"Generated (GRU, with special)",0.5714285714285714
"Generated (GRU, with special)",0.8
"Generated (GRU, with special)",0.75
"Generated (GRU, with special)",0.9090909090909091
"Generated (GRU, with special)",0.8
"Generated (GRU, with special)",0.6
"Generated (GRU, with special)",0.8
"Generated (GRU, with special)",0.5714285714285714
"Generated (GRU, with special)",1.0
"Generated (GRU, with special)",0.625
"Generated (GRU, with special)",0.6
"Generated (GRU, with special)",0.8333333333333334
"Generated (GRU, with special)",0.7142857142857143
"Generated (GRU, with special)",0.5
"Generated (GRU, with special)",0.625
"Generated (GRU, with special)",1.0
"Generated (GRU, with special)",0.6
"Generated (GRU, with special)",0.5714285714285714
"Generated (GRU, with special)",0.7777777777777778
"Generated (GRU, with special)",0.8571428571428571
"Generated (GRU, with special)",0.7727272727272727
"Generated (GRU, with special)",0.5
"Generated (GRU, with special)",0.6666666666666666
"Generated (GRU, with special)",0.6666666666666666
"Generated (GRU, with special)",0.8571428571428571
"Generated (GRU, with special)",0.7142857142857143
"Generated (GRU, with special)",0.8
"Generated (GRU, with special)",0.875
"Generated (GRU, with special)",1.0
"Generated (GRU, with special)",0.8333333333333334
"Generated (GRU, with special)",1.0
"Generated (GRU, with special)",0.6
"Generated (GRU, with special)",0.6
"Generated (GRU, with special)",0.6666666666666666
"Generated (GRU, with special)",0.5
"Generated (GRU, with special)",0.6
"Generated (GRU, with special)",0.8333333333333334
"Generated (GRU, with special)",0.6666666666666666
"Generated (GRU, with special)",1.0
"Generated (GRU, with special)",0.625
"Generated (GRU, with special)",0.6
"Generated (GRU, with special)",0.5
"Generated (GRU, with special)",0.6
"Generated (GRU, with special)",0.6
"Generated (GRU, with special)",0.8
"Generated (GRU, with special)",0.8333333333333334
"Generated (GRU, with special)",0.9333333333333333
"Generated (GRU, with special)",0.6666666666666666
"Generated (GRU, with special)",0.8
"Generated (GRU, with special)",0.6
"Generated (GRU, with special)",0.6923076923076923
"Generated (GRU, with special)",0.6363636363636364
"Generated (GRU, with special)",0.8
"Generated (GRU, with special)",0.8
"Generated (GRU, with special)",0.7142857142857143
"Generated (GRU, with special)",0.6
"Generated (GRU, with special)",0.6363636363636364
"Generated (GRU, with special)",0.8
"Generated (GRU, with special)",0.5
"Generated (GRU, with special)",0.6666666666666666
"Generated (GRU, with special)",0.8
"Generated (GRU, with special)",0.6
"Generated (GRU, with special)",0.625
"Generated (GRU, with special)",0.8
"Generated (GRU, with special)",0.8333333333333334
"Generated (GRU, with special)",0.8
"Generated (GRU, with special)",0.7142857142857143
"Generated (GRU, with special)",0.5555555555555556
"Generated (GRU, with special)",0.625
"Generated (GRU, with special)",0.6
"Generated (GRU, with special)",0.6666666666666666
"Generated (GRU, with special)",0.8333333333333334
"Generated (GRU, with special)",0.6666666666666666
"Generated (GRU, with special)",0.7777777777777778
"Generated (GRU, with special)",0.8
"Generated (GRU, with special)",0.7142857142857143
"Generated (GRU, with special)",0.8333333333333334
"Generated (GRU, with special)",0.7
"Generated (GRU, with special)",0.5
"Generated (GRU, with special)",0.5
"Generated (GRU, with special)",0.8
"Generated (GRU, with special)",0.6666666666666666
"Generated (GRU, with special)",0.75
"Generated (GRU, with special)",0.6666666666666666
"Generated (GRU, with special)",0.6666666666666666
"Generated (GRU, with special)",0.7777777777777778
"Generated (GRU, with special)",0.5555555555555556
"Generated (GRU, with special)",0.6923076923076923
"Generated (GRU, with special)",0.8333333333333334
"Generated (GRU, with special)",0.6666666666666666
"Generated (GRU, with special)",0.7
"Generated (GRU, with special)",0.6666666666666666
"Generated (GRU, with special)",0.6666666666666666
"Generated (GRU, with special)",0.6
"Generated (GRU, with special)",0.6
"Generated (GRU, with special)",0.5555555555555556
"Generated (GRU, with special)",0.6666666666666666
"Generated (GRU, with special)",0.8888888888888888
"Generated (GRU, with special)",0.6666666666666666
"Generated (GRU, with special)",0.8
"Generated (GRU, with special)",0.875
"Generated (GRU, with special)",0.5
"Generated (GRU, with special)",0.6
"Generated (GRU, with special)",0.8
"Generated (GRU, with special)",0.8
"Generated (GRU, with special)",0.6
"Generated (GRU, with special)",0.6
"Generated (GRU, with special)",0.6
"Generated (GRU, with special)",0.8
"Generated (GRU, with special)",0.6363636363636364
"Generated (GRU, with special)",0.7142857142857143
"Generated (GRU, with special)",0.5
"Generated (GRU, with special)",0.6153846153846154
"Generated (GRU, with special)",0.75
"Generated (GRU, with special)",0.6
"Generated (GRU, with special)",0.6
"Generated (GRU, with special)",0.8
"Generated (GRU, with special)",0.875
"Generated (GRU, with special)",1.0
"Generated (GRU, with special)",0.8
"Generated (GRU, with special)",0.8
"Generated (GRU, with special)",0.6666666666666666
"Generated (GRU, with special)",0.8
"Generated (GRU, with special)",1.0
"Generated (GRU, with special)",0.8
"Generated (GRU, with special)",0.6
"Generated (GRU, with special)",0.6666666666666666
"Generated (GRU, with special)",0.7777777777777778
"Generated (GRU, with special)",0.8571428571428571
"Generated (GRU, with special)",0.5454545454545454
"Generated (GRU, with special)",0.8
"Generated (GRU, with special)",0.8
"Generated (GRU, with special)",0.6
"Generated (GRU, with special)",0.6
"Generated (GRU, with special)",0.8
"Generated (GRU, with special)",0.8
"Generated (GRU, with special)",0.8
"Generated (GRU, with special)",0.6
"Generated (GRU, with special)",0.8
"Generated (GRU, with special)",0.8333333333333334
"Generated (GRU, with special)",0.6666666666666666
"Generated (GRU, with special)",0.7142857142857143
"Generated (GRU, with special)",0.6666666666666666
"Generated (GRU, with special)",0.7142857142857143
"Generated (GRU, with special)",0.5
"Generated (GRU, with special)",0.7
"Generated (GRU, with special)",0.8
"Generated (GRU, with special)",0.6
"Generated (GRU, with special)",0.6666666666666666
"Generated (GRU, with special)",0.6666666666666666
"Generated (GRU, with special)",0.6
"Generated (GRU, with special)",0.6
"Generated (GRU, with special)",0.6666666666666666
"Generated (GRU, with special)",0.7142857142857143
"Generated (GRU, with special)",0.8
"Generated (GRU, with special)",0.6666666666666666
"Generated (GRU, with special)",0.625
"Generated (GRU, with special)",0.5
"Generated (GRU, with special)",0.5454545454545454
"Generated (GRU, with special)",0.8333333333333334
"Generated (GRU, with special)",0.7692307692307693
"Generated (GRU, with special)",0.6666666666666666
"Generated (GRU, with special)",0.8333333333333334
"Generated (GRU, with special)",0.8333333333333334
"Generated (GRU, with special)",0.6
"Generated (GRU, with special)",0.8333333333333334
"Generated (GRU, with special)",0.6666666666666666
"Generated (GRU, with special)",0.7777777777777778
"Generated (GRU, with special)",0.6
"Generated (GRU, with special)",0.6
"Generated (GRU, with special)",0.8
"Generated (GRU, with special)",0.6666666666666666
"Generated (GRU, with special)",0.6
"Generated (GRU, with special)",0.6666666666666666
"Generated (GRU, with special)",0.8333333333333334
"Generated (GRU, with special)",0.6666666666666666
"Generated (GRU, with special)",0.6666666666666666
"Generated (GRU, with special)",1.0
"Generated (GRU, with special)",0.6923076923076923
"Generated (GRU, with special)",0.6666666666666666
"Generated (GRU, with special)",0.8
"Generated (GRU, with special)",0.625
"Generated (GRU, with special)",0.8
"Generated (GRU, with special)",0.5833333333333334
"Generated (GRU, with special)",0.6
"Generated (GRU, with special)",0.6
"Generated (GRU, with special)",0.6666666666666666
"Generated (GRU, with special)",0.7368421052631579
"Generated (GRU, with special)",0.8
"Generated (GRU, with special)",0.9166666666666666
"Generated (GRU, with special)",0.6666666666666666
"Generated (GRU, with special)",0.6666666666666666
"Generated (GRU, with special)",0.7142857142857143
"Generated (GRU, with special)",0.7142857142857143
"Generated (GRU, with special)",0.6
"Generated (GRU, with special)",1.0
"Generated (GRU, with special)",0.6
"Generated (GRU, with special)",0.8
"Generated (GRU, with special)",0.6666666666666666
"Generated (GRU, with special)",0.7692307692307693
"Generated (GRU, with special)",0.6
"Generated (GRU, with special)",0.625
"Generated (GRU, with special)",0.8
"Generated (GRU, with special)",0.6
"Generated (GRU, with special)",0.8571428571428571
"Generated (GRU, with special)",1.0
"Generated (GRU, with special)",1.0
"Generated (GRU, with special)",1.0
"Generated (GRU, with special)",0.6
"Generated (GRU, with special)",0.8
"Generated (GRU, with special)",0.6
"Generated (GRU, with special)",0.6
"Generated (GRU, with special)",0.8
"Generated (GRU, with special)",0.7
"Generated (GRU, with special)",0.6666666666666666
"Generated (GRU, with special)",0.5454545454545454
"Generated (GRU, with special)",0.8888888888888888
"Generated (GRU, with special)",0.6666666666666666
"Generated (GRU, with special)",0.5714285714285714
"Generated (GRU, with special)",0.6
"Generated (GRU, with special)",0.6666666666666666
"Generated (GRU, with special)",0.8
"Generated (GRU, with special)",0.8
"Generated (GRU, with special)",0.6666666666666666
"Generated (GRU, with special)",0.5
"Generated (GRU, with special)",0.5714285714285714
"Generated (GRU, with special)",0.6
"Generated (GRU, with special)",0.7142857142857143
"Generated (GRU, with special)",0.6666666666666666
"Generated (GRU, with special)",0.8333333333333334
"Generated (GRU, with special)",0.7142857142857143
"Generated (GRU, with special)",0.75
"Generated (GRU, with special)",0.8333333333333334
"Generated (GRU, with special)",0.6
"Generated (GRU, with special)",0.5714285714285714
"Generated (GRU, with special)",0.5
"Generated (GRU, with special)",0.8
"Generated (GRU, with special)",0.625
"Generated (GRU, with special)",0.5
"Generated (GRU, with special)",0.8
"Generated (GRU, with special)",0.6666666666666666
"Generated (GRU, with special)",1.0
"Generated (GRU, with special)",0.6666666666666666
"Generated (GRU, with special)",0.7142857142857143
"Generated (GRU, with special)",0.6666666666666666
"Generated (GRU, with special)",0.6
"Generated (GRU, with special)",0.6
"Generated (GRU, with special)",0.6666666666666666
"Generated (GRU, with special)",0.6666666666666666
"Generated (GRU, with special)",0.6666666666666666
"Generated (GRU, with special)",0.6666666666666666
"Generated (GRU, with special)",0.6666666666666666
"Generated (GRU, with special)",0.8
"Generated (GRU, with special)",0.6363636363636364
"Generated (GRU, with special)",0.625
"Generated (GRU, with special)",0.5555555555555556
"Generated (GRU, with special)",0.625
"Generated (GRU, with special)",0.6
"Generated (GRU, with special)",0.6
"Generated (GRU, with special)",1.0
"Generated (GRU, with special)",0.8888888888888888
"Generated (GRU, with special)",0.7142857142857143
"Generated (GRU, with special)",0.6
"Generated (GRU, with special)",0.7142857142857143
"Generated (GRU, with special)",0.6666666666666666
"Generated (GRU, with special)",0.6666666666666666
"Generated (GRU, with special)",0.7142857142857143
"Generated (GRU, with special)",0.8
"Generated (GRU, with special)",0.8571428571428571
"Generated (GRU, with special)",0.8333333333333334
"Generated (GRU, with special)",0.6666666666666666
"Generated (GRU, with special)",0.6363636363636364
"Generated (GRU, with special)",0.6
"Generated (GRU, with special)",1.0
"Generated (GRU, with special)",0.5
"Generated (GRU, with special)",0.7272727272727273
"Generated (GRU, with special)",0.6666666666666666
"Generated (GRU, with special)",0.46153846153846156
"Generated (GRU, with special)",0.8
"Generated (GRU, with special)",0.42857142857142855
"Generated (GRU, with special)",0.75
"Generated (GRU, with special)",0.6666666666666666
"Generated (GRU, with special)",0.6666666666666666
"Generated (GRU, with special)",0.5
"Generated (GRU, with special)",0.6
"Generated (GRU, with special)",0.6666666666666666
"Generated (GRU, with special)",0.8
"Generated (GRU, with special)",0.6666666666666666
"Generated (GRU, with special)",0.8571428571428571
"Generated (GRU, with special)",0.6
"Generated (GRU, with special)",0.6666666666666666
"Generated (GRU, with special)",0.6666666666666666
"Generated (GRU, with special)",0.6666666666666666
"Generated (GRU, with special)",0.7777777777777778
"Generated (GRU, with special)",0.6666666666666666
"Generated (GRU, with special)",0.9166666666666666
"Generated (GRU, with special)",0.6666666666666666
"Generated (GRU, with special)",0.6666666666666666
"Generated (GRU, with special)",1.0
"Generated (GRU, with special)",0.6666666666666666
"Generated (GRU, with special)",0.6
"Generated (GRU, with special)",1.0
"Generated (GRU, with special)",0.6
"Generated (GRU, with special)",0.8
"Generated (GRU, with special)",0.6
"Generated (GRU, with special)",0.5
"Generated (GRU, with special)",0.8
"Generated (GRU, with special)",1.0
"Generated (GRU, with special)",0.6666666666666666
"Generated (GRU, with special)",0.625
"Generated (GRU, with special)",0.6
"Generated (GRU, with special)",0.6
"Generated (GRU, with special)",0.4444444444444444
"Generated (GRU, with special)",0.6666666666666666
"Generated (GRU, with special)",0.6666666666666666
"Generated (GRU, with special)",1.0
"Generated (GRU, with special)",0.6
"Generated (GRU, with special)",0.8571428571428571
"Generated (GRU, with special)",0.6666666666666666
"Generated (GRU, with special)",0.6
"Generated (GRU, with special)",0.5
"Generated (GRU, with special)",0.8421052631578947
"Generated (GRU, with special)",0.6666666666666666
"Generated (GRU, with special)",0.75
"Generated (GRU, with special)",0.6666666666666666
"Generated (GRU, with special)",0.8
"Generated (GRU, with special)",0.8
"Generated (GRU, with special)",0.6
"Generated (GRU, with special)",0.6
"Generated (GRU, with special)",0.8
"Generated (GRU, with special)",0.8
"Generated (GRU, with special)",0.6666666666666666
"Generated (GRU, with special)",0.8
"Generated (GRU, with special)",0.8333333333333334
"Generated (GRU, with special)",0.8
"Generated (GRU, with special)",0.6
"Generated (GRU, with special)",0.7142857142857143
"Generated (GRU, with special)",0.7142857142857143
"Generated (GRU, with special)",0.6666666666666666
"Generated (GRU, with special)",0.7272727272727273
"Generated (GRU, with special)",0.8333333333333334
"Generated (GRU, with special)",0.6666666666666666
"Generated (GRU, with special)",0.5
"Generated (GRU, with special)",0.6666666666666666
"Generated (GRU, with special)",0.6
"Generated (GRU, with special)",0.8571428571428571
"Generated (GRU, with special)",0.75
"Generated (GRU, with special)",0.5555555555555556
"Generated (GRU, with special)",0.6
"Generated (GRU, with special)",0.7272727272727273
"Generated (GRU, with special)",0.6666666666666666
"Generated (GRU, with special)",0.8
"Generated (GRU, with special)",0.875
"Generated (GRU, with special)",0.6
"Generated (GRU, with special)",0.625
"Generated (GRU, with special)",0.6
"Generated (GRU, with special)",0.6666666666666666
"Generated (GRU, with special)",0.8
"Generated (GRU, with special)",0.6
"Generated (GRU, with special)",0.8
"Generated (GRU, with special)",0.8333333333333334
"Generated (GRU, with special)",0.6666666666666666
"Generated (GRU, with special)",0.6363636363636364
"Generated (GRU, with special)",0.7692307692307693
Generated (GRU),0.75
Generated (GRU),0.6666666666666666
Generated (GRU),0.5
Generated (GRU),0.6
Generated (GRU),0.5714285714285714
Generated (GRU),0.6363636363636364
Generated (GRU),0.6666666666666666
Generated (GRU),0.7777777777777778
Generated (GRU),0.6666666666666666
Generated (GRU),0.4375
Generated (GRU),0.5
Generated (GRU),0.6
Generated (GRU),0.8333333333333334
Generated (GRU),0.6666666666666666
Generated (GRU),0.6153846153846154
Generated (GRU),0.5
Generated (GRU),1.0
Generated (GRU),0.6666666666666666
Generated (GRU),0.8
Generated (GRU),0.5
Generated (GRU),0.6666666666666666
Generated (GRU),0.6666666666666666
Generated (GRU),0.8333333333333334
Generated (GRU),0.8333333333333334
Generated (GRU),0.6666666666666666
Generated (GRU),0.8
Generated (GRU),0.6
Generated (GRU),0.8
Generated (GRU),0.6
Generated (GRU),0.6
Generated (GRU),0.6666666666666666
Generated (GRU),0.8
Generated (GRU),1.0
Generated (GRU),0.6666666666666666
Generated (GRU),0.6
Generated (GRU),1.0
Generated (GRU),1.0
Generated (GRU),0.6666666666666666
Generated (GRU),0.6
Generated (GRU),1.0
Generated (GRU),0.8
Generated (GRU),0.7142857142857143
Generated (GRU),0.6666666666666666
Generated (GRU),0.5
Generated (GRU),0.75
Generated (GRU),0.6
Generated (GRU),0.5454545454545454
Generated (GRU),0.6666666666666666
Generated (GRU),0.75
Generated (GRU),0.6666666666666666
Generated (GRU),0.8333333333333334
Generated (GRU),0.6666666666666666
Generated (GRU),0.6666666666666666
Generated (GRU),0.6666666666666666
Generated (GRU),0.6
Generated (GRU),0.8
Generated (GRU),0.8
Generated (GRU),0.7142857142857143
Generated (GRU),0.8
Generated (GRU),0.7142857142857143
Generated (GRU),0.8
Generated (GRU),0.6666666666666666
Generated (GRU),0.8571428571428571
Generated (GRU),1.0
Generated (GRU),0.7142857142857143
Generated (GRU),1.0
Generated (GRU),0.6
Generated (GRU),0.5555555555555556
Generated (GRU),0.7142857142857143
Generated (GRU),0.6153846153846154
Generated (GRU),0.6666666666666666
Generated (GRU),0.8333333333333334
Generated (GRU),0.6296296296296297
Generated (GRU),0.625
Generated (GRU),0.6666666666666666
Generated (GRU),0.6666666666666666
Generated (GRU),0.75
Generated (GRU),0.8
Generated (GRU),0.5714285714285714
Generated (GRU),0.8
Generated (GRU),0.8
Generated (GRU),0.6666666666666666
Generated (GRU),0.5555555555555556
Generated (GRU),0.625
Generated (GRU),0.6666666666666666
Generated (GRU),0.5555555555555556
Generated (GRU),0.5384615384615384
Generated (GRU),0.6666666666666666
Generated (GRU),0.6666666666666666
Generated (GRU),0.5714285714285714
Generated (GRU),1.0
Generated (GRU),0.6666666666666666
Generated (GRU),0.6666666666666666
Generated (GRU),0.6
Generated (GRU),0.6923076923076923
Generated (GRU),0.6666666666666666
Generated (GRU),0.8
Generated (GRU),0.6
Generated (GRU),0.6666666666666666
Generated (GRU),0.4444444444444444
Generated (GRU),0.6
Generated (GRU),0.8
Generated (GRU),0.6666666666666666
Generated (GRU),0.9285714285714286
Generated (GRU),0.6666666666666666
Generated (GRU),0.6666666666666666
Generated (GRU),0.8
Generated (GRU),0.625
Generated (GRU),0.625
Generated (GRU),0.5714285714285714
Generated (GRU),0.5
Generated (GRU),0.6
Generated (GRU),0.6
Generated (GRU),0.6666666666666666
Generated (GRU),0.6
Generated (GRU),0.8
Generated (GRU),0.5
Generated (GRU),0.6666666666666666
Generated (GRU),0.8333333333333334
Generated (GRU),0.6666666666666666
Generated (GRU),0.6666666666666666
Generated (GRU),0.5
Generated (GRU),0.6666666666666666
Generated (GRU),0.5
Generated (GRU),0.5833333333333334
Generated (GRU),0.8
Generated (GRU),0.6
Generated (GRU),0.625
Generated (GRU),0.75
Generated (GRU),0.6
Generated (GRU),0.6363636363636364
Generated (GRU),0.7
Generated (GRU),0.6666666666666666
Generated (GRU),0.75
Generated (GRU),0.6666666666666666
Generated (GRU),0.6923076923076923
Generated (GRU),0.8333333333333334
Generated (GRU),0.7272727272727273
Generated (GRU),1.0
Generated (GRU),0.8571428571428571
Generated (GRU),0.6666666666666666
Generated (GRU),0.5714285714285714
Generated (GRU),0.8
Generated (GRU),0.6
Generated (GRU),0.8
Generated (GRU),0.8
Generated (GRU),0.7272727272727273
Generated (GRU),0.5714285714285714
Generated (GRU),0.6666666666666666
Generated (GRU),1.0
Generated (GRU),0.6666666666666666
Generated (GRU),0.5714285714285714
Generated (GRU),0.6666666666666666
Generated (GRU),0.8
Generated (GRU),0.8333333333333334
Generated (GRU),0.6666666666666666
Generated (GRU),0.5
Generated (GRU),0.8
Generated (GRU),0.6
Generated (GRU),0.5714285714285714
Generated (GRU),0.8
Generated (GRU),0.6666666666666666
Generated (GRU),0.6666666666666666
Generated (GRU),1.0
Generated (GRU),0.6
Generated (GRU),0.7777777777777778
Generated (GRU),0.8
Generated (GRU),0.6
Generated (GRU),0.6
Generated (GRU),0.625
Generated (GRU),0.8
Generated (GRU),0.5
Generated (GRU),0.6
Generated (GRU),0.625
Generated (GRU),0.8
Generated (GRU),0.7692307692307693
Generated (GRU),0.5555555555555556
Generated (GRU),0.75
Generated (GRU),0.7142857142857143
Generated (GRU),0.8333333333333334
Generated (GRU),0.7
Generated (GRU),0.6428571428571429
Generated (GRU),0.875
Generated (GRU),0.8
Generated (GRU),0.7647058823529411
Generated (GRU),0.5
Generated (GRU),0.8571428571428571
Generated (GRU),0.8333333333333334
Generated (GRU),0.7142857142857143
Generated (GRU),0.5714285714285714
Generated (GRU),0.6666666666666666
Generated (GRU),0.7142857142857143
Generated (GRU),0.6363636363636364
Generated (GRU),1.0
Generated (GRU),0.6666666666666666
Generated (GRU),0.7142857142857143
Generated (GRU),0.6666666666666666
Generated (GRU),0.6666666666666666
Generated (GRU),0.9090909090909091
Generated (GRU),0.46153846153846156
Generated (GRU),0.6666666666666666
Generated (GRU),0.46153846153846156
Generated (GRU),0.8571428571428571
Generated (GRU),0.6666666666666666
Generated (GRU),0.8
Generated (GRU),0.7142857142857143
Generated (GRU),0.8
Generated (GRU),0.6
Generated (GRU),1.0
Generated (GRU),0.8571428571428571
Generated (GRU),0.6666666666666666
Generated (GRU),0.7142857142857143
Generated (GRU),0.625
Generated (GRU),0.6666666666666666
Generated (GRU),0.8
Generated (GRU),0.6
Generated (GRU),0.8
Generated (GRU),0.8333333333333334
Generated (GRU),0.8
Generated (GRU),0.8571428571428571
Generated (GRU),0.6666666666666666
Generated (GRU),0.6
Generated (GRU),0.8333333333333334
Generated (GRU),0.6
Generated (GRU),0.6666666666666666
Generated (GRU),0.8
Generated (GRU),0.75
Generated (GRU),0.6666666666666666
Generated (GRU),0.8
Generated (GRU),0.6666666666666666
Generated (GRU),0.7142857142857143
Generated (GRU),0.6
Generated (GRU),0.5
Generated (GRU),0.8333333333333334
Generated (GRU),0.8
Generated (GRU),0.5454545454545454
Generated (GRU),0.6666666666666666
Generated (GRU),0.6666666666666666
Generated (GRU),0.8333333333333334
Generated (GRU),0.6
Generated (GRU),0.6666666666666666
Generated (GRU),0.6
Generated (GRU),0.6666666666666666
Generated (GRU),0.8571428571428571
Generated (GRU),0.6
Generated (GRU),0.6666666666666666
Generated (GRU),0.8
Generated (GRU),0.625
Generated (GRU),0.5555555555555556
Generated (GRU),0.8333333333333334
Generated (GRU),0.6666666666666666
Generated (GRU),0.625
Generated (GRU),0.6666666666666666
Generated (GRU),0.6666666666666666
Generated (GRU),0.6
Generated (GRU),0.6
Generated (GRU),0.75
Generated (GRU),0.6
Generated (GRU),0.6666666666666666
Generated (GRU),0.6666666666666666
Generated (GRU),0.8333333333333334
Generated (GRU),0.5714285714285714
Generated (GRU),0.8
Generated (GRU),0.6
Generated (GRU),0.6
Generated (GRU),0.5625
Generated (GRU),0.8333333333333334
Generated (GRU),0.8
Generated (GRU),0.9
Generated (GRU),0.6666666666666666
Generated (GRU),0.7
Generated (GRU),0.7142857142857143
Generated (GRU),0.6666666666666666
Generated (GRU),0.6
Generated (GRU),0.5714285714285714
Generated (GRU),0.6
Generated (GRU),0.8333333333333334
Generated (GRU),0.8333333333333334
Generated (GRU),0.625
Generated (GRU),0.6666666666666666
Generated (GRU),0.7142857142857143
Generated (GRU),1.0
Generated (GRU),0.6666666666666666
Generated (GRU),0.8333333333333334
Generated (GRU),0.9411764705882353
Generated (GRU),0.5714285714285714
Generated (GRU),0.6666666666666666
Generated (GRU),0.8571428571428571
Generated (GRU),0.6666666666666666
Generated (GRU),0.6
Generated (GRU),0.6666666666666666
Generated (GRU),0.6666666666666666
Generated (GRU),0.75
Generated (GRU),0.6
Generated (GRU),0.8
Generated (GRU),0.6666666666666666
Generated (GRU),0.7333333333333333
Generated (GRU),1.0
Generated (GRU),0.631578947368421
Generated (GRU),0.6666666666666666
Generated (GRU),0.6153846153846154
Generated (GRU),0.8
Generated (GRU),0.5
Generated (GRU),0.7142857142857143
Generated (GRU),0.6
Generated (GRU),0.5
Generated (GRU),0.6666666666666666
Generated (GRU),1.0
Generated (GRU),0.625
Generated (GRU),0.6666666666666666
Generated (GRU),0.6
Generated (GRU),0.6666666666666666
Generated (GRU),0.6
Generated (GRU),0.6
Generated (GRU),0.6
Generated (GRU),0.8
Generated (GRU),0.6
Generated (GRU),0.7
Generated (GRU),0.6818181818181818
Generated (GRU),0.5
Generated (GRU),0.7142857142857143
Generated (GRU),0.4444444444444444
Generated (GRU),0.6
Generated (GRU),0.6666666666666666
Generated (GRU),0.6
Generated (GRU),0.6
Generated (GRU),0.6
Generated (GRU),1.0
Generated (GRU),0.8
Generated (GRU),0.625
Generated (GRU),0.6
Generated (GRU),0.6666666666666666
Generated (GRU),1.0
Generated (GRU),0.5
Generated (GRU),0.5714285714285714
Generated (GRU),0.75
Generated (GRU),0.8333333333333334
Generated (GRU),0.42857142857142855
Generated (GRU),0.75
Generated (GRU),0.5
Generated (GRU),0.8
Generated (GRU),0.6
Generated (GRU),1.0
Generated (GRU),0.6666666666666666
Generated (GRU),0.6666666666666666
Generated (GRU),0.7142857142857143
Generated (GRU),0.5714285714285714
Generated (GRU),1.0
Generated (GRU),0.5555555555555556
Generated (GRU),0.6666666666666666
Generated (GRU),0.5714285714285714
Generated (GRU),0.8
Generated (GRU),0.6
Generated (GRU),0.8
Generated (GRU),0.7777777777777778
Generated (GRU),0.6666666666666666
Generated (GRU),0.6666666666666666
Generated (GRU),0.6666666666666666
Generated (GRU),1.0
Generated (GRU),0.625
Generated (GRU),1.0
Generated (GRU),0.7272727272727273
Generated (GRU),0.8461538461538461
Generated (GRU),0.7777777777777778
Generated (GRU),0.6
Generated (GRU),0.6666666666666666
Generated (GRU),0.7692307692307693
Generated (GRU),0.7142857142857143
Generated (GRU),0.9166666666666666
Generated (GRU),0.6666666666666666
Generated (GRU),0.6363636363636364
Generated (GRU),0.6
Generated (GRU),0.6
Generated (GRU),0.7777777777777778
Generated (GRU),0.6
Generated (GRU),0.7142857142857143
Generated (GRU),0.6666666666666666
Generated (GRU),0.7142857142857143
Generated (GRU),0.6666666666666666
Generated (GRU),0.6
Generated (GRU),0.7777777777777778
Generated (GRU),0.7
Generated (GRU),0.5454545454545454
Generated (GRU),0.5714285714285714
Generated (GRU),0.6
Generated (GRU),0.5
Generated (GRU),0.625
Generated (GRU),0.8333333333333334
Generated (GRU),0.6666666666666666
Generated (GRU),0.8333333333333334
Generated (GRU),0.7
Generated (GRU),0.8571428571428571
Generated (GRU),0.5
Generated (GRU),0.6
Generated (GRU),0.6666666666666666
Generated (GRU),0.8
Generated (GRU),0.6153846153846154
Generated (GRU),0.6666666666666666
Generated (GRU),0.6
Generated (GRU),0.8
Generated (GRU),1.0
Generated (GRU),0.6666666666666666
Generated (GRU),0.8
Generated (GRU),0.6666666666666666
Generated (GRU),0.8333333333333334
Generated (GRU),0.625
Generated (GRU),0.75
Generated (GRU),0.6
Generated (GRU),0.8333333333333334
Generated (GRU),0.7777777777777778
Generated (GRU),1.0
Generated (GRU),0.7777777777777778
Generated (GRU),0.6
Generated (GRU),1.0
Generated (GRU),0.6
Generated (GRU),0.6
Generated (GRU),0.7777777777777778
Generated (GRU),0.6666666666666666
Generated (GRU),0.625
Generated (GRU),0.5
Generated (GRU),0.9166666666666666
Generated (GRU),0.6666666666666666
Generated (GRU),0.6666666666666666
Generated (GRU),0.7
Generated (GRU),0.6
Generated (GRU),0.6153846153846154
Generated (GRU),0.6666666666666666
Generated (GRU),0.8
Generated (GRU),0.8333333333333334
Generated (GRU),0.6153846153846154
Generated (GRU),0.6666666666666666
Generated (GRU),0.6666666666666666
Generated (GRU),0.8235294117647058
Generated (GRU),0.6
Generated (GRU),0.7142857142857143
Generated (GRU),0.6
Generated (GRU),0.6
Generated (GRU),0.6
Generated (GRU),0.6666666666666666
Generated (GRU),0.5
Generated (GRU),0.6
Generated (GRU),1.0
Generated (GRU),0.7142857142857143
Generated (GRU),0.5
Generated (GRU),0.625
Generated (GRU),0.8461538461538461
Generated (GRU),0.6923076923076923
Generated (GRU),0.5625
Generated (GRU),0.6
Generated (GRU),0.625
Generated (GRU),0.6666666666666666
Generated (GRU),0.6363636363636364
Generated (GRU),0.7777777777777778
Generated (GRU),1.0
Generated (GRU),0.7142857142857143
Generated (GRU),0.7142857142857143
Generated (GRU),0.8333333333333334
Generated (GRU),0.5714285714285714
Generated (GRU),0.8571428571428571
Generated (GRU),0.6666666666666666
Generated (GRU),0.6
Generated (GRU),0.75
Generated (GRU),0.6
Generated (GRU),0.8
Generated (GRU),0.625
Generated (GRU),0.8
Generated (GRU),0.8
Generated (GRU),0.6666666666666666
Generated (GRU),0.8
Generated (GRU),0.6666666666666666
Generated (GRU),0.6666666666666666
Generated (GRU),0.6
Generated (GRU),0.875
Generated (GRU),0.875
Generated (GRU),0.5
Generated (GRU),0.6
Generated (GRU),0.7272727272727273
Generated (GRU),0.6666666666666666
Generated (GRU),1.0
Generated (GRU),0.5
Generated (GRU),0.5384615384615384
Generated (GRU),0.8
Generated (GRU),0.625
Generated (GRU),0.6666666666666666
Generated (GRU),0.625
Generated (GRU),0.8
Generated (GRU),0.625
Generated (GRU),0.6
Generated (GRU),0.7142857142857143
Generated (GRU),0.6
Generated (GRU),0.7692307692307693
Generated (GRU),0.5
Generated (GRU),0.7666666666666667
Generated (GRU),0.625
Generated (GRU),0.75
Generated (GRU),0.8666666666666667
Generated (GRU),0.8333333333333334
Generated (GRU),0.8
Generated (GRU),0.6
Generated (GRU),0.6666666666666666
Generated (GRU),0.5714285714285714
Generated (GRU),0.875
Generated (GRU),1.0
Generated (GRU),0.6
Generated (GRU),0.7272727272727273
Generated (GRU),0.7142857142857143
Generated (GRU),0.7692307692307693
Generated (GRU),0.6
Generated (GRU),0.625
Generated (GRU),0.5454545454545454
Generated (GRU),0.7692307692307693
Generated (GRU),0.6
Generated (GRU),0.8333333333333334
Generated (GRU),0.625
Generated (GRU),0.75
Generated (GRU),0.7692307692307693
Generated (GRU),1.0
Generated (GRU),0.7777777777777778
Generated (GRU),0.7
Generated (GRU),0.75
Generated (GRU),0.5
Generated (GRU),0.6428571428571429
Generated (GRU),0.8333333333333334
Generated (GRU),0.7142857142857143
Generated (GRU),0.6
Generated (GRU),0.6666666666666666
Generated (GRU),0.6666666666666666
Generated (GRU),0.6
Generated (GRU),0.7142857142857143
Generated (GRU),0.6
Generated (GRU),0.7777777777777778
Generated (GRU),0.5714285714285714
Generated (GRU),0.8
Generated (GRU),0.8
Generated (GRU),0.8571428571428571
Generated (GRU),0.6363636363636364
Generated (GRU),0.6
Generated (GRU),0.6153846153846154
Generated (GRU),0.8888888888888888
Generated (GRU),0.6666666666666666
Generated (GRU),1.0
Generated (GRU),0.6666666666666666
Generated (GRU),0.7777777777777778
Generated (GRU),0.9444444444444444
Generated (GRU),0.8
Generated (GRU),0.6
Generated (GRU),0.6666666666666666
Generated (GRU),0.6
Generated (GRU),0.6666666666666666
Generated (GRU),0.6923076923076923
Generated (GRU),0.8333333333333334
Generated (GRU),0.8
Generated (GRU),0.5454545454545454
Generated (GRU),0.6666666666666666
Generated (GRU),0.8571428571428571
Generated (GRU),0.6
Generated (GRU),0.6
Generated (GRU),0.8
Generated (GRU),0.75
Generated (GRU),0.7777777777777778
Generated (GRU),0.6666666666666666
Generated (GRU),0.5714285714285714
Generated (GRU),0.7142857142857143
Generated (GRU),0.6
Generated (GRU),0.8
Generated (GRU),0.7
Generated (GRU),0.8333333333333334
Generated (GRU),0.7142857142857143
Generated (GRU),0.6666666666666666
Generated (GRU),0.8
Generated (GRU),0.9090909090909091
Generated (GRU),0.7142857142857143
Generated (GRU),0.6666666666666666
Generated (GRU),0.5
Generated (GRU),0.8
Generated (GRU),0.7777777777777778
Generated (GRU),0.6
Generated (GRU),0.6666666666666666
Generated (GRU),0.7777777777777778
Generated (GRU),0.6
Generated (GRU),0.9285714285714286
Generated (GRU),0.7142857142857143
Generated (GRU),0.8
Generated (GRU),0.6666666666666666
Generated (GRU),0.6
Generated (GRU),0.8333333333333334
Generated (GRU),0.6666666666666666
Generated (GRU),0.7142857142857143
Generated (GRU),0.8
Generated (GRU),0.6666666666666666
Generated (GRU),0.8
Generated (GRU),0.5
Generated (GRU),0.6
Generated (GRU),0.6666666666666666
Generated (GRU),0.5454545454545454
Generated (GRU),0.5714285714285714
Generated (GRU),0.6666666666666666
Generated (GRU),0.6
Generated (GRU),0.7142857142857143
Generated (GRU),0.7142857142857143
Generated (GRU),0.7142857142857143
Generated (GRU),1.0
Generated (GRU),0.5714285714285714
Generated (GRU),0.8333333333333334
Generated (GRU),0.8333333333333334
Generated (GRU),0.8
Generated (GRU),0.6666666666666666
Generated (GRU),0.625
Generated (GRU),0.8333333333333334
Generated (GRU),0.6666666666666666
Generated (GRU),0.6
Generated (GRU),0.8
Generated (GRU),0.5
Generated (GRU),0.5
Generated (GRU),0.8333333333333334
Generated (GRU),0.8333333333333334
Generated (GRU),0.75
Generated (GRU),0.6
Generated (GRU),0.7142857142857143
Generated (GRU),0.6666666666666666
Generated (GRU),0.6666666666666666
Generated (GRU),0.7142857142857143
Generated (GRU),0.8333333333333334
Generated (GRU),0.6
Generated (GRU),0.8
Generated (GRU),0.6
Generated (GRU),0.75
Generated (GRU),0.8
Generated (GRU),0.6
Generated (GRU),0.6666666666666666
Generated (GRU),0.75
Generated (GRU),0.6666666666666666
Generated (GRU),0.8695652173913043
Generated (GRU),0.45454545454545453
Generated (GRU),0.5714285714285714
Generated (GRU),0.9166666666666666
Generated (GRU),0.9
Generated (GRU),0.875
Generated (GRU),1.0
Generated (GRU),0.75
Generated (GRU),0.625
Generated (GRU),0.625
Generated (GRU),0.8125
Generated (GRU),0.5384615384615384
Generated (GRU),0.6666666666666666
Generated (GRU),0.6666666666666666
Generated (GRU),0.6
Generated (GRU),0.8333333333333334
Generated (GRU),0.5
Generated (GRU),0.6666666666666666
Generated (GRU),0.6666666666666666
Generated (GRU),0.6666666666666666
Generated (GRU),0.5714285714285714
Generated (GRU),0.6
Generated (GRU),0.5714285714285714
Generated (GRU),1.0
Generated (GRU),0.5555555555555556
Generated (GRU),0.5
Generated (GRU),0.8
Generated (GRU),0.6363636363636364
Generated (GRU),0.6666666666666666
Generated (GRU),0.8333333333333334
Generated (GRU),0.6
Generated (GRU),0.7142857142857143
Generated (GRU),0.6666666666666666
Generated (GRU),0.5714285714285714
Generated (GRU),0.6
Generated (GRU),0.5
Generated (GRU),0.8
Generated (GRU),0.5
Generated (GRU),0.6666666666666666
Generated (GRU),0.6
Generated (GRU),0.5
Generated (GRU),0.6
Generated (GRU),0.6666666666666666
Generated (GRU),0.8
Generated (GRU),1.0
Generated (GRU),0.8333333333333334
Generated (GRU),0.6666666666666666
Generated (GRU),0.7
Generated (GRU),0.6666666666666666
Generated (GRU),0.6
Generated (GRU),0.6666666666666666
Generated (GRU),0.8571428571428571
Generated (GRU),0.6
Generated (GRU),0.8
Generated (GRU),0.6666666666666666
Generated (GRU),0.6666666666666666
Generated (GRU),1.0
Generated (GRU),0.5714285714285714
Generated (GRU),0.7142857142857143
Generated (GRU),0.6
Generated (GRU),0.6923076923076923
Generated (GRU),0.8333333333333334
Generated (GRU),0.7142857142857143
Generated (GRU),0.7142857142857143
Generated (GRU),0.6363636363636364
Generated (GRU),0.6666666666666666
Generated (GRU),0.6
Generated (GRU),0.5714285714285714
Generated (GRU),0.6666666666666666
Generated (GRU),0.8888888888888888
Generated (GRU),0.6666666666666666
Generated (GRU),0.6666666666666666
Generated (GRU),1.0
Generated (GRU),0.8
Generated (GRU),0.6666666666666666
Generated (GRU),0.6666666666666666
Generated (GRU),0.6666666666666666
Generated (GRU),0.6923076923076923
Generated (GRU),0.8
Generated (GRU),0.6
Generated (GRU),0.6
Generated (GRU),0.6666666666666666
Generated (GRU),0.7
Generated (GRU),0.6
Generated (GRU),0.8
Generated (GRU),0.7142857142857143
Generated (GRU),0.6
Generated (GRU),0.6
Generated (GRU),0.8333333333333334
Generated (GRU),0.7777777777777778
Generated (GRU),0.6
Generated (GRU),0.5294117647058824
Generated (GRU),0.6
Generated (GRU),0.6
Generated (GRU),0.6
Generated (GRU),0.6666666666666666
Generated (GRU),0.42857142857142855
Generated (GRU),0.6
Generated (GRU),1.0
Generated (GRU),0.8
Generated (GRU),0.8571428571428571
Generated (GRU),0.6
Generated (GRU),0.75
Generated (GRU),0.9444444444444444
Generated (GRU),0.6923076923076923
Generated (GRU),0.7142857142857143
Generated (GRU),0.7142857142857143
Generated (GRU),0.5
Generated (GRU),0.7142857142857143
Generated (GRU),0.6666666666666666
Generated (GRU),0.6666666666666666
Generated (GRU),0.8
Generated (GRU),0.625
Generated (GRU),0.5714285714285714
Generated (GRU),1.0
Generated (GRU),0.6153846153846154
Generated (GRU),0.7142857142857143
Generated (GRU),0.6666666666666666
Generated (GRU),0.6666666666666666
Generated (GRU),0.6666666666666666
Generated (GRU),0.6
Generated (GRU),0.8421052631578947
Generated (GRU),0.6
Generated (GRU),1.0
Generated (GRU),0.6666666666666666
Generated (GRU),0.8947368421052632
Generated (GRU),0.6666666666666666
Generated (GRU),0.8333333333333334
Generated (GRU),0.625
Generated (GRU),0.8
Generated (GRU),0.8
Generated (GRU),0.6
Generated (GRU),0.6666666666666666
Generated (GRU),0.875
Generated (GRU),0.625
Generated (GRU),0.5
Generated (GRU),0.6
Generated (GRU),0.6666666666666666
Generated (GRU),0.6
Generated (GRU),0.6
Generated (GRU),0.7
Generated (GRU),0.625
Generated (GRU),0.6666666666666666
Generated (GRU),0.8333333333333334
Generated (GRU),0.5555555555555556
Generated (GRU),0.625
Generated (GRU),0.8
Generated (GRU),0.7142857142857143
Generated (GRU),0.8571428571428571
Generated (GRU),0.9285714285714286
Generated (GRU),0.7142857142857143
Generated (GRU),0.8
Generated (GRU),0.8333333333333334
Generated (GRU),0.8
Generated (GRU),0.9
Generated (GRU),0.8
Generated (GRU),0.6666666666666666
Generated (GRU),0.6666666666666666
Generated (GRU),0.6
Generated (GRU),0.8888888888888888
Generated (GRU),0.6666666666666666
Generated (GRU),0.6666666666666666
Generated (GRU),0.5
Generated (GRU),0.8
Generated (GRU),0.8571428571428571
Generated (GRU),0.6923076923076923
Generated (GRU),0.8571428571428571
Generated (GRU),0.6
Generated (GRU),0.7142857142857143
Generated (GRU),0.8
Generated (GRU),0.6111111111111112
Generated (GRU),0.8333333333333334
Generated (GRU),1.0
Generated (GRU),0.6666666666666666
Generated (GRU),0.6666666666666666
Generated (GRU),0.4375
Generated (GRU),0.8
Generated (GRU),0.7142857142857143
Generated (GRU),0.75
Generated (GRU),0.42857142857142855
Generated (GRU),0.6666666666666666
Generated (GRU),0.5
Generated (GRU),0.6666666666666666
Generated (GRU),1.0
Generated (GRU),0.6666666666666666
Generated (GRU),0.5714285714285714
Generated (GRU),0.8
Generated (GRU),0.6666666666666666
Generated (GRU),0.8
Generated (GRU),0.5714285714285714
Generated (GRU),0.6
Generated (GRU),0.7272727272727273
Generated (GRU),0.6
Generated (GRU),0.7777777777777778
Generated (GRU),0.8333333333333334
Generated (GRU),0.6666666666666666
Generated (GRU),0.6
Generated (GRU),0.7142857142857143
Generated (GRU),0.6666666666666666
Generated (GRU),0.8888888888888888
Generated (GRU),0.6666666666666666
Generated (GRU),0.6666666666666666
Generated (GRU),0.6666666666666666
Generated (GRU),1.0
Generated (GRU),0.6
Generated (GRU),0.5714285714285714
Generated (GRU),0.6666666666666666
Generated (GRU),1.0
Generated (GRU),0.875
Generated (GRU),0.7142857142857143
Generated (GRU),0.5
Generated (GRU),0.8
Generated (GRU),0.6666666666666666
Generated (GRU),0.8571428571428571
Generated (GRU),0.75
Generated (GRU),0.5714285714285714
Generated (GRU),0.5
Generated (GRU),0.6
Generated (GRU),0.6666666666666666
Generated (GRU),0.6666666666666666
Generated (GRU),0.6666666666666666
Generated (GRU),0.625
Generated (GRU),0.6
Generated (GRU),0.6
Generated (GRU),0.5
Generated (GRU),0.75
Generated (GRU),0.6
Generated (GRU),0.6666666666666666
Generated (GRU),0.6
Generated (GRU),0.6666666666666666
Generated (GRU),0.6
Generated (GRU),0.8
Generated (GRU),0.7142857142857143
Generated (GRU),0.7142857142857143
Generated (GRU),0.6
Generated (GRU),0.7777777777777778
Generated (GRU),0.5333333333333333
Generated (GRU),1.0
Generated (GRU),0.8333333333333334
Generated (GRU),0.8
Generated (GRU),0.6666666666666666
Generated (GRU),0.6666666666666666
Generated (GRU),0.5833333333333334
Generated (GRU),0.7272727272727273
Generated (GRU),0.6666666666666666
Generated (GRU),0.6
Generated (GRU),0.7142857142857143
Generated (GRU),0.6
Generated (GRU),0.7142857142857143
Generated (GRU),0.6666666666666666
Generated (GRU),0.5555555555555556
Generated (GRU),0.6
Generated (GRU),0.7777777777777778
Generated (GRU),0.8333333333333334
Generated (GRU),0.6
Generated (GRU),0.6
Generated (GRU),0.8
Generated (GRU),0.625
Generated (GRU),0.625
Generated (GRU),0.6666666666666666
Generated (GRU),0.6153846153846154
Generated (GRU),0.8888888888888888
Generated (GRU),0.625
Generated (GRU),0.6
Generated (GRU),0.7142857142857143
Generated (GRU),0.6
Generated (GRU),0.6
Generated (GRU),0.7
Generated (GRU),0.6666666666666666
Generated (GRU),0.6153846153846154
Generated (GRU),0.8
Generated (GRU),0.6
Generated (GRU),0.8
Generated (GRU),0.8
Generated (GRU),0.6666666666666666
Generated (GRU),0.75
Generated (GRU),0.9
Generated (GRU),0.8
Generated (GRU),0.7777777777777778
Generated (GRU),0.625
Generated (GRU),0.8
Generated (GRU),0.7
Generated (GRU),0.6
Generated (GRU),0.5555555555555556
Generated (GRU),0.8
Generated (GRU),0.8
Generated (GRU),0.6666666666666666
Generated (GRU),0.5555555555555556
Generated (GRU),0.6666666666666666
Generated (GRU),0.6
Generated (GRU),0.8
Generated (GRU),0.6
Generated (GRU),0.8
Generated (GRU),0.6
Generated (GRU),0.7142857142857143
Generated (GRU),0.7142857142857143
Generated (GRU),0.5454545454545454
Generated (GRU),0.8
Generated (GRU),0.5
Generated (GRU),0.6
Generated (GRU),0.5555555555555556
Generated (GRU),0.6
Generated (GRU),0.6
Generated (GRU),0.625
Generated (GRU),0.6
Generated (GRU),0.8
Generated (GRU),0.6666666666666666
Generated (GRU),0.6
Generated (GRU),0.8333333333333334
Generated (GRU),0.7272727272727273
Generated (GRU),0.6666666666666666
Generated (GRU),0.6666666666666666
Generated (GRU),0.6
Generated (GRU),0.6666666666666666
Generated (GRU),0.9
Generated (GRU),0.625
Generated (GRU),0.6666666666666666
Generated (GRU),1.0
Generated (GRU),0.6666666666666666
Generated (GRU),0.9090909090909091
Generated (GRU),0.8333333333333334
Generated (GRU),0.6
Generated (GRU),0.6
Generated (GRU),1.0
Generated (GRU),0.5714285714285714
Generated (GRU),0.8
Generated (GRU),0.8
Generated (GRU),0.8333333333333334
Generated (GRU),0.8
Generated (GRU),1.0
Generated (GRU),0.8333333333333334
Generated (GRU),0.6666666666666666
Generated (GRU),0.6666666666666666
Generated (GRU),0.7142857142857143
Generated (GRU),0.7
Generated (GRU),0.8333333333333334
Generated (GRU),0.6
Generated (GRU),0.6666666666666666
Generated (GRU),1.0
Generated (GRU),0.8
Generated (GRU),0.6
Generated (GRU),0.6153846153846154
Generated (GRU),0.625
Generated (GRU),0.8
Generated (GRU),0.6666666666666666
Generated (GRU),0.8
Generated (GRU),0.5
Generated (GRU),0.6666666666666666
Generated (GRU),1.0
Generated (GRU),0.5833333333333334
Generated (GRU),0.6153846153846154
Generated (GRU),0.6666666666666666
Generated (GRU),0.6
Generated (GRU),0.6
Generated (GRU),0.8333333333333334
Generated (GRU),0.8333333333333334
Generated (GRU),0.7777777777777778
Generated (GRU),0.8
Generated (GRU),0.5714285714285714
Generated (GRU),0.6666666666666666
Generated (GRU),0.75
Generated (GRU),0.5714285714285714
Generated (GRU),0.6666666666666666
Generated (GRU),0.625
Generated (GRU),0.8333333333333334
Generated (GRU),0.6363636363636364
Generated (GRU),0.6
Generated (GRU),0.6666666666666666
Generated (GRU),0.6
Generated (GRU),0.6666666666666666
Generated (GRU),0.6666666666666666
Generated (GRU),0.8333333333333334
Generated (GRU),1.0
Generated (GRU),0.6666666666666666
Generated (GRU),0.6923076923076923
Generated (GRU),0.7142857142857143
Generated (GRU),0.6666666666666666
Generated (GRU),0.75
Generated (GRU),0.75
Generated (GRU),0.6
Generated (GRU),0.6666666666666666
Generated (GRU),0.8
Generated (GRU),0.5
Generated (GRU),0.8
Generated (GRU),0.6
Generated (GRU),0.6666666666666666
Generated (GRU),0.7
Generated (GRU),0.8333333333333334
Generated (GRU),0.6666666666666666
Generated (GRU),0.8
Generated (GRU),0.6363636363636364
Generated (GRU),0.8
Generated (GRU),1.0
Generated (GRU),0.6
Generated (GRU),0.6666666666666666
Generated (GRU),0.7142857142857143
Generated (GRU),0.7777777777777778
Generated (GRU),0.8333333333333334
Generated (GRU),0.625
Generated (GRU),0.5714285714285714
Generated (GRU),0.6666666666666666
Generated (GRU),0.6
Generated (GRU),0.5
Generated (GRU),0.7142857142857143
Generated (GRU),0.6
Generated (GRU),0.8333333333333334
Generated (GRU),0.6
Generated (GRU),1.0
Generated (GRU),0.6
Generated (GRU),0.6
Generated (GRU),0.6666666666666666
Generated (GRU),0.9090909090909091
Generated (GRU),0.6666666666666666
Generated (GRU),0.5
Generated (GRU),0.5625
Generated (GRU),0.625
Generated (GRU),0.8
Generated (GRU),0.6666666666666666
Generated (GRU),0.9090909090909091
Generated (GRU),0.8333333333333334
Generated (GRU),0.7058823529411765
Generated (GRU),0.6363636363636364
Generated (GRU),0.6666666666666666
Generated (GRU),0.8333333333333334
Generated (GRU),0.6
Generated (GRU),0.6666666666666666
Generated (GRU),0.8333333333333334
Generated (GRU),0.8
Generated (GRU),0.8
Generated (GRU),0.8
Generated (GRU),0.8571428571428571
Generated (GRU),0.7647058823529411
Generated (GRU),0.8333333333333334
Generated (GRU),0.6666666666666666
Generated (GRU),0.8
Generated (GRU),0.6
Generated (GRU),0.6
Generated (GRU),0.7142857142857143
Generated (GRU),0.875
Generated (GRU),0.8571428571428571
Generated (GRU),0.6
Generated (GRU),0.5
Generated (GRU),0.8
Generated (GRU),0.6
Generated (GRU),0.6666666666666666
Generated (GRU),0.5714285714285714
Generated (GRU),0.6666666666666666
Generated (GRU),0.8
Generated (GRU),0.6
Generated (GRU),0.6
Generated (GRU),0.8888888888888888
Generated (GRU),0.6666666666666666
Generated (GRU),0.6
Generated (GRU),0.8
Generated (GRU),0.8
Generated (GRU),0.6666666666666666
Generated (GRU),0.6
Generated (GRU),0.7142857142857143
Generated (GRU),0.6666666666666666
Generated (GRU),0.6666666666666666
Generated (GRU),0.6
Generated (GRU),0.7272727272727273
Generated (GRU),0.8571428571428571
Generated (GRU),0.7857142857142857
Generated (GRU),0.7142857142857143
Generated (GRU),1.0
Generated (GRU),0.8
Generated (GRU),0.8
Generated (GRU),0.6666666666666666
Generated (GRU),0.8
Generated (GRU),0.6
Generated (GRU),0.6666666666666666
Generated (GRU),0.6
Generated (GRU),0.7142857142857143
Generated (GRU),0.875
Generated (GRU),0.6
Generated (GRU),0.8
Generated (GRU),0.6666666666666666
Generated (GRU),0.6
Generated (GRU),0.7142857142857143
Generated (GRU),0.8333333333333334
Generated (GRU),0.95
Generated (GRU),0.6666666666666666
Generated (GRU),0.6666666666666666
Generated (GRU),0.7142857142857143
Generated (GRU),0.6
Generated (GRU),0.5454545454545454
Generated (GRU),0.9444444444444444
Generated (GRU),0.8333333333333334
Generated (GRU),0.6
Generated (GRU),1.0
Generated (GRU),0.6
Generated (GRU),0.625
Generated (GRU),0.5
Generated (GRU),0.75
Generated (GRU),0.7142857142857143
Generated (GRU),0.8
Generated (GRU),0.6666666666666666
Generated (GRU),0.6666666666666666
Generated (GRU),0.6
Generated (GRU),0.6
Generated (GRU),0.8
Generated (GRU),0.6
Generated (GRU),0.75
Generated (GRU),0.7142857142857143
Generated (GRU),0.5714285714285714
Generated (GRU),0.5714285714285714
Generated (GRU),0.5555555555555556
Generated (GRU),0.6666666666666666
Generated (GRU),0.8
Generated (GRU),0.5789473684210527
Generated (GRU),0.6
Generated (GRU),1.0
Generated (GRU),0.6
Generated (GRU),0.6363636363636364
Generated (GRU),0.6
Generated (GRU),0.6
Generated (GRU),0.6
Generated (GRU),0.6666666666666666
Generated (GRU),1.0
Generated (GRU),0.6
Generated (GRU),0.5714285714285714
Generated (GRU),0.75
Generated (GRU),0.4
Generated (GRU),0.8
Generated (GRU),0.8
Generated (GRU),0.6153846153846154
Generated (GRU),0.8
Generated (GRU),0.625
Generated (GRU),0.75
Generated (GRU),0.6
Generated (GRU),0.6666666666666666
Generated (GRU),0.6666666666666666
Generated (GRU),0.6666666666666666
Generated (GRU),0.75
Generated (GRU),0.8
Generated (GRU),0.6
Generated (GRU),0.6666666666666666
Generated (GRU),0.6666666666666666
Generated (GRU),0.6923076923076923
Generated (GRU),0.6666666666666666
Generated (GRU),0.5714285714285714
Generated (GRU),0.8571428571428571
Generated (GRU),0.6
Generated (GRU),0.8333333333333334
Generated (GRU),1.0
Generated (GRU),0.6666666666666666
Generated (GRU),0.6
Generated (GRU),0.6666666666666666
Generated (GRU),0.5714285714285714
Generated (GRU),0.6875
Generated (GRU),0.6
Generated (GRU),0.8846153846153846
Generated (GRU),0.6666666666666666
Generated (GRU),0.625
Generated (GRU),0.8333333333333334
Generated (GRU),0.6666666666666666
Generated (GRU),0.7777777777777778
Generated (GRU),0.6
Generated (GRU),0.7777777777777778
Generated (GRU),0.6666666666666666
Generated (GRU),0.6666666666666666
Generated (GRU),0.8
Generated (GRU),0.625
Generated (GRU),1.0
Generated (GRU),0.6666666666666666
Generated (GRU),0.9047619047619048
Generated (GRU),0.7692307692307693
Generated (GRU),0.7
Generated (GRU),0.6
Generated (GRU),1.0
Generated (GRU),0.6666666666666666
Generated (GRU),0.5
Generated (GRU),0.7142857142857143
Generated (GRU),0.6
Generated (GRU),0.6
Generated (GRU),0.7142857142857143
Generated (GRU),0.6666666666666666
Generated (GRU),0.5
Generated (GRU),0.8571428571428571
Generated (GRU),0.4375
Generated (GRU),0.7272727272727273
Generated (GRU),0.8
Generated (GRU),0.8571428571428571
Generated (GRU),0.8
Generated (GRU),0.8571428571428571
Generated (GRU),0.5
Generated (GRU),0.5555555555555556
Generated (GRU),0.625
Generated (GRU),0.6
Generated (GRU),0.6
Generated (GRU),0.6666666666666666
Generated (GRU),0.6666666666666666
Generated (GRU),0.5714285714285714
Generated (GRU),0.6666666666666666
Generated (GRU),0.6
Generated (GRU),0.8333333333333334
Generated (GRU),0.8
Generated (GRU),0.5
Generated (GRU),0.8
Generated (GRU),0.6923076923076923
Generated (GRU),0.8333333333333334
Generated (GRU),0.8
Generated (GRU),1.0
Generated (GRU),0.6
Generated (GRU),0.6923076923076923
Generated (GRU),0.5333333333333333
Generated (GRU),0.6666666666666666
Generated (GRU),0.6153846153846154
Generated (GRU),0.7777777777777778
Generated (GRU),0.5714285714285714
Generated (GRU),0.8333333333333334
Generated (GRU),0.6
Generated (GRU),0.7142857142857143
Generated (GRU),0.8
Generated (GRU),0.5833333333333334
Generated (GRU),0.5
Generated (GRU),0.5714285714285714
Generated (GRU),0.6153846153846154
Generated (GRU),0.625
Generated (GRU),0.6666666666666666
Generated (GRU),0.8
Generated (GRU),0.6923076923076923
Generated (GRU),0.8571428571428571
Generated (GRU),0.8
Generated (GRU),0.7142857142857143
Generated (GRU),0.6666666666666666
Generated (GRU),0.6
Generated (GRU),1.0
Generated (GRU),0.6666666666666666
Generated (GRU),0.6666666666666666
Generated (GRU),0.5714285714285714
Generated (GRU),0.8333333333333334
Generated (GRU),0.6
Generated (GRU),0.6666666666666666
Generated (GRU),0.8
Generated (GRU),0.8333333333333334
Generated (GRU),0.6
Generated (GRU),0.8571428571428571
Generated (GRU),0.6666666666666666
Generated (GRU),0.8
Generated (GRU),0.6666666666666666
Generated (GRU),0.6666666666666666
Generated (GRU),0.8
Generated (GRU),0.375
Generated (GRU),0.625
Generated (GRU),0.8
Generated (GRU),0.8571428571428571
Generated (GRU),0.8
Generated (GRU),0.6666666666666666
Generated (GRU),0.6666666666666666
Generated (GRU),0.8
Generated (GRU),0.5454545454545454
Generated (GRU),0.7
Generated (GRU),0.7
Generated (GRU),0.5
Generated (GRU),0.6153846153846154
Generated (GRU),0.6666666666666666
Generated (GRU),0.7
Generated (GRU),0.6666666666666666
Generated (GRU),0.5
Generated (GRU),0.8
Generated (GRU),0.6666666666666666
Generated (GRU),0.625
Generated (GRU),0.5555555555555556
Generated (GRU),0.8333333333333334
Generated (GRU),0.6666666666666666
Generated (GRU),0.6
Generated (GRU),0.7
Generated (GRU),0.8333333333333334
Generated (GRU),0.6666666666666666
Generated (GRU),0.6
Generated (GRU),1.0
Generated (GRU),0.8571428571428571
Generated (GRU),0.8
Generated (GRU),0.6
Generated (GRU),0.6
Generated (GRU),0.5714285714285714
Generated (GRU),0.6666666666666666
Generated (GRU),0.6
Generated (GRU),1.0
Generated (GRU),0.6666666666666666
Generated (GRU),0.6666666666666666
Generated (GRU),0.6666666666666666
Generated (GRU),1.0
Generated (GRU),0.7142857142857143
Generated (GRU),0.7333333333333333
Generated (GRU),0.6666666666666666
Generated (GRU),0.625
Generated (GRU),0.6666666666666666
Generated (GRU),0.8571428571428571
Generated (GRU),0.8571428571428571
Generated (GRU),0.7894736842105263
Generated (GRU),0.7142857142857143
Generated (GRU),0.5
Generated (GRU),0.5
Generated (GRU),0.5454545454545454
Generated (GRU),0.6666666666666666
Generated (GRU),0.7142857142857143
Generated (GRU),0.875
Generated (GRU),0.5333333333333333
Generated (GRU),0.8
Generated (GRU),0.6666666666666666
Generated (GRU),0.8333333333333334
Generated (GRU),0.75
Generated (GRU),0.6923076923076923
Generated (GRU),0.8
Generated (GRU),0.6666666666666666
Generated (GRU),0.6666666666666666
Generated (GRU),0.6
Generated (GRU),0.5555555555555556
Generated (GRU),1.0
Generated (GRU),0.6666666666666666
Generated (GRU),0.7142857142857143
Generated (GRU),0.6666666666666666
Generated (GRU),0.8
Generated (GRU),0.5714285714285714
Generated (GRU),0.6666666666666666
Generated (GRU),0.6666666666666666
Generated (GRU),0.6666666666666666
Generated (GRU),0.75
Generated (GRU),0.6363636363636364
Generated (GRU),0.5714285714285714
Generated (GRU),0.6
Generated (GRU),0.8571428571428571
Generated (GRU),0.875
Generated (GRU),0.75
Generated (GRU),0.6
Generated (GRU),0.6666666666666666
Generated (GRU),0.8
Generated (GRU),0.5714285714285714
Generated (GRU),0.5714285714285714
Generated (GRU),0.8
Generated (GRU),0.8
Generated (GRU),0.8
Generated (GRU),0.6666666666666666
Generated (GRU),0.6666666666666666
Generated (GRU),0.6
Generated (GRU),0.6
Generated (GRU),0.5833333333333334
Generated (GRU),0.8571428571428571
Generated (GRU),0.6666666666666666
Generated (GRU),0.6666666666666666
Generated (GRU),0.6666666666666666
Generated (GRU),0.8333333333333334
Generated (GRU),0.6
Generated (GRU),0.6666666666666666
Generated (GRU),1.0
Generated (GRU),0.6
Generated (GRU),0.625
Generated (GRU),0.6428571428571429
Generated (GRU),0.8
Generated (GRU),0.6666666666666666
Generated (GRU),0.6666666666666666
Generated (GRU),0.6666666666666666
Generated (GRU),0.8333333333333334
Generated (GRU),0.6
Generated (GRU),0.8
Generated (GRU),0.5
Generated (GRU),0.5
Generated (GRU),0.6
Generated (GRU),0.7142857142857143
Generated (GRU),0.6666666666666666
Generated (GRU),0.8571428571428571
Generated (GRU),0.6666666666666666
Generated (GRU),0.5
Generated (GRU),0.6666666666666666
Generated (GRU),0.4444444444444444
Generated (GRU),0.8
Generated (GRU),0.6666666666666666
Generated (GRU),0.6
Generated (GRU),0.6666666666666666
Generated (GRU),0.6
Generated (GRU),0.6
Generated (GRU),0.6666666666666666
Generated (GRU),1.0
Generated (GRU),0.5
Generated (GRU),0.7142857142857143
Generated (GRU),0.8
Generated (GRU),0.8
Generated (GRU),0.8
Generated (GRU),0.8
Generated (GRU),1.0
Generated (GRU),0.5
Generated (GRU),0.6
Generated (GRU),0.6
Generated (GRU),0.6666666666666666
Generated (GRU),0.8
Generated (GRU),0.6666666666666666
Generated (GRU),0.5384615384615384
Generated (GRU),0.75
Generated (GRU),0.75
Generated (GRU),1.0
Generated (GRU),0.5
Generated (GRU),0.625
Generated (GRU),0.6153846153846154
Generated (GRU),0.6666666666666666
Generated (GRU),0.5
Generated (GRU),0.6
Generated (GRU),0.8
Generated (GRU),0.6666666666666666
Generated (GRU),0.625
Generated (GRU),0.6
Generated (GRU),0.625
Generated (GRU),0.6
Generated (GRU),1.0
Generated (GRU),1.0
Generated (GRU),0.6
Generated (GRU),0.8
Generated (GRU),0.9
Generated (GRU),0.8333333333333334
Generated (GRU),0.875
Generated (GRU),0.5555555555555556
Generated (GRU),0.6
Generated (GRU),0.8
Generated (GRU),0.5555555555555556
Generated (GRU),0.5714285714285714
Generated (GRU),0.8333333333333334
Generated (GRU),0.6
Generated (GRU),0.5555555555555556
Generated (GRU),0.6
Generated (GRU),0.6666666666666666
Generated (GRU),0.8333333333333334
Generated (GRU),0.6666666666666666
Generated (GRU),0.8333333333333334
Generated (GRU),0.75
Generated (GRU),1.0
Generated (GRU),0.6
Generated (GRU),1.0
Generated (GRU),0.6363636363636364
Generated (GRU),0.8
Generated (GRU),0.6666666666666666
Generated (GRU),0.8
Generated (GRU),0.6
Generated (GRU),0.6666666666666666
Generated (GRU),0.8571428571428571
Generated (GRU),0.5
Generated (GRU),0.6
Generated (GRU),0.9090909090909091
Generated (GRU),0.8
Generated (GRU),0.625
Generated (GRU),0.6666666666666666
Generated (GRU),0.8
Generated (GRU),0.75
Generated (GRU),1.0
Generated (GRU),0.8571428571428571
Generated (GRU),0.8
Generated (GRU),0.7142857142857143
Generated (GRU),0.7
Generated (GRU),0.6666666666666666
Generated (GRU),0.75
Generated (GRU),0.9
Generated (GRU),0.6666666666666666
Generated (GRU),0.8333333333333334
Generated (GRU),0.5
Generated (GRU),0.8
Generated (GRU),0.6
Generated (GRU),0.6666666666666666
Generated (GRU),0.6666666666666666
Generated (GRU),0.6666666666666666
Generated (GRU),0.7142857142857143
Generated (GRU),0.8
Generated (GRU),1.0
Generated (GRU),0.8
Generated (GRU),0.8333333333333334
Generated (GRU),0.7777777777777778
Generated (GRU),0.6666666666666666
Generated (GRU),0.8
Generated (GRU),0.5
Generated (GRU),0.5555555555555556
Generated (GRU),0.8333333333333334
Generated (GRU),0.6
Generated (GRU),0.8
Generated (GRU),0.8333333333333334
Generated (GRU),0.8
Generated (GRU),0.6666666666666666
Generated (GRU),0.7
Generated (GRU),0.6
Generated (GRU),0.6
Generated (GRU),0.7
Generated (GRU),0.7142857142857143
Generated (GRU),0.8
Generated (GRU),0.6
Generated (GRU),0.6666666666666666
Generated (GRU),0.7142857142857143
Generated (GRU),0.5714285714285714
Generated (GRU),0.875
Generated (GRU),0.6
Generated (GRU),0.8
Generated (GRU),0.6
Generated (GRU),0.7272727272727273
Generated (GRU),0.6666666666666666
Generated (GRU),0.5
Generated (GRU),0.5
Generated (GRU),0.8333333333333334
Generated (GRU),0.8
Generated (GRU),0.7142857142857143
Generated (GRU),0.5454545454545454
Generated (GRU),0.8
Generated (GRU),0.6666666666666666
Generated (GRU),0.6
Generated (GRU),0.6
Generated (GRU),0.8
Generated (GRU),0.6666666666666666
Generated (GRU),1.0
Generated (GRU),0.8
Generated (GRU),0.7777777777777778
Generated (GRU),0.6
Generated (GRU),0.8571428571428571
Generated (GRU),0.6
Generated (GRU),0.6666666666666666
Generated (GRU),0.625
Generated (GRU),0.5
Generated (GRU),0.8333333333333334
Generated (GRU),0.65
Generated (GRU),0.7142857142857143
Generated (GRU),0.8571428571428571
Generated (GRU),0.7142857142857143
Generated (GRU),0.75
Generated (GRU),0.6666666666666666
Generated (GRU),0.6
Generated (GRU),0.8
Generated (GRU),0.8
Generated (GRU),0.7142857142857143
Generated (GRU),0.8
Generated (GRU),0.6666666666666666
Generated (GRU),0.8333333333333334
Generated (GRU),0.6666666666666666
Generated (GRU),0.6
Generated (GRU),0.6666666666666666
Generated (GRU),0.5714285714285714
Generated (GRU),0.6
Generated (GRU),0.6666666666666666
Generated (GRU),0.5
Generated (GRU),0.8
Generated (GRU),0.6
Generated (GRU),0.6666666666666666
Generated (GRU),0.5833333333333334
Generated (GRU),0.75
Generated (GRU),0.6
Generated (GRU),0.625
Generated (GRU),0.6666666666666666
Generated (GRU),0.6
Generated (GRU),0.625
Generated (GRU),0.8
Generated (GRU),0.7
Generated (GRU),0.75
Generated (GRU),0.5
Generated (GRU),0.8571428571428571
Generated (GRU),0.5714285714285714
Generated (GRU),0.6
Generated (GRU),0.5714285714285714
Generated (GRU),0.6
Generated (GRU),0.7142857142857143
Generated (GRU),0.5294117647058824
Generated (GRU),0.6
Generated (GRU),0.6153846153846154
Generated (GRU),0.6666666666666666
Generated (GRU),0.6153846153846154
Generated (GRU),0.8
Generated (GRU),0.4666666666666667
Generated (GRU),0.8
Generated (GRU),0.7142857142857143
Generated (GRU),0.8333333333333334
Generated (GRU),1.0
Generated (GRU),0.625
Generated (GRU),0.5454545454545454
Generated (GRU),0.6666666666666666
Generated (GRU),0.6
Generated (GRU),0.8333333333333334
Generated (GRU),0.6666666666666666
Generated (GRU),0.625
Generated (GRU),0.6
Generated (GRU),0.5
Generated (GRU),0.7142857142857143
Generated (GRU),0.5714285714285714
Generated (GRU),0.8571428571428571
Generated (GRU),0.6666666666666666
Generated (GRU),0.6
Generated (GRU),0.625
Generated (GRU),0.6666666666666666
Generated (GRU),0.8
Generated (GRU),0.8
Generated (GRU),0.75
Generated (GRU),0.6666666666666666
Generated (GRU),1.0
Generated (GRU),0.5714285714285714
Generated (GRU),0.8
Generated (GRU),0.75
Generated (GRU),0.9090909090909091
Generated (GRU),0.8
Generated (GRU),0.6
Generated (GRU),0.8
Generated (GRU),0.5714285714285714
Generated (GRU),1.0
Generated (GRU),0.625
Generated (GRU),0.6
Generated (GRU),0.8333333333333334
Generated (GRU),0.7142857142857143
Generated (GRU),0.5
Generated (GRU),0.625
Generated (GRU),1.0
Generated (GRU),0.6
Generated (GRU),0.5714285714285714
Generated (GRU),0.7777777777777778
Generated (GRU),0.8571428571428571
Generated (GRU),0.7727272727272727
Generated (GRU),0.5
Generated (GRU),0.6666666666666666
Generated (GRU),0.6666666666666666
Generated (GRU),0.8571428571428571
Generated (GRU),0.7142857142857143
Generated (GRU),0.8
Generated (GRU),0.875
Generated (GRU),1.0
Generated (GRU),0.8333333333333334
Generated (GRU),1.0
Generated (GRU),0.6
Generated (GRU),0.6
Generated (GRU),0.6666666666666666
Generated (GRU),0.5
Generated (GRU),0.6
Generated (GRU),0.8333333333333334
Generated (GRU),0.6666666666666666
Generated (GRU),1.0
Generated (GRU),0.625
Generated (GRU),0.6
Generated (GRU),0.5
Generated (GRU),0.6
Generated (GRU),0.6
Generated (GRU),0.8
Generated (GRU),0.8333333333333334
Generated (GRU),0.9333333333333333
Generated (GRU),0.6666666666666666
Generated (GRU),0.8
Generated (GRU),0.6
Generated (GRU),0.6923076923076923
Generated (GRU),0.6363636363636364
Generated (GRU),0.8
Generated (GRU),0.8
Generated (GRU),0.7142857142857143
Generated (GRU),0.6
Generated (GRU),0.6363636363636364
Generated (GRU),0.8
Generated (GRU),0.5
Generated (GRU),0.6666666666666666
Generated (GRU),0.8
Generated (GRU),0.6
Generated (GRU),0.625
Generated (GRU),0.8
Generated (GRU),0.8333333333333334
Generated (GRU),0.8
Generated (GRU),0.7142857142857143
Generated (GRU),0.5555555555555556
Generated (GRU),0.625
Generated (GRU),0.6
Generated (GRU),0.6666666666666666
Generated (GRU),0.8333333333333334
Generated (GRU),0.6666666666666666
Generated (GRU),0.7777777777777778
Generated (GRU),0.8
Generated (GRU),0.7142857142857143
Generated (GRU),0.8333333333333334
Generated (GRU),0.7
Generated (GRU),0.5
Generated (GRU),0.5
Generated (GRU),0.8
Generated (GRU),0.6666666666666666
Generated (GRU),0.75
Generated (GRU),0.6666666666666666
Generated (GRU),0.6666666666666666
Generated (GRU),0.7777777777777778
Generated (GRU),0.5555555555555556
Generated (GRU),0.6923076923076923
Generated (GRU),0.8333333333333334
Generated (GRU),0.6666666666666666
Generated (GRU),0.7
Generated (GRU),0.6666666666666666
Generated (GRU),0.6666666666666666
Generated (GRU),0.6
Generated (GRU),0.6
Generated (GRU),0.5555555555555556
Generated (GRU),0.6666666666666666
Generated (GRU),0.8888888888888888
Generated (GRU),0.6666666666666666
Generated (GRU),0.8
Generated (GRU),0.875
Generated (GRU),0.5
Generated (GRU),0.6
Generated (GRU),0.8
Generated (GRU),0.8
Generated (GRU),0.6
Generated (GRU),0.6
Generated (GRU),0.6
Generated (GRU),0.8
Generated (GRU),0.6363636363636364
Generated (GRU),0.7142857142857143
Generated (GRU),0.5
Generated (GRU),0.6153846153846154
Generated (GRU),0.75
Generated (GRU),0.6
Generated (GRU),0.6
Generated (GRU),0.8
Generated (GRU),0.875
Generated (GRU),1.0
Generated (GRU),0.8
Generated (GRU),0.8
Generated (GRU),0.6666666666666666
Generated (GRU),0.8
Generated (GRU),1.0
Generated (GRU),0.8
Generated (GRU),0.6
Generated (GRU),0.6666666666666666
Generated (GRU),0.7777777777777778
Generated (GRU),0.8571428571428571
Generated (GRU),0.5454545454545454
Generated (GRU),0.8
Generated (GRU),0.8
Generated (GRU),0.6
Generated (GRU),0.6
Generated (GRU),0.8
Generated (GRU),0.8
Generated (GRU),0.8
Generated (GRU),0.6
Generated (GRU),0.8
Generated (GRU),0.8333333333333334
Generated (GRU),0.6666666666666666
Generated (GRU),0.7142857142857143
Generated (GRU),0.6666666666666666
Generated (GRU),0.7142857142857143
Generated (GRU),0.5
Generated (GRU),0.7
Generated (GRU),0.8
Generated (GRU),0.6
Generated (GRU),0.6666666666666666
Generated (GRU),0.6666666666666666
Generated (GRU),0.6
Generated (GRU),0.6
Generated (GRU),0.6666666666666666
Generated (GRU),0.7142857142857143
Generated (GRU),0.8
Generated (GRU),0.6666666666666666
Generated (GRU),0.625
Generated (GRU),0.5
Generated (GRU),0.5454545454545454
Generated (GRU),0.8333333333333334
Generated (GRU),0.7692307692307693
Generated (GRU),0.6666666666666666
Generated (GRU),0.8333333333333334
Generated (GRU),0.8333333333333334
Generated (GRU),0.6
Generated (GRU),0.8333333333333334
Generated (GRU),0.6666666666666666
Generated (GRU),0.7777777777777778
Generated (GRU),0.6
Generated (GRU),0.6
Generated (GRU),0.8
Generated (GRU),0.6666666666666666
Generated (GRU),0.6
Generated (GRU),0.6666666666666666
Generated (GRU),0.8333333333333334
Generated (GRU),0.6666666666666666
Generated (GRU),0.6666666666666666
Generated (GRU),1.0
Generated (GRU),0.6923076923076923
Generated (GRU),0.6666666666666666
Generated (GRU),0.8
Generated (GRU),0.625
Generated (GRU),0.8
Generated (GRU),0.5833333333333334
Generated (GRU),0.6
Generated (GRU),0.6
Generated (GRU),0.6666666666666666
Generated (GRU),0.7368421052631579
Generated (GRU),0.8
Generated (GRU),0.9166666666666666
Generated (GRU),0.6666666666666666
Generated (GRU),0.6666666666666666
Generated (GRU),0.7142857142857143
Generated (GRU),0.7142857142857143
Generated (GRU),0.6
Generated (GRU),1.0
Generated (GRU),0.6
Generated (GRU),0.8
Generated (GRU),0.6666666666666666
Generated (GRU),0.7692307692307693
Generated (GRU),0.6
Generated (GRU),0.625
Generated (GRU),0.8
Generated (GRU),0.6
Generated (GRU),0.8571428571428571
Generated (GRU),1.0
Generated (GRU),1.0
Generated (GRU),1.0
Generated (GRU),0.6
Generated (GRU),0.8
Generated (GRU),0.6
Generated (GRU),0.6
Generated (GRU),0.8
Generated (GRU),0.7
Generated (GRU),0.6666666666666666
Generated (GRU),0.5454545454545454
Generated (GRU),0.8888888888888888
Generated (GRU),0.6666666666666666
Generated (GRU),0.5714285714285714
Generated (GRU),0.6
Generated (GRU),0.6666666666666666
Generated (GRU),0.8
Generated (GRU),0.8
Generated (GRU),0.6666666666666666
Generated (GRU),0.5
Generated (GRU),0.5714285714285714
Generated (GRU),0.6
Generated (GRU),0.7142857142857143
Generated (GRU),0.6666666666666666
Generated (GRU),0.8333333333333334
Generated (GRU),0.7142857142857143
Generated (GRU),0.75
Generated (GRU),0.8333333333333334
Generated (GRU),0.6
Generated (GRU),0.5714285714285714
Generated (GRU),0.5
Generated (GRU),0.8
Generated (GRU),0.625
Generated (GRU),0.5
Generated (GRU),0.8
Generated (GRU),0.6666666666666666
Generated (GRU),1.0
Generated (GRU),0.6666666666666666
Generated (GRU),0.7142857142857143
Generated (GRU),0.6666666666666666
Generated (GRU),0.6
Generated (GRU),0.6
Generated (GRU),0.6666666666666666
Generated (GRU),0.6666666666666666
Generated (GRU),0.6666666666666666
Generated (GRU),0.6666666666666666
Generated (GRU),0.6666666666666666
Generated (GRU),0.8
Generated (GRU),0.6363636363636364
Generated (GRU),0.625
Generated (GRU),0.5555555555555556
Generated (GRU),0.625
Generated (GRU),0.6
Generated (GRU),0.6
Generated (GRU),1.0
Generated (GRU),0.8888888888888888
Generated (GRU),0.7142857142857143
Generated (GRU),0.6
Generated (GRU),0.7142857142857143
Generated (GRU),0.6666666666666666
Generated (GRU),0.6666666666666666
Generated (GRU),0.7142857142857143
Generated (GRU),0.8
Generated (GRU),0.8571428571428571
Generated (GRU),0.8333333333333334
Generated (GRU),0.6666666666666666
Generated (GRU),0.6363636363636364
Generated (GRU),0.6
Generated (GRU),1.0
Generated (GRU),0.5
Generated (GRU),0.7272727272727273
Generated (GRU),0.6666666666666666
Generated (GRU),0.46153846153846156
Generated (GRU),0.8
Generated (GRU),0.42857142857142855
Generated (GRU),0.75
Generated (GRU),0.6666666666666666
Generated (GRU),0.6666666666666666
Generated (GRU),0.5
Generated (GRU),0.6
Generated (GRU),0.6666666666666666
Generated (GRU),0.8
Generated (GRU),0.6666666666666666
Generated (GRU),0.8571428571428571
Generated (GRU),0.6
Generated (GRU),0.6666666666666666
Generated (GRU),0.6666666666666666
Generated (GRU),0.6666666666666666
Generated (GRU),0.7777777777777778
Generated (GRU),0.6666666666666666
Generated (GRU),0.9166666666666666
Generated (GRU),0.6666666666666666
Generated (GRU),0.6666666666666666
Generated (GRU),1.0
Generated (GRU),0.6666666666666666
Generated (GRU),0.6
Generated (GRU),1.0
Generated (GRU),0.6
Generated (GRU),0.8
Generated (GRU),0.6
Generated (GRU),0.5
Generated (GRU),0.8
Generated (GRU),1.0
Generated (GRU),0.6666666666666666
Generated (GRU),0.625
Generated (GRU),0.6
Generated (GRU),0.6
Generated (GRU),0.4444444444444444
Generated (GRU),0.6666666666666666
Generated (GRU),0.6666666666666666
Generated (GRU),1.0
Generated (GRU),0.6
Generated (GRU),0.8571428571428571
Generated (GRU),0.6666666666666666
Generated (GRU),0.6
Generated (GRU),0.5
Generated (GRU),0.8421052631578947
Generated (GRU),0.6666666666666666
Generated (GRU),0.75
Generated (GRU),0.6666666666666666
Generated (GRU),0.8
Generated (GRU),0.8
Generated (GRU),0.6
Generated (GRU),0.6
Generated (GRU),0.8
Generated (GRU),0.8
Generated (GRU),0.6666666666666666
Generated (GRU),0.8
Generated (GRU),0.8333333333333334
Generated (GRU),0.8
Generated (GRU),0.6
Generated (GRU),0.7142857142857143
Generated (GRU),0.7142857142857143
Generated (GRU),0.6666666666666666
Generated (GRU),0.7272727272727273
Generated (GRU),0.8333333333333334
Generated (GRU),0.6666666666666666
Generated (GRU),0.5
Generated (GRU),0.6666666666666666
Generated (GRU),0.6
Generated (GRU),0.8571428571428571
Generated (GRU),0.75
Generated (GRU),0.5555555555555556
Generated (GRU),0.6
Generated (GRU),0.7272727272727273
Generated (GRU),0.6666666666666666
Generated (GRU),0.8
Generated (GRU),0.875
Generated (GRU),0.6
Generated (GRU),0.625
Generated (GRU),0.6
Generated (GRU),0.6666666666666666
Generated (GRU),0.8
Generated (GRU),0.6
Generated (GRU),0.8
Generated (GRU),0.8333333333333334
Generated (GRU),0.6666666666666666
Generated (GRU),0.6363636363636364
Generated (GRU),0.7692307692307693
Generated (LSTM),0.625
Generated (LSTM),0.6
Generated (LSTM),0.8333333333333334
Generated (LSTM),0.6
Generated (LSTM),0.6666666666666666
Generated (LSTM),0.6666666666666666
Generated (LSTM),0.7058823529411765
Generated (LSTM),0.7777777777777778
Generated (LSTM),0.6
Generated (LSTM),0.6666666666666666
Generated (LSTM),0.75
Generated (LSTM),0.6666666666666666
Generated (LSTM),0.6666666666666666
Generated (LSTM),0.5
Generated (LSTM),0.6363636363636364
Generated (LSTM),0.8
Generated (LSTM),0.625
Generated (LSTM),0.6666666666666666
Generated (LSTM),0.8
Generated (LSTM),0.5714285714285714
Generated (LSTM),0.7
Generated (LSTM),0.8571428571428571
Generated (LSTM),0.6666666666666666
Generated (LSTM),0.6666666666666666
Generated (LSTM),0.6666666666666666
Generated (LSTM),0.5833333333333334
Generated (LSTM),0.6666666666666666
Generated (LSTM),1.0
Generated (LSTM),0.7142857142857143
Generated (LSTM),0.625
Generated (LSTM),0.5555555555555556
Generated (LSTM),0.6
Generated (LSTM),0.8
Generated (LSTM),0.8461538461538461
Generated (LSTM),0.6666666666666666
Generated (LSTM),1.0
Generated (LSTM),0.8333333333333334
Generated (LSTM),0.7777777777777778
Generated (LSTM),0.6
Generated (LSTM),0.75
Generated (LSTM),0.8
Generated (LSTM),0.625
Generated (LSTM),0.6666666666666666
Generated (LSTM),0.875
Generated (LSTM),0.9
Generated (LSTM),0.6666666666666666
Generated (LSTM),0.5454545454545454
Generated (LSTM),0.5
Generated (LSTM),0.8
Generated (LSTM),0.5714285714285714
Generated (LSTM),0.9
Generated (LSTM),0.6363636363636364
Generated (LSTM),0.6
Generated (LSTM),0.6666666666666666
Generated (LSTM),0.8
Generated (LSTM),0.625
Generated (LSTM),0.8
Generated (LSTM),0.7142857142857143
Generated (LSTM),0.6666666666666666
Generated (LSTM),0.7142857142857143
Generated (LSTM),0.6666666666666666
Generated (LSTM),0.7
Generated (LSTM),0.6666666666666666
Generated (LSTM),1.0
Generated (LSTM),0.46153846153846156
Generated (LSTM),1.0
Generated (LSTM),1.0
Generated (LSTM),0.6666666666666666
Generated (LSTM),1.0
Generated (LSTM),0.7
Generated (LSTM),0.7692307692307693
Generated (LSTM),0.6666666666666666
Generated (LSTM),0.8
Generated (LSTM),0.6666666666666666
Generated (LSTM),0.7272727272727273
Generated (LSTM),0.5294117647058824
Generated (LSTM),0.6666666666666666
Generated (LSTM),0.5833333333333334
Generated (LSTM),0.8
Generated (LSTM),0.5
Generated (LSTM),0.8
Generated (LSTM),0.6666666666666666
Generated (LSTM),0.8
Generated (LSTM),0.8888888888888888
Generated (LSTM),0.5
Generated (LSTM),0.6666666666666666
Generated (LSTM),0.6666666666666666
Generated (LSTM),0.625
Generated (LSTM),0.625
Generated (LSTM),0.6
Generated (LSTM),0.6666666666666666
Generated (LSTM),0.6
Generated (LSTM),0.6
Generated (LSTM),0.6
Generated (LSTM),0.6666666666666666
Generated (LSTM),0.5555555555555556
Generated (LSTM),0.7142857142857143
Generated (LSTM),0.6
Generated (LSTM),0.8
Generated (LSTM),0.625
Generated (LSTM),0.6666666666666666
Generated (LSTM),0.6666666666666666
Generated (LSTM),0.625
Generated (LSTM),0.7142857142857143
Generated (LSTM),0.625
Generated (LSTM),0.5
Generated (LSTM),0.5
Generated (LSTM),0.8
Generated (LSTM),0.625
Generated (LSTM),0.625
Generated (LSTM),0.5
Generated (LSTM),0.6666666666666666
Generated (LSTM),0.5714285714285714
Generated (LSTM),0.6
Generated (LSTM),0.6
Generated (LSTM),0.6
Generated (LSTM),0.75
Generated (LSTM),0.8
Generated (LSTM),0.6
Generated (LSTM),0.8333333333333334
Generated (LSTM),0.7777777777777778
Generated (LSTM),0.6666666666666666
Generated (LSTM),0.7142857142857143
Generated (LSTM),0.6666666666666666
Generated (LSTM),0.6666666666666666
Generated (LSTM),0.8
Generated (LSTM),0.6
Generated (LSTM),0.5714285714285714
Generated (LSTM),0.625
Generated (LSTM),0.6666666666666666
Generated (LSTM),0.7142857142857143
Generated (LSTM),0.7272727272727273
Generated (LSTM),0.9
Generated (LSTM),0.6
Generated (LSTM),0.75
Generated (LSTM),0.6666666666666666
Generated (LSTM),0.8181818181818182
Generated (LSTM),0.625
Generated (LSTM),0.6666666666666666
Generated (LSTM),1.0
Generated (LSTM),1.0
Generated (LSTM),0.6666666666666666
Generated (LSTM),0.6363636363636364
Generated (LSTM),0.8
Generated (LSTM),0.6666666666666666
Generated (LSTM),0.8333333333333334
Generated (LSTM),0.6666666666666666
Generated (LSTM),0.6
Generated (LSTM),0.6666666666666666
Generated (LSTM),0.6666666666666666
Generated (LSTM),1.0
Generated (LSTM),0.7142857142857143
Generated (LSTM),0.6
Generated (LSTM),0.6
Generated (LSTM),0.6
Generated (LSTM),0.8333333333333334
Generated (LSTM),0.6666666666666666
Generated (LSTM),0.6666666666666666
Generated (LSTM),0.6666666666666666
Generated (LSTM),0.6
Generated (LSTM),0.4
Generated (LSTM),0.8
Generated (LSTM),0.625
Generated (LSTM),0.7
Generated (LSTM),0.6
Generated (LSTM),0.6153846153846154
Generated (LSTM),0.6
Generated (LSTM),0.5714285714285714
Generated (LSTM),0.6666666666666666
Generated (LSTM),0.7142857142857143
Generated (LSTM),0.75
Generated (LSTM),0.8571428571428571
Generated (LSTM),0.8333333333333334
Generated (LSTM),0.8
Generated (LSTM),0.7142857142857143
Generated (LSTM),0.6
Generated (LSTM),0.6
Generated (LSTM),0.6666666666666666
Generated (LSTM),0.6666666666666666
Generated (LSTM),0.5
Generated (LSTM),0.6666666666666666
Generated (LSTM),0.8
Generated (LSTM),0.6666666666666666
Generated (LSTM),0.6
Generated (LSTM),0.625
Generated (LSTM),0.6
Generated (LSTM),0.8
Generated (LSTM),0.6896551724137931
Generated (LSTM),0.6
Generated (LSTM),0.6666666666666666
Generated (LSTM),0.4444444444444444
Generated (LSTM),0.6
Generated (LSTM),0.7142857142857143
Generated (LSTM),0.6666666666666666
Generated (LSTM),1.0
Generated (LSTM),0.8
Generated (LSTM),0.8
Generated (LSTM),0.7
Generated (LSTM),1.0
Generated (LSTM),1.0
Generated (LSTM),0.8333333333333334
Generated (LSTM),0.6666666666666666
Generated (LSTM),0.6
Generated (LSTM),0.8
Generated (LSTM),0.8823529411764706
Generated (LSTM),0.8
Generated (LSTM),0.7777777777777778
Generated (LSTM),0.6
Generated (LSTM),0.6923076923076923
Generated (LSTM),0.5555555555555556
Generated (LSTM),0.6
Generated (LSTM),0.6666666666666666
Generated (LSTM),0.6
Generated (LSTM),0.5714285714285714
Generated (LSTM),0.6
Generated (LSTM),0.8333333333333334
Generated (LSTM),0.45454545454545453
Generated (LSTM),0.6666666666666666
Generated (LSTM),0.6666666666666666
Generated (LSTM),0.6666666666666666
Generated (LSTM),0.6666666666666666
Generated (LSTM),0.7
Generated (LSTM),0.7692307692307693
Generated (LSTM),0.6666666666666666
Generated (LSTM),0.7777777777777778
Generated (LSTM),0.6666666666666666
Generated (LSTM),0.6666666666666666
Generated (LSTM),0.8333333333333334
Generated (LSTM),0.6
Generated (LSTM),0.75
Generated (LSTM),0.6666666666666666
Generated (LSTM),0.5238095238095238
Generated (LSTM),0.8
Generated (LSTM),0.6
Generated (LSTM),0.8
Generated (LSTM),0.8181818181818182
Generated (LSTM),0.6
Generated (LSTM),0.8
Generated (LSTM),0.7142857142857143
Generated (LSTM),0.6923076923076923
Generated (LSTM),0.5
Generated (LSTM),0.6
Generated (LSTM),0.625
Generated (LSTM),0.7142857142857143
Generated (LSTM),0.8
Generated (LSTM),0.6
Generated (LSTM),0.6666666666666666
Generated (LSTM),1.0
Generated (LSTM),0.6666666666666666
Generated (LSTM),0.5
Generated (LSTM),0.6666666666666666
Generated (LSTM),0.8
Generated (LSTM),0.8333333333333334
Generated (LSTM),0.8
Generated (LSTM),0.6
Generated (LSTM),0.7142857142857143
Generated (LSTM),0.625
Generated (LSTM),0.6
Generated (LSTM),0.8
Generated (LSTM),0.6666666666666666
Generated (LSTM),0.6
Generated (LSTM),0.6
Generated (LSTM),0.6
Generated (LSTM),0.6
Generated (LSTM),0.8
Generated (LSTM),0.8461538461538461
Generated (LSTM),0.6
Generated (LSTM),0.875
Generated (LSTM),0.6666666666666666
Generated (LSTM),0.8333333333333334
Generated (LSTM),0.6666666666666666
Generated (LSTM),0.6
Generated (LSTM),0.8333333333333334
Generated (LSTM),0.7
Generated (LSTM),0.5
Generated (LSTM),0.6666666666666666
Generated (LSTM),0.6666666666666666
Generated (LSTM),0.8
Generated (LSTM),0.6666666666666666
Generated (LSTM),0.6
Generated (LSTM),0.6666666666666666
Generated (LSTM),0.6
Generated (LSTM),1.0
Generated (LSTM),0.7
Generated (LSTM),0.6666666666666666
Generated (LSTM),0.7333333333333333
Generated (LSTM),0.6666666666666666
Generated (LSTM),0.5
Generated (LSTM),0.6666666666666666
Generated (LSTM),0.8
Generated (LSTM),0.6666666666666666
Generated (LSTM),0.6666666666666666
Generated (LSTM),0.7142857142857143
Generated (LSTM),0.6
Generated (LSTM),0.6666666666666666
Generated (LSTM),0.6
Generated (LSTM),0.6666666666666666
Generated (LSTM),0.6666666666666666
Generated (LSTM),0.8181818181818182
Generated (LSTM),0.8571428571428571
Generated (LSTM),0.6
Generated (LSTM),0.8
Generated (LSTM),0.8
Generated (LSTM),0.6
Generated (LSTM),0.6666666666666666
Generated (LSTM),1.0
Generated (LSTM),0.6
Generated (LSTM),0.5714285714285714
Generated (LSTM),0.6666666666666666
Generated (LSTM),1.0
Generated (LSTM),0.6666666666666666
Generated (LSTM),0.5555555555555556
Generated (LSTM),0.5
Generated (LSTM),1.0
Generated (LSTM),0.6666666666666666
Generated (LSTM),0.8333333333333334
Generated (LSTM),0.6666666666666666
Generated (LSTM),0.6666666666666666
Generated (LSTM),0.8571428571428571
Generated (LSTM),0.8
Generated (LSTM),0.6666666666666666
Generated (LSTM),0.8571428571428571
Generated (LSTM),0.46153846153846156
Generated (LSTM),0.625
Generated (LSTM),0.8
Generated (LSTM),0.6666666666666666
Generated (LSTM),0.6
Generated (LSTM),0.5714285714285714
Generated (LSTM),0.6
Generated (LSTM),0.5
Generated (LSTM),0.5
Generated (LSTM),0.625
Generated (LSTM),0.8
Generated (LSTM),0.6666666666666666
Generated (LSTM),0.6
Generated (LSTM),0.6
Generated (LSTM),0.6153846153846154
Generated (LSTM),0.6666666666666666
Generated (LSTM),0.6
Generated (LSTM),0.6
Generated (LSTM),0.6666666666666666
Generated (LSTM),0.8
Generated (LSTM),0.8
Generated (LSTM),0.6
Generated (LSTM),0.8
Generated (LSTM),0.5555555555555556
Generated (LSTM),1.0
Generated (LSTM),1.0
Generated (LSTM),0.7
Generated (LSTM),0.6
Generated (LSTM),0.7272727272727273
Generated (LSTM),0.5555555555555556
Generated (LSTM),0.6666666666666666
Generated (LSTM),0.6666666666666666
Generated (LSTM),1.0
Generated (LSTM),0.8571428571428571
Generated (LSTM),0.625
Generated (LSTM),0.46153846153846156
Generated (LSTM),0.6666666666666666
Generated (LSTM),0.6666666666666666
Generated (LSTM),0.8
Generated (LSTM),0.625
Generated (LSTM),0.625
Generated (LSTM),0.6666666666666666
Generated (LSTM),0.6
Generated (LSTM),0.7857142857142857
Generated (LSTM),0.8
Generated (LSTM),0.8461538461538461
Generated (LSTM),0.75
Generated (LSTM),0.5
Generated (LSTM),0.8333333333333334
Generated (LSTM),0.6923076923076923
Generated (LSTM),0.75
Generated (LSTM),0.6
Generated (LSTM),0.8571428571428571
Generated (LSTM),0.6666666666666666
Generated (LSTM),0.5714285714285714
Generated (LSTM),0.7142857142857143
Generated (LSTM),0.8
Generated (LSTM),0.7272727272727273
Generated (LSTM),0.6
Generated (LSTM),0.625
Generated (LSTM),0.8
Generated (LSTM),0.5714285714285714
Generated (LSTM),0.5
Generated (LSTM),0.8
Generated (LSTM),0.8333333333333334
Generated (LSTM),0.6
Generated (LSTM),0.6153846153846154
Generated (LSTM),0.6666666666666666
Generated (LSTM),0.5714285714285714
Generated (LSTM),0.8333333333333334
Generated (LSTM),0.6666666666666666
Generated (LSTM),0.6
Generated (LSTM),0.6666666666666666
Generated (LSTM),0.6
Generated (LSTM),0.6666666666666666
Generated (LSTM),0.8
Generated (LSTM),0.875
Generated (LSTM),0.8
Generated (LSTM),0.6153846153846154
Generated (LSTM),0.7
Generated (LSTM),0.7142857142857143
Generated (LSTM),0.8
Generated (LSTM),0.75
Generated (LSTM),0.8571428571428571
Generated (LSTM),0.6666666666666666
Generated (LSTM),0.6
Generated (LSTM),0.6666666666666666
Generated (LSTM),0.6363636363636364
Generated (LSTM),0.6
Generated (LSTM),0.6
Generated (LSTM),0.8571428571428571
Generated (LSTM),0.75
Generated (LSTM),0.5833333333333334
Generated (LSTM),1.0
Generated (LSTM),0.7142857142857143
Generated (LSTM),0.7142857142857143
Generated (LSTM),0.8
Generated (LSTM),0.6666666666666666
Generated (LSTM),0.6666666666666666
Generated (LSTM),0.6666666666666666
Generated (LSTM),0.6
Generated (LSTM),0.7142857142857143
Generated (LSTM),0.8
Generated (LSTM),0.7142857142857143
Generated (LSTM),0.7777777777777778
Generated (LSTM),0.8
Generated (LSTM),0.625
Generated (LSTM),0.7142857142857143
Generated (LSTM),0.6470588235294118
Generated (LSTM),0.875
Generated (LSTM),0.6666666666666666
Generated (LSTM),0.6666666666666666
Generated (LSTM),0.7142857142857143
Generated (LSTM),0.6428571428571429
Generated (LSTM),0.625
Generated (LSTM),0.5
Generated (LSTM),0.47058823529411764
Generated (LSTM),0.75
Generated (LSTM),0.6666666666666666
Generated (LSTM),0.6
Generated (LSTM),0.7
Generated (LSTM),0.8571428571428571
Generated (LSTM),0.8
Generated (LSTM),0.8333333333333334
Generated (LSTM),0.6
Generated (LSTM),0.6666666666666666
Generated (LSTM),0.5
Generated (LSTM),0.6666666666666666
Generated (LSTM),0.9
Generated (LSTM),0.6
Generated (LSTM),0.7142857142857143
Generated (LSTM),0.7
Generated (LSTM),0.8888888888888888
Generated (LSTM),1.0
Generated (LSTM),0.5555555555555556
Generated (LSTM),0.6666666666666666
Generated (LSTM),0.75
Generated (LSTM),0.6
Generated (LSTM),0.6
Generated (LSTM),0.85
Generated (LSTM),0.6
Generated (LSTM),0.7272727272727273
Generated (LSTM),0.8571428571428571
Generated (LSTM),0.6
Generated (LSTM),0.6666666666666666
Generated (LSTM),0.5555555555555556
Generated (LSTM),0.7777777777777778
Generated (LSTM),0.8333333333333334
Generated (LSTM),0.6666666666666666
Generated (LSTM),0.6
Generated (LSTM),0.8
Generated (LSTM),0.5555555555555556
Generated (LSTM),0.6
Generated (LSTM),0.7777777777777778
Generated (LSTM),0.6153846153846154
Generated (LSTM),0.8
Generated (LSTM),0.625
Generated (LSTM),0.6666666666666666
Generated (LSTM),0.6
Generated (LSTM),0.8
Generated (LSTM),0.6
Generated (LSTM),0.8
Generated (LSTM),0.8
Generated (LSTM),0.6666666666666666
Generated (LSTM),0.6666666666666666
Generated (LSTM),0.6
Generated (LSTM),0.6666666666666666
Generated (LSTM),0.6666666666666666
Generated (LSTM),0.8333333333333334
Generated (LSTM),0.7333333333333333
Generated (LSTM),0.95
Generated (LSTM),0.6
Generated (LSTM),0.6
Generated (LSTM),0.8
Generated (LSTM),0.6
Generated (LSTM),0.8571428571428571
Generated (LSTM),0.7142857142857143
Generated (LSTM),0.8571428571428571
Generated (LSTM),0.6666666666666666
Generated (LSTM),0.9
Generated (LSTM),0.8181818181818182
Generated (LSTM),0.6
Generated (LSTM),0.6666666666666666
Generated (LSTM),0.6666666666666666
Generated (LSTM),0.5833333333333334
Generated (LSTM),0.6
Generated (LSTM),0.7142857142857143
Generated (LSTM),0.4375
Generated (LSTM),0.8333333333333334
Generated (LSTM),0.6
Generated (LSTM),0.6666666666666666
Generated (LSTM),0.8
Generated (LSTM),0.6153846153846154
Generated (LSTM),0.7142857142857143
Generated (LSTM),0.6
Generated (LSTM),0.6
Generated (LSTM),0.8333333333333334
Generated (LSTM),1.0
Generated (LSTM),0.8
Generated (LSTM),0.5
Generated (LSTM),1.0
Generated (LSTM),0.7142857142857143
Generated (LSTM),0.8333333333333334
Generated (LSTM),0.6153846153846154
Generated (LSTM),1.0
Generated (LSTM),0.5
Generated (LSTM),0.6666666666666666
Generated (LSTM),0.7142857142857143
Generated (LSTM),0.5833333333333334
Generated (LSTM),0.5
Generated (LSTM),0.6153846153846154
Generated (LSTM),0.5
Generated (LSTM),0.8
Generated (LSTM),0.8333333333333334
Generated (LSTM),0.6666666666666666
Generated (LSTM),0.7142857142857143
Generated (LSTM),0.8
Generated (LSTM),0.6
Generated (LSTM),1.0
Generated (LSTM),0.7142857142857143
Generated (LSTM),0.7142857142857143
Generated (LSTM),0.5
Generated (LSTM),0.75
Generated (LSTM),0.5
Generated (LSTM),1.0
Generated (LSTM),0.6666666666666666
Generated (LSTM),0.6666666666666666
Generated (LSTM),1.0
Generated (LSTM),0.5714285714285714
Generated (LSTM),0.8
Generated (LSTM),0.6666666666666666
Generated (LSTM),0.8
Generated (LSTM),0.7692307692307693
Generated (LSTM),0.6666666666666666
Generated (LSTM),0.8
Generated (LSTM),0.6666666666666666
Generated (LSTM),0.6956521739130435
Generated (LSTM),0.6538461538461539
Generated (LSTM),0.5454545454545454
Generated (LSTM),0.8
Generated (LSTM),0.7142857142857143
Generated (LSTM),0.6
Generated (LSTM),0.6666666666666666
Generated (LSTM),0.7142857142857143
Generated (LSTM),0.6666666666666666
Generated (LSTM),0.6
Generated (LSTM),0.7142857142857143
Generated (LSTM),0.6666666666666666
Generated (LSTM),0.8
Generated (LSTM),1.0
Generated (LSTM),0.6666666666666666
Generated (LSTM),0.6666666666666666
Generated (LSTM),0.7142857142857143
Generated (LSTM),0.6666666666666666
Generated (LSTM),0.6666666666666666
Generated (LSTM),0.6363636363636364
Generated (LSTM),0.8571428571428571
Generated (LSTM),0.6666666666666666
Generated (LSTM),0.6666666666666666
Generated (LSTM),0.6
Generated (LSTM),0.8
Generated (LSTM),0.8333333333333334
Generated (LSTM),1.0
Generated (LSTM),0.5
Generated (LSTM),0.7142857142857143
Generated (LSTM),0.6
Generated (LSTM),0.7142857142857143
Generated (LSTM),0.5
Generated (LSTM),0.8
Generated (LSTM),0.625
Generated (LSTM),0.6363636363636364
Generated (LSTM),0.6
Generated (LSTM),0.6666666666666666
Generated (LSTM),0.6
Generated (LSTM),0.6666666666666666
Generated (LSTM),0.8
Generated (LSTM),0.6666666666666666
Generated (LSTM),0.6666666666666666
Generated (LSTM),0.6666666666666666
Generated (LSTM),0.5714285714285714
Generated (LSTM),0.8333333333333334
Generated (LSTM),1.0
Generated (LSTM),0.8
Generated (LSTM),0.6666666666666666
Generated (LSTM),0.8
Generated (LSTM),0.8333333333333334
Generated (LSTM),0.8888888888888888
Generated (LSTM),0.6
Generated (LSTM),0.6666666666666666
Generated (LSTM),0.6363636363636364
Generated (LSTM),0.75
Generated (LSTM),0.5555555555555556
Generated (LSTM),0.6666666666666666
Generated (LSTM),1.0
Generated (LSTM),0.5714285714285714
Generated (LSTM),0.6
Generated (LSTM),0.7
Generated (LSTM),0.9285714285714286
Generated (LSTM),0.6666666666666666
Generated (LSTM),0.5
Generated (LSTM),0.875
Generated (LSTM),0.8333333333333334
Generated (LSTM),0.6666666666666666
Generated (LSTM),0.8333333333333334
Generated (LSTM),0.6
Generated (LSTM),0.6
Generated (LSTM),0.6
Generated (LSTM),0.6666666666666666
Generated (LSTM),0.6
Generated (LSTM),0.5
Generated (LSTM),0.8181818181818182
Generated (LSTM),0.8333333333333334
Generated (LSTM),0.6
Generated (LSTM),1.0
Generated (LSTM),0.6
Generated (LSTM),0.6666666666666666
Generated (LSTM),0.625
Generated (LSTM),0.6666666666666666
Generated (LSTM),0.6
Generated (LSTM),0.5454545454545454
Generated (LSTM),0.7142857142857143
Generated (LSTM),0.7142857142857143
Generated (LSTM),0.625
Generated (LSTM),0.6666666666666666
Generated (LSTM),1.0
Generated (LSTM),0.8
Generated (LSTM),0.5555555555555556
Generated (LSTM),0.7142857142857143
Generated (LSTM),0.7142857142857143
Generated (LSTM),0.8333333333333334
Generated (LSTM),0.6666666666666666
Generated (LSTM),0.8
Generated (LSTM),0.7142857142857143
Generated (LSTM),0.6
Generated (LSTM),0.8
Generated (LSTM),0.5
Generated (LSTM),0.8571428571428571
Generated (LSTM),0.6666666666666666
Generated (LSTM),0.6
Generated (LSTM),0.5714285714285714
Generated (LSTM),0.8333333333333334
Generated (LSTM),0.6666666666666666
Generated (LSTM),0.7142857142857143
Generated (LSTM),1.0
Generated (LSTM),1.0
Generated (LSTM),0.875
Generated (LSTM),0.6666666666666666
Generated (LSTM),0.7142857142857143
Generated (LSTM),0.5714285714285714
Generated (LSTM),0.5714285714285714
Generated (LSTM),0.8
Generated (LSTM),0.6
Generated (LSTM),0.5
Generated (LSTM),0.6666666666666666
Generated (LSTM),0.6
Generated (LSTM),0.8
Generated (LSTM),0.6666666666666666
Generated (LSTM),0.6666666666666666
Generated (LSTM),0.6
Generated (LSTM),0.6
Generated (LSTM),0.6
Generated (LSTM),0.6
Generated (LSTM),0.6666666666666666
Generated (LSTM),0.625
Generated (LSTM),0.8333333333333334
Generated (LSTM),0.8
Generated (LSTM),0.8333333333333334
Generated (LSTM),0.75
Generated (LSTM),0.5
Generated (LSTM),0.7142857142857143
Generated (LSTM),0.5833333333333334
Generated (LSTM),0.6
Generated (LSTM),0.625
Generated (LSTM),0.8333333333333334
Generated (LSTM),0.6666666666666666
Generated (LSTM),0.8333333333333334
Generated (LSTM),0.7142857142857143
Generated (LSTM),0.8888888888888888
Generated (LSTM),0.8
Generated (LSTM),0.7142857142857143
Generated (LSTM),0.7142857142857143
Generated (LSTM),0.8
Generated (LSTM),0.8333333333333334
Generated (LSTM),0.45454545454545453
Generated (LSTM),0.8461538461538461
Generated (LSTM),0.75
Generated (LSTM),0.6
Generated (LSTM),0.5
Generated (LSTM),0.8333333333333334
Generated (LSTM),0.625
Generated (LSTM),0.5714285714285714
Generated (LSTM),0.7142857142857143
Generated (LSTM),0.8571428571428571
Generated (LSTM),0.5714285714285714
Generated (LSTM),0.5714285714285714
Generated (LSTM),0.6363636363636364
Generated (LSTM),0.5
Generated (LSTM),0.8
Generated (LSTM),0.6666666666666666
Generated (LSTM),0.625
Generated (LSTM),0.6
Generated (LSTM),0.6666666666666666
Generated (LSTM),0.6
Generated (LSTM),0.7
Generated (LSTM),0.7142857142857143
Generated (LSTM),0.625
Generated (LSTM),0.8571428571428571
Generated (LSTM),0.8571428571428571
Generated (LSTM),0.6
Generated (LSTM),1.0
Generated (LSTM),0.6666666666666666
Generated (LSTM),0.6071428571428571
Generated (LSTM),0.6
Generated (LSTM),0.6666666666666666
Generated (LSTM),0.6666666666666666
Generated (LSTM),0.6666666666666666
Generated (LSTM),0.6666666666666666
Generated (LSTM),0.7142857142857143
Generated (LSTM),0.6
Generated (LSTM),0.6666666666666666
Generated (LSTM),0.6
Generated (LSTM),0.5
Generated (LSTM),0.6
Generated (LSTM),0.5714285714285714
Generated (LSTM),0.5666666666666667
Generated (LSTM),0.5714285714285714
Generated (LSTM),0.7
Generated (LSTM),0.6666666666666666
Generated (LSTM),0.8
Generated (LSTM),0.8
Generated (LSTM),0.6
Generated (LSTM),0.6
Generated (LSTM),0.7142857142857143
Generated (LSTM),0.8
Generated (LSTM),0.8333333333333334
Generated (LSTM),0.6
Generated (LSTM),0.6666666666666666
Generated (LSTM),0.7142857142857143
Generated (LSTM),0.625
Generated (LSTM),0.5833333333333334
Generated (LSTM),0.6666666666666666
Generated (LSTM),0.625
Generated (LSTM),0.6
Generated (LSTM),0.6
Generated (LSTM),0.7142857142857143
Generated (LSTM),0.6666666666666666
Generated (LSTM),0.6
Generated (LSTM),0.7142857142857143
Generated (LSTM),0.6666666666666666
Generated (LSTM),0.6666666666666666
Generated (LSTM),0.6666666666666666
Generated (LSTM),0.6666666666666666
Generated (LSTM),0.625
Generated (LSTM),0.5
Generated (LSTM),0.75
Generated (LSTM),0.8
Generated (LSTM),0.6666666666666666
Generated (LSTM),0.6666666666666666
Generated (LSTM),0.6
Generated (LSTM),0.8333333333333334
Generated (LSTM),0.6666666666666666
Generated (LSTM),0.6666666666666666
Generated (LSTM),0.8
Generated (LSTM),0.6
Generated (LSTM),0.6
Generated (LSTM),0.8
Generated (LSTM),0.8333333333333334
Generated (LSTM),0.5555555555555556
Generated (LSTM),0.5
Generated (LSTM),0.7142857142857143
Generated (LSTM),0.75
Generated (LSTM),0.75
Generated (LSTM),0.6
Generated (LSTM),0.6666666666666666
Generated (LSTM),0.7
Generated (LSTM),0.8
Generated (LSTM),0.6666666666666666
Generated (LSTM),0.6666666666666666
Generated (LSTM),0.6666666666666666
Generated (LSTM),0.6666666666666666
Generated (LSTM),0.8333333333333334
Generated (LSTM),0.6
Generated (LSTM),0.6666666666666666
Generated (LSTM),0.6
Generated (LSTM),0.7142857142857143
Generated (LSTM),0.6
Generated (LSTM),0.88
Generated (LSTM),0.5555555555555556
Generated (LSTM),0.7142857142857143
Generated (LSTM),0.6666666666666666
Generated (LSTM),0.6
Generated (LSTM),0.7272727272727273
Generated (LSTM),0.6666666666666666
Generated (LSTM),0.6666666666666666
Generated (LSTM),0.7142857142857143
Generated (LSTM),0.7142857142857143
Generated (LSTM),0.625
Generated (LSTM),0.8333333333333334
Generated (LSTM),0.5714285714285714
Generated (LSTM),0.6
Generated (LSTM),0.6666666666666666
Generated (LSTM),0.6
Generated (LSTM),0.8333333333333334
Generated (LSTM),0.5714285714285714
Generated (LSTM),0.875
Generated (LSTM),0.6666666666666666
Generated (LSTM),1.0
Generated (LSTM),0.7
Generated (LSTM),0.5
Generated (LSTM),0.6
Generated (LSTM),1.0
Generated (LSTM),0.5
Generated (LSTM),0.6666666666666666
Generated (LSTM),0.6666666666666666
Generated (LSTM),0.6666666666666666
Generated (LSTM),0.625
Generated (LSTM),0.6
Generated (LSTM),1.0
Generated (LSTM),0.8
Generated (LSTM),0.5714285714285714
Generated (LSTM),0.6666666666666666
Generated (LSTM),0.6666666666666666
Generated (LSTM),0.75
Generated (LSTM),0.8333333333333334
Generated (LSTM),0.75
Generated (LSTM),0.42857142857142855
Generated (LSTM),0.6
Generated (LSTM),0.6666666666666666
Generated (LSTM),0.7142857142857143
Generated (LSTM),0.5384615384615384
Generated (LSTM),0.8333333333333334
Generated (LSTM),0.75
Generated (LSTM),0.625
Generated (LSTM),0.6
Generated (LSTM),0.8
Generated (LSTM),0.5714285714285714
Generated (LSTM),0.6666666666666666
Generated (LSTM),0.7142857142857143
Generated (LSTM),0.8571428571428571
Generated (LSTM),0.8
Generated (LSTM),1.0
Generated (LSTM),0.6666666666666666
Generated (LSTM),0.8461538461538461
Generated (LSTM),0.6666666666666666
Generated (LSTM),0.875
Generated (LSTM),0.6666666666666666
Generated (LSTM),0.6
Generated (LSTM),0.5454545454545454
Generated (LSTM),0.6
Generated (LSTM),0.8
Generated (LSTM),0.8
Generated (LSTM),0.7142857142857143
Generated (LSTM),0.6
Generated (LSTM),0.6666666666666666
Generated (LSTM),0.6
Generated (LSTM),0.6666666666666666
Generated (LSTM),0.6666666666666666
Generated (LSTM),0.46153846153846156
Generated (LSTM),0.6
Generated (LSTM),1.0
Generated (LSTM),0.625
Generated (LSTM),0.5833333333333334
Generated (LSTM),0.5
Generated (LSTM),0.8571428571428571
Generated (LSTM),0.8571428571428571
Generated (LSTM),0.5
Generated (LSTM),0.6
Generated (LSTM),0.5
Generated (LSTM),0.6
Generated (LSTM),0.7142857142857143
Generated (LSTM),0.6
Generated (LSTM),0.8
Generated (LSTM),0.6
Generated (LSTM),0.6666666666666666
Generated (LSTM),0.8333333333333334
Generated (LSTM),0.6666666666666666
Generated (LSTM),0.4
Generated (LSTM),0.6
Generated (LSTM),0.6923076923076923
Generated (LSTM),0.6666666666666666
Generated (LSTM),1.0
Generated (LSTM),0.6
Generated (LSTM),0.6666666666666666
Generated (LSTM),0.625
Generated (LSTM),0.7333333333333333
Generated (LSTM),0.8
Generated (LSTM),0.8
Generated (LSTM),0.6666666666666666
Generated (LSTM),0.8
Generated (LSTM),0.6
Generated (LSTM),0.6666666666666666
Generated (LSTM),0.6
Generated (LSTM),0.8
Generated (LSTM),0.6666666666666666
Generated (LSTM),0.6666666666666666
Generated (LSTM),0.6666666666666666
Generated (LSTM),0.7142857142857143
Generated (LSTM),0.6
Generated (LSTM),0.6666666666666666
Generated (LSTM),0.8
Generated (LSTM),0.6666666666666666
Generated (LSTM),1.0
Generated (LSTM),1.0
Generated (LSTM),0.7272727272727273
Generated (LSTM),0.7692307692307693
Generated (LSTM),0.6666666666666666
Generated (LSTM),0.8
Generated (LSTM),1.0
Generated (LSTM),0.5714285714285714
Generated (LSTM),0.6190476190476191
Generated (LSTM),0.8
Generated (LSTM),0.5833333333333334
Generated (LSTM),0.8
Generated (LSTM),0.6
Generated (LSTM),0.5454545454545454
Generated (LSTM),0.6
Generated (LSTM),0.7272727272727273
Generated (LSTM),0.7
Generated (LSTM),0.8
Generated (LSTM),0.6
Generated (LSTM),0.6
Generated (LSTM),0.5555555555555556
Generated (LSTM),0.75
Generated (LSTM),0.6
Generated (LSTM),0.8333333333333334
Generated (LSTM),0.6
Generated (LSTM),0.875
Generated (LSTM),0.75
Generated (LSTM),0.75
Generated (LSTM),0.5555555555555556
Generated (LSTM),0.5555555555555556
Generated (LSTM),0.6
Generated (LSTM),0.8571428571428571
Generated (LSTM),0.6
Generated (LSTM),0.6
Generated (LSTM),0.8571428571428571
Generated (LSTM),0.8
Generated (LSTM),0.6666666666666666
Generated (LSTM),0.6666666666666666
Generated (LSTM),0.6666666666666666
Generated (LSTM),0.6
Generated (LSTM),0.8888888888888888
Generated (LSTM),0.8
Generated (LSTM),1.0
Generated (LSTM),0.9166666666666666
Generated (LSTM),0.8
Generated (LSTM),0.6666666666666666
Generated (LSTM),0.8
Generated (LSTM),0.5
Generated (LSTM),0.6666666666666666
Generated (LSTM),0.6
Generated (LSTM),0.8333333333333334
Generated (LSTM),0.5714285714285714
Generated (LSTM),0.75
Generated (LSTM),0.5
Generated (LSTM),0.6666666666666666
Generated (LSTM),0.8
Generated (LSTM),0.6
Generated (LSTM),0.6
Generated (LSTM),0.7142857142857143
Generated (LSTM),0.4666666666666667
Generated (LSTM),0.8
Generated (LSTM),0.6666666666666666
Generated (LSTM),0.9285714285714286
Generated (LSTM),0.7142857142857143
Generated (LSTM),0.7142857142857143
Generated (LSTM),1.0
Generated (LSTM),0.5714285714285714
Generated (LSTM),0.6
Generated (LSTM),0.8888888888888888
Generated (LSTM),0.7142857142857143
Generated (LSTM),0.8333333333333334
Generated (LSTM),0.75
Generated (LSTM),0.8333333333333334
Generated (LSTM),0.8333333333333334
Generated (LSTM),0.6666666666666666
Generated (LSTM),0.6666666666666666
Generated (LSTM),0.8333333333333334
Generated (LSTM),0.8571428571428571
Generated (LSTM),0.6666666666666666
Generated (LSTM),0.8
Generated (LSTM),1.0
Generated (LSTM),0.5384615384615384
Generated (LSTM),0.8571428571428571
Generated (LSTM),0.6666666666666666
Generated (LSTM),0.6
Generated (LSTM),1.0
Generated (LSTM),0.6
Generated (LSTM),0.8
Generated (LSTM),0.65
Generated (LSTM),0.6666666666666666
Generated (LSTM),0.8333333333333334
Generated (LSTM),0.8333333333333334
Generated (LSTM),0.7142857142857143
Generated (LSTM),0.6
Generated (LSTM),0.7777777777777778
Generated (LSTM),0.8
Generated (LSTM),0.5
Generated (LSTM),0.8333333333333334
Generated (LSTM),1.0
Generated (LSTM),0.7272727272727273
Generated (LSTM),0.8
Generated (LSTM),0.8
Generated (LSTM),0.5
Generated (LSTM),0.8
Generated (LSTM),0.4444444444444444
Generated (LSTM),0.6666666666666666
Generated (LSTM),0.6666666666666666
Generated (LSTM),1.0
Generated (LSTM),1.0
Generated (LSTM),0.7
Generated (LSTM),0.8
Generated (LSTM),0.9230769230769231
Generated (LSTM),0.6
Generated (LSTM),0.6363636363636364
Generated (LSTM),0.6666666666666666
Generated (LSTM),0.8
Generated (LSTM),0.5833333333333334
Generated (LSTM),0.6
Generated (LSTM),0.6
Generated (LSTM),0.6
Generated (LSTM),0.7142857142857143
Generated (LSTM),0.5
Generated (LSTM),0.8
Generated (LSTM),0.625
Generated (LSTM),0.7692307692307693
Generated (LSTM),0.6363636363636364
Generated (LSTM),0.6666666666666666
Generated (LSTM),0.8333333333333334
Generated (LSTM),0.6
Generated (LSTM),0.5555555555555556
Generated (LSTM),0.6666666666666666
Generated (LSTM),0.8
Generated (LSTM),0.6666666666666666
Generated (LSTM),0.625
Generated (LSTM),0.8181818181818182
Generated (LSTM),0.5833333333333334
Generated (LSTM),0.6666666666666666
Generated (LSTM),0.7777777777777778
Generated (LSTM),0.7142857142857143
Generated (LSTM),0.8333333333333334
Generated (LSTM),0.8333333333333334
Generated (LSTM),0.75
Generated (LSTM),1.0
Generated (LSTM),0.625
Generated (LSTM),0.8
Generated (LSTM),0.8
Generated (LSTM),0.5714285714285714
Generated (LSTM),0.6
Generated (LSTM),0.375
Generated (LSTM),1.0
Generated (LSTM),0.5
Generated (LSTM),0.8
Generated (LSTM),0.7222222222222222
Generated (LSTM),0.75
Generated (LSTM),0.6
Generated (LSTM),0.6666666666666666
Generated (LSTM),0.6666666666666666
Generated (LSTM),0.5714285714285714
Generated (LSTM),0.75
Generated (LSTM),0.625
Generated (LSTM),0.6666666666666666
Generated (LSTM),0.6666666666666666
Generated (LSTM),0.7
Generated (LSTM),0.625
Generated (LSTM),0.8
Generated (LSTM),1.0
Generated (LSTM),0.8
Generated (LSTM),0.6
Generated (LSTM),0.6
Generated (LSTM),0.5
Generated (LSTM),0.5555555555555556
Generated (LSTM),0.8888888888888888
Generated (LSTM),0.8
Generated (LSTM),0.7142857142857143
Generated (LSTM),0.6666666666666666
Generated (LSTM),0.7777777777777778
Generated (LSTM),0.6666666666666666
Generated (LSTM),0.7142857142857143
Generated (LSTM),0.6
Generated (LSTM),0.7777777777777778
Generated (LSTM),0.6
Generated (LSTM),0.8571428571428571
Generated (LSTM),0.6666666666666666
Generated (LSTM),0.6
Generated (LSTM),0.75
Generated (LSTM),0.7142857142857143
Generated (LSTM),0.6
Generated (LSTM),0.8
Generated (LSTM),0.6666666666666666
Generated (LSTM),0.6666666666666666
Generated (LSTM),0.7142857142857143
Generated (LSTM),0.7142857142857143
Generated (LSTM),0.8
Generated (LSTM),0.8
Generated (LSTM),0.6666666666666666
Generated (LSTM),0.6666666666666666
Generated (LSTM),0.8
Generated (LSTM),0.6666666666666666
Generated (LSTM),0.625
Generated (LSTM),0.8
Generated (LSTM),0.6
Generated (LSTM),0.7
Generated (LSTM),0.8
Generated (LSTM),0.4444444444444444
Generated (LSTM),0.7142857142857143
Generated (LSTM),0.5833333333333334
Generated (LSTM),0.8
Generated (LSTM),1.0
Generated (LSTM),0.6
Generated (LSTM),0.8
Generated (LSTM),0.6
Generated (LSTM),0.75
Generated (LSTM),0.6
Generated (LSTM),0.5454545454545454
Generated (LSTM),0.625
Generated (LSTM),0.7777777777777778
Generated (LSTM),0.8
Generated (LSTM),0.8
Generated (LSTM),0.8
Generated (LSTM),0.625
Generated (LSTM),0.6666666666666666
Generated (LSTM),0.6
Generated (LSTM),0.8
Generated (LSTM),0.6666666666666666
Generated (LSTM),0.8
Generated (LSTM),0.6666666666666666
Generated (LSTM),0.6
Generated (LSTM),0.8
Generated (LSTM),1.0
Generated (LSTM),0.6666666666666666
Generated (LSTM),0.5714285714285714
Generated (LSTM),0.8
Generated (LSTM),0.5555555555555556
Generated (LSTM),0.6666666666666666
Generated (LSTM),0.9
Generated (LSTM),0.6
Generated (LSTM),0.8
Generated (LSTM),0.8333333333333334
Generated (LSTM),0.8
Generated (LSTM),0.8888888888888888
Generated (LSTM),0.7931034482758621
Generated (LSTM),0.6666666666666666
Generated (LSTM),0.6
Generated (LSTM),0.6666666666666666
Generated (LSTM),0.7142857142857143
Generated (LSTM),0.7
Generated (LSTM),0.625
Generated (LSTM),0.6
Generated (LSTM),0.6
Generated (LSTM),0.95
Generated (LSTM),0.7142857142857143
Generated (LSTM),0.6
Generated (LSTM),0.6666666666666666
Generated (LSTM),0.7142857142857143
Generated (LSTM),1.0
Generated (LSTM),0.8461538461538461
Generated (LSTM),0.6666666666666666
Generated (LSTM),0.8333333333333334
Generated (LSTM),0.7142857142857143
Generated (LSTM),0.5
Generated (LSTM),0.5833333333333334
Generated (LSTM),0.625
Generated (LSTM),0.625
Generated (LSTM),0.8
Generated (LSTM),0.8
Generated (LSTM),0.8
Generated (LSTM),0.5714285714285714
Generated (LSTM),0.6666666666666666
Generated (LSTM),0.7
Generated (LSTM),0.7142857142857143
Generated (LSTM),0.8571428571428571
Generated (LSTM),0.5833333333333334
Generated (LSTM),1.0
Generated (LSTM),0.8
Generated (LSTM),0.8571428571428571
Generated (LSTM),1.0
Generated (LSTM),0.625
Generated (LSTM),0.5555555555555556
Generated (LSTM),0.7142857142857143
Generated (LSTM),0.75
Generated (LSTM),0.7142857142857143
Generated (LSTM),0.6666666666666666
Generated (LSTM),0.6
Generated (LSTM),1.0
Generated (LSTM),0.8333333333333334
Generated (LSTM),0.6
Generated (LSTM),0.6666666666666666
Generated (LSTM),0.6666666666666666
Generated (LSTM),0.8333333333333334
Generated (LSTM),0.6
Generated (LSTM),0.6
Generated (LSTM),0.6666666666666666
Generated (LSTM),0.6
Generated (LSTM),0.6666666666666666
Generated (LSTM),1.0
Generated (LSTM),0.6
Generated (LSTM),0.7142857142857143
Generated (LSTM),0.6923076923076923
Generated (LSTM),0.7142857142857143
Generated (LSTM),0.75
Generated (LSTM),0.75
Generated (LSTM),0.6923076923076923
Generated (LSTM),0.6
Generated (LSTM),0.625
Generated (LSTM),0.625
Generated (LSTM),0.6
Generated (LSTM),0.5714285714285714
Generated (LSTM),1.0
Generated (LSTM),0.8
Generated (LSTM),0.8333333333333334
Generated (LSTM),0.8421052631578947
Generated (LSTM),0.625
Generated (LSTM),0.8
Generated (LSTM),0.6666666666666666
Generated (LSTM),0.9
Generated (LSTM),0.6666666666666666
Generated (LSTM),0.5555555555555556
Generated (LSTM),0.8
Generated (LSTM),0.6666666666666666
Generated (LSTM),0.6
Generated (LSTM),0.6363636363636364
Generated (LSTM),0.75
Generated (LSTM),0.6666666666666666
Generated (LSTM),0.6
Generated (LSTM),0.8
Generated (LSTM),0.8
Generated (LSTM),0.625
Generated (LSTM),0.6
Generated (LSTM),0.8571428571428571
Generated (LSTM),0.6666666666666666
Generated (LSTM),0.6
Generated (LSTM),0.8333333333333334
Generated (LSTM),0.8571428571428571
Generated (LSTM),1.0
Generated (LSTM),0.8
Generated (LSTM),0.625
Generated (LSTM),0.9285714285714286
Generated (LSTM),0.8
Generated (LSTM),0.8888888888888888
Generated (LSTM),0.7142857142857143
Generated (LSTM),0.6666666666666666
Generated (LSTM),0.8
Generated (LSTM),0.8
Generated (LSTM),0.5714285714285714
Generated (LSTM),0.5384615384615384
Generated (LSTM),0.6666666666666666
Generated (LSTM),1.0
Generated (LSTM),0.6666666666666666
Generated (LSTM),0.5
Generated (LSTM),0.6666666666666666
Generated (LSTM),0.7
Generated (LSTM),1.0
Generated (LSTM),1.0
Generated (LSTM),0.5714285714285714
Generated (LSTM),0.6
Generated (LSTM),0.6
Generated (LSTM),0.6666666666666666
Generated (LSTM),0.6
Generated (LSTM),0.625
Generated (LSTM),0.6
Generated (LSTM),0.5
Generated (LSTM),0.6666666666666666
Generated (LSTM),0.8
Generated (LSTM),0.8333333333333334
Generated (LSTM),0.6
Generated (LSTM),0.8571428571428571
Generated (LSTM),0.45454545454545453
Generated (LSTM),0.5714285714285714
Generated (LSTM),0.8
Generated (LSTM),0.8
Generated (LSTM),0.6
Generated (LSTM),0.8
Generated (LSTM),0.6666666666666666
Generated (LSTM),0.6666666666666666
Generated (LSTM),0.5714285714285714
Generated (LSTM),0.7
Generated (LSTM),0.6666666666666666
Generated (LSTM),0.6153846153846154
Generated (LSTM),0.8333333333333334
Generated (LSTM),0.6666666666666666
Generated (LSTM),0.6
Generated (LSTM),0.7142857142857143
Generated (LSTM),0.6666666666666666
Generated (LSTM),0.6153846153846154
Generated (LSTM),0.7777777777777778
Generated (LSTM),0.625
Generated (LSTM),0.5714285714285714
Generated (LSTM),0.6666666666666666
Generated (LSTM),0.6666666666666666
Generated (LSTM),0.6666666666666666
Generated (LSTM),0.8
Generated (LSTM),0.8333333333333334
Generated (LSTM),0.6666666666666666
Generated (LSTM),0.6666666666666666
Generated (LSTM),0.6
Generated (LSTM),0.625
Generated (LSTM),0.875
Generated (LSTM),0.6666666666666666
Generated (LSTM),0.75
Generated (LSTM),0.5555555555555556
Generated (LSTM),0.6666666666666666
Generated (LSTM),0.6
Generated (LSTM),0.5714285714285714
Generated (LSTM),0.8888888888888888
Generated (LSTM),0.5555555555555556
Generated (LSTM),0.6
Generated (LSTM),0.8
Generated (LSTM),0.75
Generated (LSTM),0.6
Generated (LSTM),0.7894736842105263
Generated (LSTM),0.8
Generated (LSTM),0.7142857142857143
Generated (LSTM),0.7142857142857143
Generated (LSTM),0.6666666666666666
Generated (LSTM),0.6666666666666666
Generated (LSTM),0.6842105263157895
Generated (LSTM),0.7142857142857143
Generated (LSTM),0.6
Generated (LSTM),0.8
Generated (LSTM),0.8
Generated (LSTM),0.625
Generated (LSTM),0.8
Generated (LSTM),0.5714285714285714
Generated (LSTM),0.625
Generated (LSTM),0.6666666666666666
Generated (LSTM),0.75
Generated (LSTM),0.5555555555555556
Generated (LSTM),0.7
Generated (LSTM),0.5714285714285714
Generated (LSTM),0.8
Generated (LSTM),0.8
Generated (LSTM),0.6666666666666666
Generated (LSTM),0.8
Generated (LSTM),0.8333333333333334
Generated (LSTM),0.8
Generated (LSTM),0.45454545454545453
Generated (LSTM),0.7777777777777778
Generated (LSTM),0.6
Generated (LSTM),0.75
Generated (LSTM),0.4444444444444444
Generated (LSTM),0.8333333333333334
Generated (LSTM),0.6
Generated (LSTM),0.6
Generated (LSTM),0.8
Generated (LSTM),0.8
Generated (LSTM),0.8
Generated (LSTM),0.6666666666666666
Generated (LSTM),0.5384615384615384
Generated (LSTM),0.625
Generated (LSTM),0.6
Generated (LSTM),0.6666666666666666
Generated (LSTM),0.7142857142857143
Generated (LSTM),0.8
Generated (LSTM),0.6
Generated (LSTM),1.0
Generated (LSTM),0.6
Generated (LSTM),0.6666666666666666
Generated (LSTM),0.6923076923076923
Generated (LSTM),0.7
Generated (LSTM),0.6666666666666666
Generated (LSTM),0.6666666666666666
Generated (LSTM),0.6666666666666666
Generated (LSTM),0.6
Generated (LSTM),0.5714285714285714
Generated (LSTM),0.5384615384615384
Generated (LSTM),0.6666666666666666
Generated (LSTM),0.5
Generated (LSTM),0.6
Generated (LSTM),0.6666666666666666
Generated (LSTM),0.6
Generated (LSTM),0.8
Generated (LSTM),0.6
Generated (LSTM),0.6363636363636364
Generated (LSTM),0.6666666666666666
Generated (LSTM),0.8
Generated (LSTM),0.6666666666666666
Generated (LSTM),0.6666666666666666
Generated (LSTM),0.9
Generated (LSTM),0.75
Generated (LSTM),0.6666666666666666
Generated (LSTM),0.625
Generated (LSTM),0.8
Generated (LSTM),0.5
Generated (LSTM),0.5
Generated (LSTM),0.8333333333333334
Generated (LSTM),0.7777777777777778
Generated (LSTM),0.5333333333333333
Generated (LSTM),0.5
Generated (LSTM),0.8
Generated (LSTM),0.8
Generated (LSTM),0.6
Generated (LSTM),0.7083333333333334
Generated (LSTM),0.7
Generated (LSTM),0.6
Generated (LSTM),0.8571428571428571
Generated (LSTM),1.0
Generated (LSTM),0.6
Generated (LSTM),0.5
Generated (LSTM),0.7777777777777778
Generated (LSTM),0.6666666666666666
Generated (LSTM),0.7333333333333333
Generated (LSTM),0.6666666666666666
Generated (LSTM),0.8333333333333334
Generated (LSTM),0.6
Generated (LSTM),1.0
Generated (LSTM),1.0
Generated (LSTM),0.6666666666666666
Generated (LSTM),0.8571428571428571
Generated (LSTM),0.6
Generated (LSTM),0.8
Generated (LSTM),0.8333333333333334
Generated (LSTM),0.6666666666666666
Generated (LSTM),0.7142857142857143
Generated (LSTM),0.6666666666666666
Generated (LSTM),0.5714285714285714
Generated (LSTM),0.6
Generated (LSTM),0.625
Generated (LSTM),0.8
Generated (LSTM),0.6
Generated (LSTM),0.8888888888888888
Generated (LSTM),0.625
Generated (LSTM),0.5555555555555556
Generated (LSTM),0.4666666666666667
Generated (LSTM),0.9230769230769231
Generated (LSTM),0.6
Generated (LSTM),0.7142857142857143
Generated (LSTM),0.6
Generated (LSTM),0.5714285714285714
Generated (LSTM),0.7142857142857143
Generated (LSTM),0.5454545454545454
Generated (LSTM),0.8
Generated (LSTM),0.875
Generated (LSTM),0.6363636363636364
Generated (LSTM),0.6666666666666666
Generated (LSTM),0.6666666666666666
Generated (LSTM),0.75
Generated (LSTM),0.6
Generated (LSTM),0.6
Generated (LSTM),0.6666666666666666
Generated (LSTM),0.5555555555555556
Generated (LSTM),0.6666666666666666
Generated (LSTM),1.0
Generated (LSTM),0.6
Generated (LSTM),0.6666666666666666
Generated (LSTM),0.7272727272727273
Generated (LSTM),0.6666666666666666
Generated (LSTM),0.6666666666666666
Generated (LSTM),0.6
Generated (LSTM),0.6
Generated (LSTM),0.5555555555555556
Generated (LSTM),0.5
Generated (LSTM),0.75
Generated (LSTM),0.6666666666666666
Generated (LSTM),0.7692307692307693
Generated (LSTM),0.8
Generated (LSTM),0.6
Generated (LSTM),0.5
Generated (LSTM),1.0
Generated (LSTM),0.6666666666666666
Generated (LSTM),0.8333333333333334
Generated (LSTM),0.8333333333333334
Generated (LSTM),0.8
Generated (LSTM),0.8
Generated (LSTM),1.0
Generated (LSTM),0.8333333333333334
Generated (LSTM),0.6
Generated (LSTM),0.7
Generated (LSTM),1.0
Generated (LSTM),0.8
Generated (LSTM),0.6666666666666666
Generated (LSTM),0.6
Generated (LSTM),0.6
Generated (LSTM),0.5714285714285714
Generated (LSTM),0.6
Generated (LSTM),0.6666666666666666
Generated (LSTM),0.8333333333333334
Generated (LSTM),0.6666666666666666
Generated (LSTM),0.6363636363636364
Generated (LSTM),0.6
Generated (LSTM),0.8
Generated (LSTM),0.8333333333333334
Generated (LSTM),1.0
Generated (LSTM),0.75
Generated (LSTM),0.6666666666666666
Generated (LSTM),0.75
Generated (LSTM),0.5
Generated (LSTM),0.8
Generated (LSTM),0.75
Generated (LSTM),1.0
Generated (LSTM),0.8333333333333334
Generated (LSTM),0.875
Generated (LSTM),0.6666666666666666
Generated (LSTM),0.5294117647058824
Generated (LSTM),0.6666666666666666
Generated (LSTM),0.5714285714285714
Generated (LSTM),0.8571428571428571
Generated (LSTM),0.5384615384615384
Generated (LSTM),1.0
Generated (LSTM),0.7142857142857143
Generated (LSTM),0.5714285714285714
Generated (LSTM),0.6666666666666666
Generated (LSTM),0.6
Generated (LSTM),0.8571428571428571
Generated (LSTM),0.8
Generated (LSTM),0.5
Generated (LSTM),0.625
Generated (LSTM),0.6666666666666666
Generated (LSTM),0.6666666666666666
Generated (LSTM),0.7142857142857143
Generated (LSTM),0.7777777777777778
Generated (LSTM),0.6
Generated (LSTM),0.6
Generated (LSTM),0.6666666666666666
Generated (LSTM),0.5
Generated (LSTM),0.6
Generated (LSTM),0.7857142857142857
Generated (LSTM),0.5
Generated (LSTM),0.8
Generated (LSTM),0.8333333333333334
Generated (LSTM),0.6
Generated (LSTM),0.6666666666666666
Generated (LSTM),0.8571428571428571
Generated (LSTM),0.7142857142857143
Generated (LSTM),0.6
Generated (LSTM),0.6
Generated (LSTM),0.6
Generated (LSTM),1.0
Generated (LSTM),0.7368421052631579
Generated (LSTM),0.6
Generated (LSTM),1.0
Generated (LSTM),0.6666666666666666
Generated (LSTM),0.8
Generated (LSTM),0.5555555555555556
Generated (LSTM),0.6666666666666666
Generated (LSTM),0.6666666666666666
Generated (LSTM),0.6153846153846154
Generated (LSTM),0.6666666666666666
Generated (LSTM),0.6666666666666666
Generated (LSTM),0.7142857142857143
Generated (LSTM),0.6
Generated (LSTM),0.6
Generated (LSTM),0.6
Generated (LSTM),0.6
Generated (LSTM),0.6666666666666666
Generated (LSTM),0.6
Generated (LSTM),0.5
Generated (LSTM),0.8333333333333334
Generated (LSTM),0.8333333333333334
Generated (LSTM),0.8
Generated (LSTM),0.7777777777777778
Generated (LSTM),0.6363636363636364
Generated (LSTM),0.6
Generated (LSTM),0.5714285714285714
Generated (LSTM),0.6
Generated (LSTM),0.5
Generated (LSTM),0.46153846153846156
Generated (LSTM),0.5
Generated (LSTM),0.6875
Generated (LSTM),0.6
Generated (LSTM),0.5714285714285714
Generated (LSTM),0.7142857142857143
Generated (LSTM),0.5
Generated (LSTM),1.0
Generated (LSTM),0.8
Generated (LSTM),0.6666666666666666
Generated (LSTM),0.875
Generated (LSTM),0.6
Generated (LSTM),1.0
Generated (LSTM),0.8
Generated (LSTM),0.625
Generated (LSTM),0.8
Generated (LSTM),0.8
Generated (LSTM),0.8
Generated (LSTM),0.6666666666666666
Generated (LSTM),0.8
Generated (LSTM),0.8888888888888888
Generated (LSTM),0.8
Generated (LSTM),0.6666666666666666
Generated (LSTM),0.5555555555555556
Generated (LSTM),0.4444444444444444
Generated (LSTM),0.6666666666666666
Generated (LSTM),0.6666666666666666
Generated (LSTM),0.6
Generated (LSTM),0.5714285714285714
Generated (LSTM),0.8333333333333334
Generated (LSTM),0.7142857142857143
Generated (LSTM),0.5555555555555556
Generated (LSTM),0.5833333333333334
Generated (LSTM),0.8
Generated (LSTM),1.0
Generated (LSTM),0.8
Generated (LSTM),0.7142857142857143
Generated (LSTM),0.5454545454545454
Generated (LSTM),0.8333333333333334
Generated (LSTM),0.8
Generated (LSTM),0.7777777777777778
Generated (LSTM),0.6
Generated (LSTM),0.6666666666666666
Generated (LSTM),0.8
Generated (LSTM),0.6
Generated (LSTM),0.9629629629629629
Generated (LSTM),0.6
Generated (LSTM),0.5
Generated (LSTM),0.6
Generated (LSTM),0.6153846153846154
Generated (LSTM),1.0
Generated (LSTM),0.7777777777777778
Generated (LSTM),0.6666666666666666
Generated (LSTM),0.5555555555555556
Generated (LSTM),0.8
Generated (LSTM),0.6
Generated (LSTM),0.6666666666666666
Generated (LSTM),0.6
Generated (LSTM),0.8333333333333334
Generated (LSTM),0.8
Generated (LSTM),0.8181818181818182
Generated (LSTM),0.6
Generated (LSTM),0.6
Generated (LSTM),0.8333333333333334
Generated (LSTM),0.5714285714285714
Generated (LSTM),0.625
Generated (LSTM),0.6666666666666666
Generated (LSTM),0.625
Generated (LSTM),0.6666666666666666
Generated (LSTM),0.6923076923076923
Generated (LSTM),0.6363636363636364
Generated (LSTM),0.6666666666666666
Generated (LSTM),0.8
Generated (LSTM),0.8888888888888888
Generated (LSTM),0.6956521739130435
Generated (LSTM),0.6
Generated (LSTM),0.6666666666666666
Generated (LSTM),0.8571428571428571
Generated (LSTM),0.8
Generated (LSTM),0.8333333333333334
Generated (LSTM),0.7142857142857143
Generated (LSTM),0.75
Generated (LSTM),0.7142857142857143
Generated (LSTM),0.6153846153846154
Generated (LSTM),1.0
Generated (LSTM),0.8
Generated (LSTM),0.6666666666666666
Generated (LSTM),0.5384615384615384
Generated (LSTM),0.6666666666666666
Generated (LSTM),0.8
Generated (LSTM),0.7142857142857143
Generated (LSTM),0.6666666666666666
Generated (LSTM),0.8620689655172413
Generated (LSTM),0.6666666666666666
Generated (LSTM),0.5
Generated (LSTM),0.8
Generated (LSTM),0.6666666666666666
Generated (LSTM),0.6666666666666666
Generated (LSTM),0.5384615384615384
Generated (LSTM),0.8333333333333334
Generated (LSTM),0.5
Generated (LSTM),0.6666666666666666
Generated (LSTM),0.8
Generated (LSTM),0.8571428571428571
Generated (LSTM),0.8
Generated (LSTM),0.6666666666666666
Generated (LSTM),0.8
Generated (LSTM),0.5
Generated (LSTM),0.6
Generated (LSTM),0.8571428571428571
Generated (LSTM),0.6666666666666666
Generated (LSTM),0.8
Generated (LSTM),0.6666666666666666
Generated (LSTM),0.6666666666666666
Generated (LSTM),0.8333333333333334
Generated (LSTM),0.6
Generated (LSTM),0.6666666666666666
Generated (LSTM),0.6666666666666666
Generated (LSTM),0.6666666666666666
Generated (LSTM),0.7272727272727273
Generated (LSTM),0.6
Generated (LSTM),0.6666666666666666
Generated (LSTM),0.6666666666666666
Generated (LSTM),0.8421052631578947
Generated (LSTM),0.5
Generated (LSTM),0.6
Generated (LSTM),0.5
Generated (LSTM),0.5
Generated (LSTM),0.6
Generated (LSTM),0.8571428571428571
Generated (LSTM),0.6666666666666666
Generated (LSTM),0.6666666666666666
Generated (LSTM),0.5
Generated (LSTM),0.5
Generated (LSTM),0.8
Generated (LSTM),0.8571428571428571
Generated (LSTM),0.6666666666666666
Generated (LSTM),0.5
Generated (LSTM),0.7142857142857143
Generated (LSTM),0.6666666666666666
Generated (LSTM),0.5
Generated (LSTM),0.8
Generated (LSTM),0.6923076923076923
Generated (LSTM),0.6666666666666666
Generated (LSTM),0.8
Generated (LSTM),0.625
Generated (LSTM),0.7142857142857143
Generated (LSTM),0.625
Generated (LSTM),0.5
Generated (LSTM),0.6
Generated (LSTM),0.8333333333333334
Generated (LSTM),0.6
Generated (LSTM),0.6
Generated (LSTM),0.5714285714285714
Generated (LSTM),0.5
Generated (LSTM),0.8
Generated (LSTM),0.75
Generated (LSTM),0.6
Generated (LSTM),0.8
Generated (LSTM),0.8
Generated (LSTM),0.6666666666666666
Generated (LSTM),0.6153846153846154
Generated (LSTM),0.5555555555555556
Generated (LSTM),0.7142857142857143
Generated (LSTM),0.5714285714285714
Generated (LSTM),0.8
Generated (LSTM),0.65
Generated (LSTM),0.7777777777777778
Generated (LSTM),0.5
Generated (LSTM),0.7
Generated (LSTM),1.0
Generated (LSTM),0.6666666666666666
Generated (LSTM),0.8333333333333334
Generated (LSTM),0.8
Generated (LSTM),0.6666666666666666
Generated (LSTM),0.625
Generated (LSTM),0.8
Generated (LSTM),0.8333333333333334
Generated (LSTM),0.4444444444444444
Generated (LSTM),0.6666666666666666
Generated (LSTM),0.625
Generated (LSTM),0.6666666666666666
Generated (LSTM),0.6666666666666666
Generated (LSTM),0.6153846153846154
Generated (LSTM),0.6666666666666666
Generated (LSTM),0.6
Generated (LSTM),0.6666666666666666
Generated (LSTM),0.6666666666666666
Generated (LSTM),0.6666666666666666
Generated (LSTM),0.6666666666666666
Generated (LSTM),0.5
Generated (LSTM),0.8888888888888888
Generated (LSTM),0.6666666666666666
Generated (LSTM),0.8333333333333334
Generated (LSTM),1.0
Generated (LSTM),0.7142857142857143
Generated (LSTM),0.6666666666666666
Generated (LSTM),0.6
Generated (LSTM),0.8
Generated (LSTM),0.7142857142857143
Generated (LSTM),0.7647058823529411
Generated (LSTM),0.6
Generated (LSTM),0.625
Generated (LSTM),0.7
Generated (LSTM),0.8888888888888888
Generated (LSTM),0.8333333333333334
Generated (LSTM),0.7
Generated (LSTM),0.8333333333333334
Generated (LSTM),0.8333333333333334
Generated (LSTM),0.7692307692307693
Generated (LSTM),0.6666666666666666
Generated (LSTM),0.8
Generated (LSTM),0.6
Generated (LSTM),0.6666666666666666
Generated (LSTM),0.8333333333333334
Generated (LSTM),0.6666666666666666
Generated (LSTM),0.6
Generated (LSTM),0.6666666666666666
Generated (LSTM),0.5
Generated (LSTM),0.8
Generated (LSTM),0.7142857142857143
Generated (LSTM),0.6666666666666666
Generated (LSTM),0.6
Generated (LSTM),0.5555555555555556
Generated (LSTM),0.9090909090909091
Generated (LSTM),0.6
Generated (LSTM),0.875
Generated (LSTM),0.7272727272727273
Generated (LSTM),0.8333333333333334
Generated (LSTM),0.8571428571428571
Generated (LSTM),0.5555555555555556
Generated (LSTM),0.75
Generated (LSTM),0.6875
Generated (LSTM),0.6
Generated (LSTM),0.875
Generated (LSTM),0.6666666666666666
Generated (LSTM),0.7692307692307693
Generated (LSTM),0.8214285714285714
Generated (LSTM),0.8181818181818182
Generated (LSTM),0.6666666666666666
Generated (LSTM),0.6666666666666666
Generated (LSTM),0.6
Generated (LSTM),0.8
Generated (LSTM),0.5454545454545454
Generated (LSTM),0.6
Generated (LSTM),0.8
Generated (LSTM),0.6
Generated (LSTM),0.6
Generated (LSTM),0.6
Generated (LSTM),0.5
Generated (LSTM),0.75
Generated (LSTM),0.6666666666666666
Generated (LSTM),0.6666666666666666
Generated (LSTM),0.7142857142857143
Generated (LSTM),1.0
Generated (LSTM),0.6
Generated (LSTM),0.6
Generated (LSTM),0.6666666666666666
Generated (LSTM),0.6666666666666666
Generated (LSTM),0.8571428571428571
Generated (LSTM),0.8
Generated (LSTM),0.7
Generated (LSTM),0.75
Generated (LSTM),0.6666666666666666
Generated (LSTM),0.7142857142857143
Generated (LSTM),0.8571428571428571
Generated (LSTM),1.0
Generated (LSTM),0.6666666666666666
Generated (LSTM),0.8571428571428571
Generated (LSTM),0.9473684210526315
Generated (LSTM),0.7777777777777778
Generated (LSTM),0.6
Generated (LSTM),0.6666666666666666
Generated (LSTM),0.5384615384615384
Generated (LSTM),0.75
Generated (LSTM),0.625
Generated (LSTM),0.7142857142857143
Generated (LSTM),0.7777777777777778
Generated (LSTM),0.7142857142857143
Generated (LSTM),0.6
Generated (LSTM),0.8333333333333334
Generated (LSTM),0.6666666666666666
Generated (LSTM),0.8571428571428571
Generated (LSTM),1.0
Generated (LSTM),0.8
Generated (LSTM),0.6
Generated (LSTM),0.5714285714285714
Generated (LSTM),0.6666666666666666
Generated (LSTM),0.7142857142857143
Generated (LSTM),0.8
Generated (LSTM),0.6666666666666666
Generated (LSTM),0.8636363636363636
Generated (LSTM),0.6666666666666666
Generated (LSTM),0.6666666666666666
Generated (LSTM),0.4444444444444444
Generated (LSTM),0.7142857142857143
Generated (LSTM),0.6
Generated (LSTM),0.7142857142857143
Generated (LSTM),0.5555555555555556
Generated (LSTM),0.8
Generated (LSTM),0.5714285714285714
Generated (LSTM),0.7333333333333333
Generated (LSTM),0.8181818181818182
Generated (LSTM),0.6666666666666666
Generated (LSTM),0.6
Generated (LSTM),0.7142857142857143
Generated (LSTM),0.6875
Generated (LSTM),0.6666666666666666
Generated (LSTM),0.6363636363636364
Generated (LSTM),1.0
Generated (LSTM),0.7142857142857143
Generated (LSTM),0.7142857142857143
Generated (LSTM),0.6666666666666666
Generated (LSTM),0.8
Generated (LSTM),1.0
Generated (LSTM),0.5
Generated (LSTM),0.8571428571428571
Generated (LSTM),0.7
Generated (LSTM),0.75
Generated (LSTM),0.6666666666666666
Generated (LSTM),1.0
Generated (LSTM),0.7777777777777778
Generated (LSTM),0.8333333333333334
Generated (LSTM),0.7142857142857143
Generated (LSTM),0.7142857142857143
Generated (LSTM),0.625
Generated (LSTM),0.6
Generated (LSTM),0.8
Generated (LSTM),0.8
Generated (LSTM),0.8
Generated (LSTM),0.6666666666666666
Generated (LSTM),0.6666666666666666
Generated (LSTM),0.8
Generated (LSTM),0.625
Generated (LSTM),0.92
Generated (LSTM),0.7142857142857143
Generated (LSTM),0.6666666666666666
Generated (LSTM),0.5714285714285714
Generated (LSTM),0.6666666666666666
Generated (LSTM),0.8333333333333334
Generated (LSTM),0.6666666666666666
Generated (LSTM),0.8
Generated (LSTM),0.9090909090909091
Generated (LSTM),0.5714285714285714
Generated (LSTM),0.5625
Generated (LSTM),0.6818181818181818
Generated (LSTM),0.8
Generated (LSTM),0.7142857142857143
Generated (LSTM),0.6666666666666666
Generated (LSTM),0.8333333333333334
Generated (LSTM),0.6666666666666666
Generated (LSTM),0.625
Generated (LSTM),0.8333333333333334
Generated (LSTM),0.6
Generated (LSTM),0.6428571428571429
Generated (LSTM),0.6666666666666666
Generated (LSTM),0.5
Generated (LSTM),0.8
Generated (LSTM),0.7142857142857143
Generated (LSTM),0.6
Generated (LSTM),0.7142857142857143
Generated (LSTM),0.6666666666666666
Generated (LSTM),0.8181818181818182
Generated (LSTM),0.6666666666666666
Generated (LSTM),0.6923076923076923
Generated (LSTM),1.0
Generated (LSTM),0.8
Generated (LSTM),0.7142857142857143
Generated (LSTM),0.6
Generated (LSTM),0.8
Generated (LSTM),0.6
Generated (LSTM),1.0
Generated (LSTM),0.6
Generated (LSTM),0.6
Generated (LSTM),0.6666666666666666
Generated (LSTM),0.9090909090909091
Generated (LSTM),0.5454545454545454
Generated (LSTM),0.8333333333333334
Generated (LSTM),0.6666666666666666
Generated (LSTM),1.0
Generated (LSTM),0.6
Generated (LSTM),0.8
Generated (LSTM),0.6666666666666666
Generated (LSTM),0.6
Generated (LSTM),0.6666666666666666
Generated (LSTM),0.6
Generated (LSTM),0.6
Generated (LSTM),0.8
Generated (LSTM),0.7777777777777778
Generated (LSTM),0.7058823529411765
Generated (LSTM),0.8
Generated (LSTM),0.7
Generated (LSTM),0.6363636363636364
Generated (LSTM),0.7142857142857143
Generated (LSTM),0.8
Generated (LSTM),0.8571428571428571
Generated (LSTM),0.5454545454545454
Generated (LSTM),0.6666666666666666
Generated (LSTM),0.6666666666666666
Generated (LSTM),0.8333333333333334
Generated (LSTM),0.6
Generated (LSTM),0.6
Generated (LSTM),0.7777777777777778
Generated (LSTM),0.6666666666666666
Generated (LSTM),0.7142857142857143
Baseline: random,0.5
Baseline: random,0.5714285714285714
Baseline: random,0.6
Baseline: random,0.6666666666666666
Baseline: random,0.6
Baseline: random,0.6666666666666666
Baseline: random,0.6
Baseline: random,0.6666666666666666
Baseline: random,0.7142857142857143
Baseline: random,0.5555555555555556
Baseline: random,0.5
Baseline: random,0.7142857142857143
Baseline: random,0.6666666666666666
Baseline: random,0.6666666666666666
Baseline: random,0.6
Baseline: random,0.6153846153846154
Baseline: random,0.5
Baseline: random,0.5555555555555556
Baseline: random,0.5
Baseline: random,0.6
Baseline: random,0.6
Baseline: random,0.5
Baseline: random,0.8
Baseline: random,0.6666666666666666
Baseline: random,0.6
Baseline: random,0.6666666666666666
Baseline: random,0.46153846153846156
Baseline: random,0.625
Baseline: random,0.6
Baseline: random,0.5
Baseline: random,0.6
Baseline: random,0.6
Baseline: random,0.5
Baseline: random,0.6
Baseline: random,0.6666666666666666
Baseline: random,0.8
Baseline: random,0.5454545454545454
Baseline: random,0.6
Baseline: random,0.8
Baseline: random,0.8333333333333334
Baseline: random,0.4444444444444444
Baseline: random,0.8333333333333334
Baseline: random,0.6
Baseline: random,0.5
Baseline: random,0.6
Baseline: random,0.6666666666666666
Baseline: random,0.375
Baseline: random,0.5
Baseline: random,0.5
Baseline: random,0.6
Baseline: random,0.6666666666666666
Baseline: random,0.6666666666666666
Baseline: random,0.8
Baseline: random,0.5714285714285714
Baseline: random,0.6
Baseline: random,0.6666666666666666
Baseline: random,0.4444444444444444
Baseline: random,0.6
Baseline: random,0.45454545454545453
Baseline: random,0.5
Baseline: random,0.5555555555555556
Baseline: random,0.6666666666666666
Baseline: random,0.8
Baseline: random,0.6
Baseline: random,0.6
Baseline: random,0.6
Baseline: random,0.5714285714285714
Baseline: random,0.6666666666666666
Baseline: random,0.5714285714285714
Baseline: random,0.6
Baseline: random,0.6
Baseline: random,0.4444444444444444
Baseline: random,0.8333333333333334
Baseline: random,0.46153846153846156
Baseline: random,0.5555555555555556
Baseline: random,0.6428571428571429
Baseline: random,0.6
Baseline: random,0.6666666666666666
Baseline: random,0.5
Baseline: random,1.0
Baseline: random,0.6
Baseline: random,0.8
Baseline: random,0.6666666666666666
Baseline: random,0.375
Baseline: random,0.5714285714285714
Baseline: random,0.6666666666666666
Baseline: random,0.8333333333333334
Baseline: random,0.6
Baseline: random,0.5833333333333334
Baseline: random,0.6
Baseline: random,0.6666666666666666
Baseline: random,0.6
Baseline: random,0.5
Baseline: random,0.42857142857142855
Baseline: random,0.6666666666666666
Baseline: random,0.6
Baseline: random,0.6666666666666666
Baseline: random,0.5555555555555556
Baseline: random,0.5
Baseline: random,0.8
Baseline: random,0.6666666666666666
Baseline: random,0.6666666666666666
Baseline: random,0.5
Baseline: random,0.6
Baseline: random,0.6
Baseline: random,0.7142857142857143
Baseline: random,0.5555555555555556
Baseline: random,0.6
Baseline: random,0.5
Baseline: random,0.6666666666666666
Baseline: random,0.5
Baseline: random,0.8
Baseline: random,0.5
Baseline: random,0.5
Baseline: random,0.5714285714285714
Baseline: random,0.6
Baseline: random,0.6
Baseline: random,0.6666666666666666
Baseline: random,0.6
Baseline: random,0.5714285714285714
Baseline: random,0.6666666666666666
Baseline: random,0.6666666666666666
Baseline: random,0.4444444444444444
Baseline: random,0.6
Baseline: random,0.5
Baseline: random,0.6
Baseline: random,0.5333333333333333
Baseline: random,0.6363636363636364
Baseline: random,0.8333333333333334
Baseline: random,0.6666666666666666
Baseline: random,0.5
Baseline: random,0.8
Baseline: random,0.6
Baseline: random,0.8
Baseline: random,0.6666666666666666
Baseline: random,0.7142857142857143
Baseline: random,0.6666666666666666
Baseline: random,0.7142857142857143
Baseline: random,0.6
Baseline: random,0.6666666666666666
Baseline: random,0.6
Baseline: random,0.6
Baseline: random,0.7142857142857143
Baseline: random,0.8
Baseline: random,0.6
Baseline: random,0.6666666666666666
Baseline: random,0.42857142857142855
Baseline: random,0.42857142857142855
Baseline: random,0.6
Baseline: random,0.5
Baseline: random,0.6
Baseline: random,0.8
Baseline: random,0.5
Baseline: random,0.6
Baseline: random,0.6
Baseline: random,0.6
Baseline: random,0.75
Baseline: random,0.6
Baseline: random,0.6
Baseline: random,0.6666666666666666
Baseline: random,0.6
Baseline: random,0.6
Baseline: random,0.46153846153846156
Baseline: random,0.7142857142857143
Baseline: random,0.6
Baseline: random,0.6
Baseline: random,0.8333333333333334
Baseline: random,0.7142857142857143
Baseline: random,0.6666666666666666
Baseline: random,0.7142857142857143
Baseline: random,0.6
Baseline: random,0.6666666666666666
Baseline: random,0.6153846153846154
Baseline: random,0.8571428571428571
Baseline: random,0.6
Baseline: random,0.625
Baseline: random,0.8
Baseline: random,1.0
Baseline: random,0.6666666666666666
Baseline: random,0.6666666666666666
Baseline: random,0.7142857142857143
Baseline: random,0.8
Baseline: random,0.5714285714285714
Baseline: random,0.42857142857142855
Baseline: random,0.6666666666666666
Baseline: random,0.625
Baseline: random,0.5
Baseline: random,0.5
Baseline: random,0.6666666666666666
Baseline: random,0.6
Baseline: random,0.8333333333333334
Baseline: random,0.625
Baseline: random,0.6
Baseline: random,0.8333333333333334
Baseline: random,0.5
Baseline: random,0.6
Baseline: random,0.6666666666666666
Baseline: random,0.6
Baseline: random,0.6
Baseline: random,0.6666666666666666
Baseline: random,0.6
Baseline: random,0.7142857142857143
Baseline: random,0.5
Baseline: random,0.45454545454545453
Baseline: random,0.8333333333333334
Baseline: random,0.5
Baseline: random,0.6666666666666666
Baseline: random,0.625
Baseline: random,0.6
Baseline: random,0.6666666666666666
Baseline: random,0.6666666666666666
Baseline: random,0.6
Baseline: random,0.6
Baseline: random,0.6
Baseline: random,0.6
Baseline: random,0.6
Baseline: random,0.6
Baseline: random,0.7272727272727273
Baseline: random,0.6666666666666666
Baseline: random,0.6666666666666666
Baseline: random,0.6666666666666666
Baseline: random,0.7142857142857143
Baseline: random,0.6
Baseline: random,0.6
Baseline: random,0.6666666666666666
Baseline: random,0.6666666666666666
Baseline: random,0.8571428571428571
Baseline: random,0.625
Baseline: random,0.5
Baseline: random,0.6666666666666666
Baseline: random,0.6666666666666666
Baseline: random,0.6
Baseline: random,0.6
Baseline: random,0.6666666666666666
Baseline: random,0.8333333333333334
Baseline: random,0.6666666666666666
Baseline: random,0.75
Baseline: random,0.8
Baseline: random,0.6666666666666666
Baseline: random,0.6
Baseline: random,0.6666666666666666
Baseline: random,0.8
Baseline: random,0.6
Baseline: random,0.6
Baseline: random,0.6
Baseline: random,0.6
Baseline: random,0.6
Baseline: random,0.6
Baseline: random,0.6
Baseline: random,0.5
Baseline: random,0.6
Baseline: random,0.5
Baseline: random,0.5555555555555556
Baseline: random,0.42857142857142855
Baseline: random,0.5
Baseline: random,0.6666666666666666
Baseline: random,0.6
Baseline: random,0.7
Baseline: random,0.6
Baseline: random,0.6
Baseline: random,0.6
Baseline: random,0.6666666666666666
Baseline: random,0.5333333333333333
Baseline: random,0.4444444444444444
Baseline: random,0.8
Baseline: random,0.4
Baseline: random,0.6
Baseline: random,0.6
Baseline: random,0.6
Baseline: random,0.6666666666666666
Baseline: random,0.625
Baseline: random,0.5
Baseline: random,0.625
Baseline: random,0.6666666666666666
Baseline: random,0.8
Baseline: random,0.6666666666666666
Baseline: random,0.6
Baseline: random,0.6666666666666666
Baseline: random,0.625
Baseline: random,1.0
Baseline: random,0.625
Baseline: random,0.6666666666666666
Baseline: random,0.7142857142857143
Baseline: random,0.6666666666666666
Baseline: random,0.6
Baseline: random,0.8
Baseline: random,0.6666666666666666
Baseline: random,0.6
Baseline: random,0.6
Baseline: random,0.6666666666666666
Baseline: random,0.6
Baseline: random,0.625
Baseline: random,1.0
Baseline: random,0.6666666666666666
Baseline: random,0.8
Baseline: random,0.6
Baseline: random,0.6666666666666666
Baseline: random,0.7142857142857143
Baseline: random,0.6
Baseline: random,0.7142857142857143
Baseline: random,0.6666666666666666
Baseline: random,0.5
Baseline: random,0.6
Baseline: random,0.6666666666666666
Baseline: random,0.6666666666666666
Baseline: random,0.5714285714285714
Baseline: random,0.8
Baseline: random,0.5555555555555556
Baseline: random,0.6666666666666666
Baseline: random,0.8
Baseline: random,0.5
Baseline: random,0.6
Baseline: random,0.6666666666666666
Baseline: random,0.5714285714285714
Baseline: random,0.5
Baseline: random,0.6
Baseline: random,0.5714285714285714
Baseline: random,0.5714285714285714
Baseline: random,0.6666666666666666
Baseline: random,0.8333333333333334
Baseline: random,1.0
Baseline: random,0.5555555555555556
Baseline: random,0.5
Baseline: random,0.6
Baseline: random,0.6666666666666666
Baseline: random,0.6
Baseline: random,0.8333333333333334
Baseline: random,0.6
Baseline: random,0.6
Baseline: random,0.6666666666666666
Baseline: random,0.6666666666666666
Baseline: random,0.5
Baseline: random,0.7142857142857143
Baseline: random,0.6666666666666666
Baseline: random,0.6
Baseline: random,0.5
Baseline: random,0.7
Baseline: random,0.6
Baseline: random,0.5
Baseline: random,0.75
Baseline: random,0.6
Baseline: random,0.6666666666666666
Baseline: random,0.6
Baseline: random,0.7142857142857143
Baseline: random,0.6666666666666666
Baseline: random,0.6
Baseline: random,0.6666666666666666
Baseline: random,0.5555555555555556
Baseline: random,0.6
Baseline: random,0.5
Baseline: random,0.6
Baseline: random,0.6
Baseline: random,0.5
Baseline: random,0.6666666666666666
Baseline: random,0.6
Baseline: random,0.6
Baseline: random,0.625
Baseline: random,0.6
Baseline: random,0.7142857142857143
Baseline: random,0.6
Baseline: random,0.8
Baseline: random,0.6
Baseline: random,0.6
Baseline: random,0.6666666666666666
Baseline: random,0.8571428571428571
Baseline: random,0.5
Baseline: random,0.8
Baseline: random,0.5555555555555556
Baseline: random,0.3333333333333333
Baseline: random,0.8
Baseline: random,0.625
Baseline: random,0.42857142857142855
Baseline: random,0.7142857142857143
Baseline: random,0.5333333333333333
Baseline: random,0.42857142857142855
Baseline: random,0.5
Baseline: random,0.625
Baseline: random,0.6
Baseline: random,0.6
Baseline: random,0.8
Baseline: random,0.6666666666666666
Baseline: random,0.6
Baseline: random,0.6
Baseline: random,0.625
Baseline: random,0.5714285714285714
Baseline: random,0.6
Baseline: random,0.6
Baseline: random,0.7142857142857143
Baseline: random,0.5
Baseline: random,0.6
Baseline: random,0.5
Baseline: random,0.6
Baseline: random,0.8
Baseline: random,0.6
Baseline: random,0.8333333333333334
Baseline: random,0.6
Baseline: random,0.6666666666666666
Baseline: random,0.5
Baseline: random,0.6
Baseline: random,0.6
Baseline: random,0.5714285714285714
Baseline: random,0.6
Baseline: random,0.625
Baseline: random,0.625
Baseline: random,0.8
Baseline: random,0.5555555555555556
Baseline: random,0.6
Baseline: random,0.6666666666666666
Baseline: random,0.5
Baseline: random,0.8
Baseline: random,0.6
Baseline: random,0.6
Baseline: random,0.6
Baseline: random,0.8
Baseline: random,0.5714285714285714
Baseline: random,0.6666666666666666
Baseline: random,0.6
Baseline: random,0.6
Baseline: random,0.8
Baseline: random,0.6
Baseline: random,0.6666666666666666
Baseline: random,0.7142857142857143
Baseline: random,0.8
Baseline: random,0.5
Baseline: random,0.5555555555555556
Baseline: random,0.6666666666666666
Baseline: random,0.6
Baseline: random,0.5
Baseline: random,0.5
Baseline: random,0.5555555555555556
Baseline: random,0.8571428571428571
Baseline: random,0.7777777777777778
Baseline: random,0.6666666666666666
Baseline: random,0.6666666666666666
Baseline: random,0.5
Baseline: random,0.5555555555555556
Baseline: random,0.6
Baseline: random,0.6666666666666666
Baseline: random,0.5714285714285714
Baseline: random,0.6
Baseline: random,0.6
Baseline: random,0.8333333333333334
Baseline: random,0.6666666666666666
Baseline: random,0.5
Baseline: random,0.6428571428571429
Baseline: random,0.5714285714285714
Baseline: random,0.8333333333333334
Baseline: random,0.6
Baseline: random,0.625
Baseline: random,0.8333333333333334
Baseline: random,0.625
Baseline: random,0.6
Baseline: random,0.6
Baseline: random,0.6666666666666666
Baseline: random,0.6666666666666666
Baseline: random,0.5
Baseline: random,0.7142857142857143
Baseline: random,0.625
Baseline: random,0.8
Baseline: random,0.6
Baseline: random,0.6666666666666666
Baseline: random,0.5454545454545454
Baseline: random,0.6
Baseline: random,0.8
Baseline: random,0.4444444444444444
Baseline: random,0.8
Baseline: random,0.5555555555555556
Baseline: random,0.7142857142857143
Baseline: random,0.6666666666666666
Baseline: random,0.6666666666666666
Baseline: random,0.8333333333333334
Baseline: random,0.5
Baseline: random,0.6
Baseline: random,0.6
Baseline: random,0.6
Baseline: random,0.6
Baseline: random,0.6666666666666666
Baseline: random,0.6
Baseline: random,0.6
Baseline: random,0.6
Baseline: random,0.6
Baseline: random,0.625
Baseline: random,0.6
Baseline: random,0.5333333333333333
Baseline: random,0.7142857142857143
Baseline: random,0.7142857142857143
Baseline: random,0.5
Baseline: random,0.46153846153846156
Baseline: random,0.5714285714285714
Baseline: random,0.5
Baseline: random,0.5714285714285714
Baseline: random,0.625
Baseline: random,0.6666666666666666
Baseline: random,0.6
Baseline: random,0.8
Baseline: random,0.7142857142857143
Baseline: random,0.4444444444444444
Baseline: random,0.6666666666666666
Baseline: random,0.6666666666666666
Baseline: random,0.4444444444444444
Baseline: random,0.6666666666666666
Baseline: random,0.6666666666666666
Baseline: random,0.7142857142857143
Baseline: random,0.6
Baseline: random,0.5714285714285714
Baseline: random,0.6666666666666666
Baseline: random,0.6666666666666666
Baseline: random,0.6
Baseline: random,0.5555555555555556
Baseline: random,0.6
Baseline: random,0.6666666666666666
Baseline: random,0.5714285714285714
Baseline: random,0.625
Baseline: random,0.42857142857142855
Baseline: random,0.6666666666666666
Baseline: random,0.5
Baseline: random,0.6666666666666666
Baseline: random,0.6
Baseline: random,0.6666666666666666
Baseline: random,0.8
Baseline: random,0.6666666666666666
Baseline: random,0.4444444444444444
Baseline: random,0.6
Baseline: random,0.5714285714285714
Baseline: random,0.6
Baseline: random,0.6666666666666666
Baseline: random,0.7142857142857143
Baseline: random,0.8333333333333334
Baseline: random,0.7142857142857143
Baseline: random,0.6666666666666666
Baseline: random,0.6
Baseline: random,0.6
Baseline: random,0.42857142857142855
Baseline: random,0.5
Baseline: random,0.6666666666666666
Baseline: random,0.5384615384615384
Baseline: random,0.6
Baseline: random,1.0
Baseline: random,0.75
Baseline: random,0.6666666666666666
Baseline: random,0.625
Baseline: random,0.6
Baseline: random,0.6
Baseline: random,0.7142857142857143
Baseline: random,0.45454545454545453
Baseline: random,0.8
Baseline: random,0.6666666666666666
Baseline: random,0.5555555555555556
Baseline: random,0.5
Baseline: random,0.5714285714285714
Baseline: random,0.8333333333333334
Baseline: random,0.8
Baseline: random,0.6
Baseline: random,0.8333333333333334
Baseline: random,0.5
Baseline: random,0.7142857142857143
Baseline: random,0.5
Baseline: random,0.625
Baseline: random,0.5555555555555556
Baseline: random,0.6666666666666666
Baseline: random,0.6666666666666666
Baseline: random,0.6
Baseline: random,0.6
Baseline: random,0.6
Baseline: random,0.6666666666666666
Baseline: random,0.5714285714285714
Baseline: random,0.8
Baseline: random,0.5555555555555556
Baseline: random,0.5
Baseline: random,0.6
Baseline: random,0.5
Baseline: random,0.8
Baseline: random,0.6
Baseline: random,0.6
Baseline: random,0.8
Baseline: random,0.5
Baseline: random,0.8
Baseline: random,0.6666666666666666
Baseline: random,0.6666666666666666
Baseline: random,0.5
Baseline: random,0.6
Baseline: random,0.5555555555555556
Baseline: random,0.5
Baseline: random,0.8
Baseline: random,0.6
Baseline: random,0.6666666666666666
Baseline: random,0.8
Baseline: random,0.6
Baseline: random,0.5555555555555556
Baseline: random,0.5714285714285714
Baseline: random,0.6
Baseline: random,0.5384615384615384
Baseline: random,0.5714285714285714
Baseline: random,0.5714285714285714
Baseline: random,0.6666666666666666
Baseline: random,0.6
Baseline: random,0.6666666666666666
Baseline: random,0.6
Baseline: random,0.6
Baseline: random,0.8333333333333334
Baseline: random,0.5555555555555556
Baseline: random,0.7142857142857143
Baseline: random,0.8
Baseline: random,0.6666666666666666
Baseline: random,0.6666666666666666
Baseline: random,0.6
Baseline: random,0.625
Baseline: random,0.6666666666666666
Baseline: random,0.6666666666666666
Baseline: random,0.6666666666666666
Baseline: random,0.6
Baseline: random,0.6
Baseline: random,0.6666666666666666
Baseline: random,0.6666666666666666
Baseline: random,0.5
Baseline: random,0.6666666666666666
Baseline: random,0.6666666666666666
Baseline: random,0.5
Baseline: random,0.6666666666666666
Baseline: random,0.625
Baseline: random,0.7142857142857143
Baseline: random,0.5714285714285714
Baseline: random,0.8333333333333334
Baseline: random,0.6666666666666666
Baseline: random,0.6666666666666666
Baseline: random,0.6666666666666666
Baseline: random,0.8
Baseline: random,0.5555555555555556
Baseline: random,0.5
Baseline: random,0.6666666666666666
Baseline: random,0.8333333333333334
Baseline: random,0.6
Baseline: random,0.7142857142857143
Baseline: random,0.5
Baseline: random,0.75
Baseline: random,0.6666666666666666
Baseline: random,0.6
Baseline: random,0.6666666666666666
Baseline: random,0.8333333333333334
Baseline: random,0.7142857142857143
Baseline: random,0.625
Baseline: random,0.8
Baseline: random,0.625
Baseline: random,0.42857142857142855
Baseline: random,0.6666666666666666
Baseline: random,0.6666666666666666
Baseline: random,0.8
Baseline: random,0.8
Baseline: random,0.6
Baseline: random,0.7142857142857143
Baseline: random,0.5
Baseline: random,0.6666666666666666
Baseline: random,0.6666666666666666
Baseline: random,0.46153846153846156
Baseline: random,0.5714285714285714
Baseline: random,0.5
Baseline: random,0.6666666666666666
Baseline: random,0.7142857142857143
Baseline: random,0.5714285714285714
Baseline: random,0.5
Baseline: random,0.5714285714285714
Baseline: random,0.5
Baseline: random,0.5714285714285714
Baseline: random,0.5555555555555556
Baseline: random,0.6
Baseline: random,0.6666666666666666
Baseline: random,0.6
Baseline: random,0.6666666666666666
Baseline: random,0.6363636363636364
Baseline: random,0.5
Baseline: random,0.5
Baseline: random,0.6
Baseline: random,0.8
Baseline: random,0.6
Baseline: random,0.5555555555555556
Baseline: random,0.7142857142857143
Baseline: random,0.6666666666666666
Baseline: random,0.8
Baseline: random,0.625
Baseline: random,0.5714285714285714
Baseline: random,0.6
Baseline: random,0.6666666666666666
Baseline: random,0.6666666666666666
Baseline: random,0.6
Baseline: random,0.5555555555555556
Baseline: random,0.42857142857142855
Baseline: random,0.6666666666666666
Baseline: random,0.6666666666666666
Baseline: random,0.6666666666666666
Baseline: random,0.6
Baseline: random,0.6
Baseline: random,0.7142857142857143
Baseline: random,0.6153846153846154
Baseline: random,0.6666666666666666
Baseline: random,0.625
Baseline: random,0.6666666666666666
Baseline: random,0.6
Baseline: random,0.6
Baseline: random,0.6666666666666666
Baseline: random,0.6
Baseline: random,0.8
Baseline: random,0.6
Baseline: random,0.5
Baseline: random,0.6
Baseline: random,0.6
Baseline: random,0.5
Baseline: random,0.6666666666666666
Baseline: random,0.8
Baseline: random,0.6666666666666666
Baseline: random,0.6
Baseline: random,0.6666666666666666
Baseline: random,0.5
Baseline: random,0.5555555555555556
Baseline: random,0.6666666666666666
Baseline: random,0.6666666666666666
Baseline: random,0.5
Baseline: random,0.6666666666666666
Baseline: random,0.6
Baseline: random,0.6
Baseline: random,0.6666666666666666
Baseline: random,0.6666666666666666
Baseline: random,0.6
Baseline: random,0.7142857142857143
Baseline: random,0.6
Baseline: random,0.6
Baseline: random,0.5
Baseline: random,0.6
Baseline: random,0.6666666666666666
Baseline: random,0.6666666666666666
Baseline: random,0.5
Baseline: random,0.6
Baseline: random,0.6666666666666666
Baseline: random,0.7
Baseline: random,0.6
Baseline: random,0.8
Baseline: random,0.5
Baseline: random,0.5714285714285714
Baseline: random,0.6666666666666666
Baseline: random,0.625
Baseline: random,0.6
Baseline: random,1.0
Baseline: random,0.6
Baseline: random,0.625
Baseline: random,0.8
Baseline: random,0.5714285714285714
Baseline: random,0.8
Baseline: random,0.5
Baseline: random,0.5
Baseline: random,0.8333333333333334
Baseline: random,0.6666666666666666
Baseline: random,0.5714285714285714
Baseline: random,0.6666666666666666
Baseline: random,0.625
Baseline: random,0.4444444444444444
Baseline: random,0.6666666666666666
Baseline: random,0.6
Baseline: random,0.5714285714285714
Baseline: random,0.6
Baseline: random,0.5
Baseline: random,0.6666666666666666
Baseline: random,0.6666666666666666
Baseline: random,0.6666666666666666
Baseline: random,0.6666666666666666
Baseline: random,0.6666666666666666
Baseline: random,0.6666666666666666
Baseline: random,0.6666666666666666
Baseline: random,0.5
Baseline: random,0.6
Baseline: random,0.6
Baseline: random,0.5
Baseline: random,0.42857142857142855
Baseline: random,0.6666666666666666
Baseline: random,0.6666666666666666
Baseline: random,0.8
Baseline: random,0.6
Baseline: random,0.6666666666666666
Baseline: random,0.6
Baseline: random,0.75
Baseline: random,0.6
Baseline: random,0.6666666666666666
Baseline: random,0.6
Baseline: random,0.625
Baseline: random,0.6
Baseline: random,0.7142857142857143
Baseline: random,0.7142857142857143
Baseline: random,0.6
Baseline: random,0.7142857142857143
Baseline: random,0.6
Baseline: random,0.6666666666666666
Baseline: random,0.6
Baseline: random,0.6
Baseline: random,0.6
Baseline: random,0.6
Baseline: random,0.6
Baseline: random,0.5714285714285714
Baseline: random,0.5
Baseline: random,0.6666666666666666
Baseline: random,0.5
Baseline: random,0.6
Baseline: random,0.5714285714285714
Baseline: random,0.6
Baseline: random,0.6
Baseline: random,0.8333333333333334
Baseline: random,0.5833333333333334
Baseline: random,0.45454545454545453
Baseline: random,0.5
Baseline: random,0.6
Baseline: random,0.4444444444444444
Baseline: random,0.625
Baseline: random,0.875
Baseline: random,0.8
Baseline: random,0.8333333333333334
Baseline: random,0.8
Baseline: random,0.6666666666666666
Baseline: random,0.5454545454545454
Baseline: random,0.6666666666666666
Baseline: random,0.8
Baseline: random,0.6
Baseline: random,0.875
Baseline: random,1.0
Baseline: random,0.5
Baseline: random,0.7142857142857143
Baseline: random,0.8
Baseline: random,0.6
Baseline: random,0.7142857142857143
Baseline: random,0.6666666666666666
Baseline: random,0.625
Baseline: random,0.5384615384615384
Baseline: random,0.6666666666666666
Baseline: random,0.6
Baseline: random,0.6
Baseline: random,0.6666666666666666
Baseline: random,0.5
Baseline: random,0.6
Baseline: random,0.6666666666666666
Baseline: random,0.5
Baseline: random,0.6666666666666666
Baseline: random,0.7142857142857143
Baseline: random,0.8333333333333334
Baseline: random,0.5
Baseline: random,0.8333333333333334
Baseline: random,0.6
Baseline: random,0.6
Baseline: random,0.4444444444444444
Baseline: random,0.5
Baseline: random,0.6666666666666666
Baseline: random,0.6
Baseline: random,0.6
Baseline: random,0.45454545454545453
Baseline: random,0.8
Baseline: random,0.6
Baseline: random,0.6
Baseline: random,0.8
Baseline: random,0.6
Baseline: random,0.6
Baseline: random,0.5
Baseline: random,0.7142857142857143
Baseline: random,0.8333333333333334
Baseline: random,0.42857142857142855
Baseline: random,0.5
Baseline: random,0.6666666666666666
Baseline: random,0.6666666666666666
Baseline: random,0.6
Baseline: random,0.6
Baseline: random,0.8
Baseline: random,0.6
Baseline: random,0.6
Baseline: random,0.6666666666666666
Baseline: random,0.6
Baseline: random,0.5
Baseline: random,0.6
Baseline: random,0.5714285714285714
Baseline: random,0.6666666666666666
Baseline: random,0.5
Baseline: random,0.7142857142857143
Baseline: random,0.6666666666666666
Baseline: random,0.42857142857142855
Baseline: random,0.4666666666666667
Baseline: random,0.6
Baseline: random,0.5
Baseline: random,0.5
Baseline: random,0.7142857142857143
Baseline: random,0.6666666666666666
Baseline: random,0.6
Baseline: random,0.625
Baseline: random,0.6666666666666666
Baseline: random,0.5
Baseline: random,0.6363636363636364
Baseline: random,0.6
Baseline: random,0.6
Baseline: random,0.6666666666666666
Baseline: random,0.6
Baseline: random,0.6153846153846154
Baseline: random,0.6666666666666666
Baseline: random,0.6666666666666666
Baseline: random,0.6666666666666666
Baseline: random,0.5
Baseline: random,0.8
Baseline: random,0.5555555555555556
Baseline: random,0.8
Baseline: random,0.6
Baseline: random,0.6
Baseline: random,0.625
Baseline: random,0.6
Baseline: random,0.6153846153846154
Baseline: random,0.6
Baseline: random,0.5714285714285714
Baseline: random,0.5555555555555556
Baseline: random,0.6666666666666666
Baseline: random,0.5
Baseline: random,0.625
Baseline: random,0.6
Baseline: random,0.8
Baseline: random,0.6
Baseline: random,0.8
Baseline: random,0.6666666666666666
Baseline: random,0.5
Baseline: random,0.5454545454545454
Baseline: random,0.6
Baseline: random,0.7142857142857143
Baseline: random,0.42857142857142855
Baseline: random,0.5
Baseline: random,0.5714285714285714
Baseline: random,0.6
Baseline: random,0.5
Baseline: random,0.7142857142857143
Baseline: random,0.5
Baseline: random,0.6
Baseline: random,0.7
Baseline: random,0.6
Baseline: random,0.5
Baseline: random,0.6666666666666666
Baseline: random,0.42857142857142855
Baseline: random,0.5714285714285714
Baseline: random,0.6666666666666666
Baseline: random,0.6
Baseline: random,0.7
Baseline: random,0.4
Baseline: random,0.6
Baseline: random,0.7
Baseline: random,0.75
Baseline: random,0.7142857142857143
Baseline: random,0.5
Baseline: random,0.6
Baseline: random,0.75
Baseline: random,0.5454545454545454
Baseline: random,0.6
Baseline: random,0.8
Baseline: random,0.6666666666666666
Baseline: random,0.6
Baseline: random,0.5
Baseline: random,0.42857142857142855
Baseline: random,0.6
Baseline: random,0.5
Baseline: random,0.6666666666666666
Baseline: random,0.7142857142857143
Baseline: random,0.8
Baseline: random,0.8333333333333334
Baseline: random,0.6666666666666666
Baseline: random,0.6
Baseline: random,0.5
Baseline: random,0.6
Baseline: random,0.6666666666666666
Baseline: random,0.8
Baseline: random,0.8
Baseline: random,0.5
Baseline: random,0.5833333333333334
Baseline: random,0.5833333333333334
Baseline: random,0.6
Baseline: random,0.6666666666666666
Baseline: random,0.5714285714285714
Baseline: random,0.5714285714285714
Baseline: random,0.8
Baseline: random,0.6666666666666666
Baseline: random,0.6
Baseline: random,0.6666666666666666
Baseline: random,0.6
Baseline: random,0.7142857142857143
Baseline: random,0.6666666666666666
Baseline: random,0.6666666666666666
Baseline: random,0.6
Baseline: random,0.6666666666666666
Baseline: random,0.7142857142857143
Baseline: random,0.4444444444444444
Baseline: random,0.5
Baseline: random,0.6
Baseline: random,0.6
Baseline: random,0.625
Baseline: random,0.6666666666666666
Baseline: random,0.6666666666666666
Baseline: random,0.6
Baseline: random,0.6
Baseline: random,0.5555555555555556
Baseline: random,0.8
Baseline: random,0.6
Baseline: random,0.5555555555555556
Baseline: random,0.7142857142857143
Baseline: random,0.8
Baseline: random,1.0
Baseline: random,0.5
Baseline: random,0.6
Baseline: random,0.6
Baseline: random,0.8
Baseline: random,0.6
Baseline: random,0.8
Baseline: random,0.5714285714285714
Baseline: random,0.7142857142857143
Baseline: random,0.5714285714285714
Baseline: random,0.625
Baseline: random,0.6
Baseline: random,0.5714285714285714
Baseline: random,0.8
Baseline: random,0.5454545454545454
Baseline: random,0.8333333333333334
Baseline: random,0.5
Baseline: random,0.6
Baseline: random,0.8
Baseline: random,0.6
Baseline: random,0.5
Baseline: random,0.4444444444444444
Baseline: random,0.6666666666666666
Baseline: random,0.6666666666666666
Baseline: random,0.6666666666666666
Baseline: random,0.6
Baseline: random,0.7142857142857143
Baseline: random,0.6
Baseline: random,0.6666666666666666
Baseline: random,0.6
Baseline: random,0.6666666666666666
Baseline: random,0.6
Baseline: random,0.6
Baseline: random,0.6666666666666666
Baseline: random,0.6
Baseline: random,0.8
Baseline: random,0.5
Baseline: random,0.6
Baseline: random,0.6
Baseline: random,0.5
Baseline: random,0.5
Baseline: random,0.45454545454545453
Baseline: random,0.6666666666666666
Baseline: random,0.6
Baseline: random,0.6363636363636364
Baseline: random,0.8
Baseline: random,1.0
Baseline: random,0.6
Baseline: random,0.5555555555555556
Baseline: random,0.6666666666666666
Baseline: random,0.6
Baseline: random,0.5384615384615384
Baseline: random,0.5
Baseline: random,0.6
Baseline: random,0.5555555555555556
Baseline: random,0.36363636363636365
Baseline: random,0.5
Baseline: random,0.8333333333333334
Baseline: random,0.6
Baseline: random,0.6
Baseline: random,0.5454545454545454
Baseline: random,0.7142857142857143
Baseline: random,0.625
Baseline: random,0.6
Baseline: random,0.6
Baseline: random,0.6
Baseline: random,0.5
Baseline: random,0.7142857142857143
Baseline: random,0.4444444444444444
Baseline: random,0.5714285714285714
Baseline: random,0.5714285714285714
Baseline: random,0.6
Baseline: random,0.6666666666666666
Baseline: random,0.6
Baseline: random,0.6666666666666666
Baseline: random,0.7142857142857143
Baseline: random,0.8
Baseline: random,0.6666666666666666
Baseline: random,0.5
Baseline: random,0.5
Baseline: random,0.6
Baseline: random,0.6
Baseline: random,0.5384615384615384
Baseline: random,0.6
Baseline: random,0.7142857142857143
Baseline: random,0.7142857142857143
Baseline: random,0.8
Baseline: random,0.6666666666666666
Baseline: random,0.6
Baseline: random,0.6666666666666666
Baseline: random,0.7142857142857143
Baseline: random,0.5
Baseline: random,0.5384615384615384
Baseline: random,0.6
Baseline: random,0.5
Baseline: random,0.5384615384615384
Baseline: random,0.8333333333333334
Baseline: random,0.5
Baseline: random,0.5384615384615384
Baseline: random,0.8
Baseline: random,0.6666666666666666
Baseline: random,0.5833333333333334
Baseline: random,0.6666666666666666
Baseline: random,0.5
Baseline: random,0.8
Baseline: random,0.8
Baseline: random,0.6
Baseline: random,0.6
Baseline: random,0.4444444444444444
Baseline: random,0.6666666666666666
Baseline: random,0.6
Baseline: random,0.4166666666666667
Baseline: random,0.5
Baseline: random,0.6
Baseline: random,0.5714285714285714
Baseline: random,0.6666666666666666
Baseline: random,0.6666666666666666
Baseline: random,0.5555555555555556
Baseline: random,0.6
Baseline: random,0.6666666666666666
Baseline: random,0.5714285714285714
Baseline: random,0.6666666666666666
Baseline: random,0.5
Baseline: random,0.6
Baseline: random,0.625
Baseline: random,0.6666666666666666
Baseline: random,0.6666666666666666
Baseline: random,0.8
Baseline: random,0.6
Baseline: random,0.6
Baseline: random,0.8333333333333334
Baseline: random,0.6666666666666666
Baseline: random,0.8333333333333334
Baseline: random,0.6
Baseline: random,0.6
Baseline: random,0.6
Baseline: random,0.6666666666666666
Baseline: random,0.6
Baseline: random,0.5
Baseline: random,0.6666666666666666
Baseline: random,0.5
Baseline: random,0.8
Baseline: random,0.6666666666666666
Baseline: random,0.625
Baseline: random,0.6
Baseline: random,0.6
Baseline: random,0.6666666666666666
Baseline: random,0.6666666666666666
Baseline: random,0.625
Baseline: random,0.6
Baseline: random,0.5714285714285714
Baseline: random,0.8
Baseline: random,0.5
Baseline: random,0.8
Baseline: random,0.5714285714285714
Baseline: random,0.5
Baseline: random,0.5454545454545454
Baseline: random,0.6666666666666666
Baseline: random,0.625
Baseline: random,0.6
Baseline: random,0.5
Baseline: random,0.7777777777777778
Baseline: random,0.8571428571428571
Baseline: random,0.8333333333333334
Baseline: random,0.6
Baseline: random,0.5
Baseline: random,0.5
Baseline: random,0.6
Baseline: random,0.6666666666666666
Baseline: random,0.38095238095238093
Baseline: random,0.6666666666666666
Baseline: random,0.5555555555555556
Baseline: random,0.4444444444444444
Baseline: random,0.8333333333333334
Baseline: random,0.6666666666666666
Baseline: random,0.6666666666666666
Baseline: random,0.5714285714285714
Baseline: random,0.6666666666666666
Baseline: random,0.6666666666666666
Baseline: random,0.8333333333333334
Baseline: random,0.4444444444444444
Baseline: random,0.5
Baseline: random,0.8
Baseline: random,0.5
Baseline: random,0.5555555555555556
Baseline: random,0.6
Baseline: random,0.5
Baseline: random,1.0
Baseline: random,0.5
Baseline: random,0.8
Baseline: random,0.8
Baseline: random,0.6666666666666666
Baseline: random,0.6666666666666666
Baseline: random,0.6
Baseline: random,0.6666666666666666
Baseline: random,0.8
Baseline: random,0.6
Baseline: random,0.6
Baseline: random,0.6
Baseline: random,0.6666666666666666
Baseline: random,0.5714285714285714
Baseline: random,0.625
Baseline: random,0.6
Baseline: random,0.6666666666666666
Baseline: random,0.6
Baseline: random,0.6
Baseline: random,0.5714285714285714
Baseline: random,0.5
Baseline: random,0.6
Baseline: random,0.8
Baseline: random,0.8
Baseline: random,0.6
Baseline: random,0.6666666666666666
Baseline: random,0.6666666666666666
Baseline: random,0.5555555555555556
Baseline: random,0.6
Baseline: random,0.5714285714285714
Baseline: random,0.6666666666666666
Baseline: random,0.6666666666666666
Baseline: random,0.625
Baseline: random,0.6
Baseline: random,0.6
Baseline: random,0.8
Baseline: random,0.5
Baseline: random,0.6
Baseline: random,0.625
Baseline: random,0.4444444444444444
Baseline: random,0.6666666666666666
Baseline: random,0.6
Baseline: random,0.6
Baseline: random,0.8
Baseline: random,0.4444444444444444
Baseline: random,0.6
Baseline: random,0.4444444444444444
Baseline: random,0.5833333333333334
Baseline: random,0.5555555555555556
Baseline: random,0.5
Baseline: random,0.6666666666666666
Baseline: random,0.42857142857142855
Baseline: random,0.42857142857142855
Baseline: random,0.6
Baseline: random,0.6
Baseline: random,0.7142857142857143
Baseline: random,0.5
Baseline: random,0.6
Baseline: random,0.5
Baseline: random,0.6
Baseline: random,0.5
Baseline: random,0.6
Baseline: random,0.6666666666666666
Baseline: random,0.6
Baseline: random,0.8333333333333334
Baseline: random,0.5
Baseline: random,0.6
Baseline: random,0.6666666666666666
Baseline: random,0.6666666666666666
Baseline: random,0.4
Baseline: random,0.6
Baseline: random,0.6666666666666666
Baseline: random,0.6666666666666666
Baseline: random,0.6666666666666666
Baseline: random,0.6
Baseline: random,0.5
Baseline: random,0.5714285714285714
Baseline: random,0.5
Baseline: random,0.6666666666666666
Baseline: random,0.6
Baseline: random,0.625
Baseline: random,0.5
Baseline: random,0.7142857142857143
Baseline: random,0.5714285714285714
Baseline: random,0.625
Baseline: random,0.8333333333333334
Baseline: random,0.6666666666666666
Baseline: random,0.6666666666666666
Baseline: random,0.6
Baseline: random,0.5555555555555556
Baseline: random,0.6
Baseline: random,0.5833333333333334
Baseline: random,0.6
Baseline: random,0.8571428571428571
Baseline: random,0.6
Baseline: random,0.6
Baseline: random,0.8
Baseline: random,0.5
Baseline: random,0.6
Baseline: random,0.6666666666666666
Baseline: random,0.6
Baseline: random,0.5714285714285714
Baseline: random,0.6666666666666666
Baseline: random,0.5714285714285714
Baseline: random,0.5555555555555556
Baseline: random,0.5
Baseline: random,0.6
Baseline: random,0.6
Baseline: random,0.6
Baseline: random,0.5
Baseline: random,0.3333333333333333
Baseline: random,0.5
Baseline: random,0.5714285714285714
Baseline: random,0.6
Baseline: random,0.7142857142857143
Baseline: random,0.5
Baseline: random,0.6
Baseline: random,0.6
Baseline: random,0.38461538461538464
Baseline: random,0.6
Baseline: random,0.8333333333333334
Baseline: random,0.6
Baseline: random,0.6666666666666666
Baseline: random,0.6
Baseline: random,0.75
Baseline: random,0.6
Baseline: random,0.7142857142857143
Baseline: random,0.6
Baseline: random,0.8
Baseline: random,0.5714285714285714
Baseline: random,0.5714285714285714
Baseline: random,0.6666666666666666
Baseline: random,0.5714285714285714
Baseline: random,0.6
Baseline: random,0.6666666666666666
Baseline: random,0.6
Baseline: random,0.8
Baseline: random,0.8
Baseline: random,0.6666666666666666
Baseline: random,0.5
Baseline: random,0.6
Baseline: random,0.625
Baseline: random,0.7142857142857143
Baseline: random,0.5
Baseline: random,0.6
Baseline: random,0.625
Baseline: random,0.5555555555555556
Baseline: random,0.8
Baseline: random,0.8
Baseline: random,1.0
Baseline: random,0.6
Baseline: random,0.5555555555555556
Baseline: random,0.42857142857142855
Baseline: random,0.6
Baseline: random,0.6
Baseline: random,0.5714285714285714
Baseline: random,0.6
Baseline: random,0.5
Baseline: random,0.75
Baseline: random,0.7142857142857143
Baseline: random,0.5714285714285714
Baseline: random,0.6
Baseline: random,0.6
Baseline: random,0.7142857142857143
Baseline: random,0.5
Baseline: random,0.6
Baseline: random,0.6666666666666666
Baseline: random,0.42857142857142855
Baseline: random,0.6
Baseline: random,0.6
Baseline: random,0.5714285714285714
Baseline: random,0.5
Baseline: random,0.75
Baseline: random,0.8
Baseline: random,0.5
Baseline: random,0.6666666666666666
Baseline: random,0.5714285714285714
Baseline: random,0.8
Baseline: random,0.6666666666666666
Baseline: random,0.6
Baseline: random,0.6666666666666666
Baseline: random,0.6666666666666666
Baseline: random,0.5
Baseline: random,0.5714285714285714
Baseline: random,0.5
Baseline: random,0.8
Baseline: random,0.6666666666666666
Baseline: random,0.6
Baseline: random,0.6
Baseline: random,0.6666666666666666
Baseline: random,0.6
Baseline: random,0.6
Baseline: random,0.6666666666666666
Baseline: random,0.6
Baseline: random,0.625
Baseline: random,0.7142857142857143
Baseline: random,0.7142857142857143
Baseline: random,0.6
Baseline: random,0.8
Baseline: random,0.6666666666666666
Baseline: random,0.625
Baseline: random,0.6
Baseline: random,0.6
Baseline: random,0.6666666666666666
Baseline: random,0.625
Baseline: random,0.8
Baseline: random,0.625
Baseline: random,0.6
Baseline: random,0.5555555555555556
Baseline: random,0.6666666666666666
Baseline: random,0.6
Baseline: random,0.6
Baseline: random,0.6666666666666666
Baseline: random,0.5714285714285714
Baseline: random,0.6666666666666666
Baseline: random,0.6666666666666666
Baseline: random,0.6
Baseline: random,0.6666666666666666
Baseline: random,0.5
Baseline: random,0.5833333333333334
Baseline: random,0.5
Baseline: random,0.6666666666666666
Baseline: random,0.5
Baseline: random,0.6153846153846154
Baseline: random,0.6666666666666666
Baseline: random,0.6
Baseline: random,0.8
Baseline: random,0.6666666666666666
Baseline: random,0.6666666666666666
Baseline: random,0.5454545454545454
Baseline: random,0.5714285714285714
Baseline: random,0.8
Baseline: random,0.625
Baseline: random,0.8
Baseline: random,0.8
Baseline: random,0.6
Baseline: random,0.6666666666666666
Baseline: random,0.6
Baseline: random,0.6666666666666666
Baseline: random,0.5
Baseline: random,0.5555555555555556
Baseline: random,0.5555555555555556
Baseline: random,0.5555555555555556
Baseline: random,0.625
Baseline: random,0.5555555555555556
Baseline: random,0.6
Baseline: random,0.6
Baseline: random,0.7142857142857143
Baseline: random,0.6
Baseline: random,0.42857142857142855
Baseline: random,0.625
Baseline: random,0.6
Baseline: random,0.6
Baseline: random,0.8333333333333334
Baseline: random,0.6
Baseline: random,0.5
Baseline: random,0.625
Baseline: random,0.6666666666666666
Baseline: random,0.5555555555555556
Baseline: random,0.8
Baseline: random,0.6
Baseline: random,0.8
Baseline: random,0.7142857142857143
Baseline: random,0.5555555555555556
Baseline: random,0.6
Baseline: random,0.625
Baseline: random,0.6
Baseline: random,0.8
Baseline: random,0.6
Baseline: random,0.5
Baseline: random,0.5555555555555556
Baseline: random,0.5
Baseline: random,0.6666666666666666
Baseline: random,0.6666666666666666
Baseline: random,0.4444444444444444
Baseline: random,1.0
Baseline: random,0.8888888888888888
Baseline: random,0.5
Baseline: random,0.625
Baseline: random,0.6
Baseline: random,0.6
Baseline: random,0.5714285714285714
Baseline: random,0.5384615384615384
Baseline: random,0.6
Baseline: random,0.5
Baseline: random,0.8
Baseline: random,0.5714285714285714
Baseline: random,0.6666666666666666
Baseline: random,0.5
Baseline: random,0.6
Baseline: random,0.5714285714285714
Baseline: random,0.5714285714285714
Baseline: random,0.8333333333333334
Baseline: random,0.6666666666666666
Baseline: random,0.8
Baseline: random,0.5555555555555556
Baseline: random,0.5555555555555556
Baseline: random,0.6666666666666666
Baseline: random,0.5
Baseline: random,0.6
Baseline: random,0.5
Baseline: random,0.6
Baseline: random,0.6
Baseline: random,0.8
Baseline: random,0.6
Baseline: random,0.5714285714285714
Baseline: random,0.6666666666666666
Baseline: random,0.6
Baseline: random,0.6
Baseline: random,0.6666666666666666
Baseline: random,0.5
Baseline: random,0.625
Baseline: random,0.5
Baseline: random,0.7142857142857143
Baseline: random,0.6
Baseline: random,0.6
Baseline: random,0.8
Baseline: random,0.6
Baseline: random,0.5555555555555556
Baseline: random,0.6666666666666666
Baseline: random,0.6
Baseline: random,0.6666666666666666
Baseline: random,0.5
Baseline: random,0.6666666666666666
Baseline: random,0.7142857142857143
Baseline: random,0.6
Baseline: random,0.5
Baseline: random,0.6666666666666666
Baseline: random,0.625
Baseline: random,0.6666666666666666
Baseline: random,0.7142857142857143
Baseline: random,0.5
Baseline: random,0.6666666666666666
Baseline: random,0.7142857142857143
Baseline: random,0.6
Baseline: random,0.5
Baseline: random,0.6666666666666666
Baseline: random,0.6666666666666666
Baseline: random,0.6
Baseline: random,0.5
Baseline: random,0.5
Baseline: random,0.6666666666666666
Baseline: random,0.6666666666666666
Baseline: random,0.6363636363636364
Baseline: random,0.6
Baseline: random,0.5714285714285714
Baseline: random,0.6
Baseline: random,0.6
Baseline: random,0.6
Baseline: random,0.6
Baseline: random,0.8
Baseline: random,0.6
Baseline: random,0.6666666666666666
Baseline: random,0.6666666666666666
Baseline: random,0.6666666666666666
Baseline: random,0.6666666666666666
Baseline: random,0.6666666666666666
Baseline: random,0.6666666666666666
Baseline: random,0.5833333333333334
Baseline: random,0.5789473684210527
Baseline: random,0.5
Baseline: random,0.6666666666666666
Baseline: random,0.5
Baseline: random,0.6
Baseline: random,0.5714285714285714
Baseline: random,0.6
Baseline: random,0.6
Baseline: random,0.6
Baseline: random,0.5833333333333334
Baseline: random,0.5
Baseline: random,0.8
Baseline: random,0.6666666666666666
Baseline: random,0.8
Baseline: random,0.6
Baseline: random,0.6
Baseline: random,0.8571428571428571
Baseline: random,0.6
Baseline: random,0.6666666666666666
Baseline: random,0.7142857142857143
Baseline: random,0.6666666666666666
Baseline: random,0.8
Baseline: random,0.4444444444444444
Baseline: random,0.6666666666666666
Baseline: random,0.5714285714285714
Baseline: random,0.6
Baseline: random,0.8333333333333334
Baseline: random,0.625
Baseline: random,0.5
Baseline: random,0.6666666666666666
Baseline: random,0.6
Baseline: random,0.42857142857142855
Baseline: random,0.8
Baseline: random,0.8
Baseline: random,0.8
Baseline: random,0.6
Baseline: random,0.8
Baseline: random,0.6
Baseline: random,0.6
Baseline: random,0.6
Baseline: random,0.6
Baseline: random,0.6
Baseline: random,0.5
Baseline: random,0.4444444444444444
Baseline: random,0.5
Baseline: random,0.5714285714285714
Baseline: random,0.5
Baseline: random,0.5714285714285714
Baseline: random,1.0
Baseline: random,0.5555555555555556
Baseline: random,0.5
Baseline: random,0.6666666666666666
Baseline: random,0.42857142857142855
Baseline: random,0.5
Baseline: random,0.6666666666666666
Baseline: random,0.5714285714285714
Baseline: random,0.6666666666666666
Baseline: random,0.6
Baseline: random,0.8333333333333334
Baseline: random,0.6666666666666666
Baseline: random,0.6
Baseline: random,0.8333333333333334
Baseline: random,0.6
Baseline: random,0.5714285714285714
Baseline: random,0.5
Baseline: random,0.6
Baseline: random,0.5
Baseline: random,0.8
Baseline: random,0.6
Baseline: random,0.6
Baseline: random,0.5
Baseline: random,0.5714285714285714
Baseline: random,0.8
Baseline: random,0.6
Baseline: random,0.8333333333333334
Baseline: random,0.5714285714285714
Baseline: random,0.6
Baseline: random,0.6
Baseline: random,0.6
Baseline: random,0.5555555555555556
Baseline: random,0.375
Baseline: random,0.6
Baseline: random,0.6
Baseline: random,0.6
Baseline: random,0.5555555555555556
Baseline: random,0.8
Baseline: random,0.6666666666666666
Baseline: random,0.625
Baseline: random,0.5
Baseline: random,0.6666666666666666
Baseline: random,0.8333333333333334
Baseline: random,0.5
Baseline: random,0.5714285714285714
Baseline: random,0.6
Baseline: random,0.5
Baseline: random,0.6
Baseline: random,0.6666666666666666
Baseline: random,0.5714285714285714
Baseline: random,0.6
Baseline: random,0.8333333333333334
Baseline: random,0.6666666666666666
Baseline: random,0.8333333333333334
Baseline: random,0.5
Baseline: random,0.5555555555555556
Baseline: random,0.6666666666666666
Baseline: random,0.5
Baseline: random,0.5
Baseline: random,0.6
Baseline: random,0.6
Baseline: random,0.6
Baseline: random,0.8333333333333334
Baseline: random,0.6
Baseline: random,0.6
Baseline: random,0.6
Baseline: random,0.6666666666666666
Baseline: random,0.5714285714285714
Baseline: random,0.6666666666666666
Baseline: random,0.6
Baseline: random,0.5
Baseline: random,0.5555555555555556
Baseline: random,0.6666666666666666
Baseline: random,0.6
Baseline: random,0.6
Baseline: random,0.5555555555555556
Baseline: random,0.5
Baseline: random,0.6
Baseline: random,0.5
Baseline: random,0.42857142857142855
Baseline: random,0.6
Baseline: random,0.5454545454545454
Baseline: random,0.6
Baseline: random,0.8333333333333334
Baseline: random,0.625
Baseline: random,0.6
Baseline: random,0.6
Baseline: random,0.6666666666666666
Baseline: random,0.8
Baseline: random,0.6666666666666666
Baseline: random,0.5
Baseline: random,0.5714285714285714
Baseline: random,0.6
Baseline: random,0.5714285714285714
Baseline: random,0.42857142857142855
Baseline: random,0.6
Baseline: random,0.5555555555555556
Baseline: random,0.6
Baseline: random,0.6
Baseline: random,0.6666666666666666
Baseline: random,0.6
Baseline: random,0.625
Baseline: random,0.6
Baseline: random,0.6
Baseline: random,0.6
Baseline: random,0.6666666666666666
Baseline: random,0.6666666666666666
Baseline: random,0.5
Baseline: random,0.8
Baseline: random,0.6666666666666666
Baseline: random,0.6
Baseline: random,0.6666666666666666
Baseline: random,0.625
Baseline: random,0.8333333333333334
Baseline: random,0.6
Baseline: random,0.5
Baseline: random,0.6
Baseline: random,0.8333333333333334
Baseline: random,0.8333333333333334
Baseline: random,0.6
Baseline: random,0.6666666666666666
Baseline: random,0.7142857142857143
Baseline: random,0.5714285714285714
Baseline: random,0.8333333333333334
Baseline: random,0.5714285714285714
Baseline: random,0.6666666666666666
Baseline: random,0.6
Baseline: random,0.6
Baseline: random,0.6
Baseline: random,0.5
Baseline: random,0.6
Baseline: random,0.8571428571428571
Baseline: random,0.6
Baseline: random,0.625
Baseline: random,0.8333333333333334
Baseline: random,0.625
Baseline: random,0.6
Baseline: random,0.5555555555555556
Baseline: random,0.7142857142857143
Baseline: random,0.5
Baseline: random,0.5
Baseline: random,0.5
Baseline: random,0.7142857142857143
Baseline: random,0.6666666666666666
Baseline: random,1.0
Baseline: random,0.6
Baseline: random,0.5
Baseline: random,0.6666666666666666
Baseline: random,0.5
Baseline: random,0.6
Baseline: random,0.7142857142857143
Baseline: random,0.8333333333333334
Baseline: random,0.6
Baseline: random,0.625
Baseline: random,0.6363636363636364
Baseline: random,0.4444444444444444
Baseline: random,0.42857142857142855
Baseline: random,0.625
Baseline: random,0.6666666666666666
Baseline: random,0.5
Baseline: random,0.6666666666666666
Baseline: random,0.6
Baseline: random,0.5714285714285714
Baseline: random,0.625
Baseline: random,0.6666666666666666
Baseline: random,0.8
Baseline: random,0.6666666666666666
Baseline: random,0.6
Baseline: random,0.5
Baseline: random,0.6
Baseline: random,0.6
Baseline: random,0.5714285714285714
Baseline: random,0.6
Baseline: random,0.4444444444444444
Baseline: random,0.625
Baseline: random,0.6666666666666666
Baseline: random,0.5454545454545454
Baseline: random,0.8333333333333334
Baseline: random,0.6
Baseline: random,0.8
Baseline: random,0.6
Baseline: random,0.6
Baseline: random,0.6666666666666666
Baseline: random,0.6
Baseline: random,0.8
Baseline: random,0.6
Baseline: random,0.6
Baseline: random,0.5
Baseline: random,0.6666666666666666
Baseline: random,0.6666666666666666
Baseline: random,0.42857142857142855
Baseline: random,0.5
Baseline: random,0.6
Baseline: random,0.8333333333333334
Baseline: random,0.6
Baseline: random,0.6
Baseline: random,0.625
Baseline: random,0.5555555555555556
Baseline: random,0.6666666666666666
Baseline: random,0.5
Baseline: random,0.75
Baseline: random,0.6666666666666666
Baseline: random,0.6666666666666666
Baseline: random,0.6666666666666666
Baseline: random,0.5
Baseline: random,0.5
Baseline: random,0.625
Baseline: random,0.6
Baseline: random,0.6
Baseline: random,0.6666666666666666
Baseline: random,0.5
Baseline: random,0.5
Baseline: random,0.6666666666666666
Baseline: random,0.6666666666666666
Baseline: random,0.5555555555555556
Baseline: random,0.8333333333333334
Baseline: random,0.5
Baseline: random,0.4444444444444444
Baseline: random,0.5384615384615384
Baseline: random,0.6666666666666666
Baseline: random,0.6666666666666666
Baseline: random,0.5384615384615384
Baseline: random,0.6666666666666666
Baseline: random,0.5714285714285714
Baseline: random,0.6666666666666666
Baseline: random,0.6
Baseline: random,0.6666666666666666
Baseline: random,0.6
Baseline: random,0.8
Baseline: random,0.5555555555555556
Baseline: random,0.7142857142857143
Baseline: random,0.6666666666666666
Baseline: random,0.6666666666666666
Baseline: random,0.6666666666666666
Baseline: random,0.6
Baseline: random,0.6666666666666666
Baseline: random,0.7142857142857143
Baseline: random,0.6
Baseline: random,0.5263157894736842
Baseline: random,0.7142857142857143
Baseline: random,0.6
Baseline: random,0.6
Baseline: random,0.5
Baseline: random,0.6
Baseline: random,0.8
Baseline: random,0.5
Baseline: random,0.6
Baseline: random,0.8333333333333334
Baseline: random,0.6
Baseline: random,0.6666666666666666
Baseline: random,0.6666666666666666
Baseline: random,0.6
Baseline: random,0.5833333333333334
Baseline: random,0.8
Baseline: random,0.5
Baseline: random,0.6666666666666666
Baseline: random,0.5384615384615384
Baseline: random,0.6
Baseline: random,0.6
Baseline: random,0.7142857142857143
Baseline: random,0.6666666666666666
Baseline: random,0.5714285714285714
Baseline: random,0.7142857142857143
Baseline: random,0.8
Baseline: random,0.5384615384615384
Baseline: random,0.6666666666666666
Baseline: random,0.5
Baseline: random,0.5714285714285714
Baseline: random,0.8
Baseline: random,0.6666666666666666
Baseline: random,0.6666666666666666
Baseline: random,0.6
Baseline: random,0.6
Baseline: random,0.6
Baseline: random,0.7142857142857143
Baseline: random,0.46153846153846156
Baseline: random,0.4444444444444444
Baseline: random,0.6
Baseline: random,0.6666666666666666
Baseline: random,0.6
Baseline: random,0.6666666666666666
Baseline: random,0.6666666666666666
Baseline: random,0.6666666666666666
Baseline: random,0.6
Baseline: random,0.6
Baseline: random,0.5
Baseline: random,0.6666666666666666
Baseline: random,0.7142857142857143
Baseline: random,0.6666666666666666
Baseline: random,0.6666666666666666
Baseline: random,0.6666666666666666
Baseline: random,0.8
Baseline: random,0.5
Baseline: random,0.5
Baseline: random,0.6363636363636364
Baseline: random,0.5
Baseline: random,0.6666666666666666
Baseline: random,0.5
Baseline: random,0.5714285714285714
Baseline: random,0.5555555555555556
Baseline: random,0.6
Baseline: random,0.8333333333333334
Baseline: random,0.42857142857142855
Baseline: random,0.5
Baseline: random,0.6666666666666666
Baseline: random,0.6
Baseline: random,0.6666666666666666
Baseline: random,0.75
Baseline: random,0.5
Baseline: random,0.6666666666666666
Baseline: random,0.6
Baseline: random,0.5833333333333334
Baseline: random,0.5555555555555556
Baseline: random,0.6
Baseline: random,0.6
Baseline: random,0.8
Baseline: random,0.7142857142857143
Baseline: random,0.7142857142857143
Baseline: random,0.6666666666666666
Baseline: random,0.6
Baseline: random,0.6
Baseline: random,0.5
Baseline: random,0.5
Baseline: random,0.625
Baseline: random,0.5
Baseline: random,0.6
Baseline: random,0.6666666666666666
Baseline: random,0.7142857142857143
Baseline: random,0.5
Baseline: random,0.6666666666666666
Baseline: random,0.5555555555555556
Baseline: random,0.4375
Baseline: random,0.6
Baseline: random,0.625
Baseline: random,0.6666666666666666
Baseline: random,0.6
Baseline: random,0.8333333333333334
Baseline: random,0.8333333333333334
Baseline: random,0.7142857142857143
Baseline: random,0.6
Baseline: random,0.8
Baseline: random,0.6
Baseline: random,0.6
Baseline: random,0.5714285714285714
Baseline: random,0.6666666666666666
Baseline: random,0.5714285714285714
Baseline: random,0.6
Baseline: random,0.625
Baseline: random,0.5714285714285714
Baseline: random,0.4444444444444444
Baseline: random,0.6666666666666666
Baseline: random,0.5833333333333334
Baseline: random,0.6
Baseline: random,0.6666666666666666
Baseline: random,0.6
Baseline: random,0.7142857142857143
Baseline: random,0.6666666666666666
Baseline: random,0.7142857142857143
Baseline: random,0.6666666666666666
Baseline: random,0.8333333333333334
Baseline: random,0.6
Baseline: random,0.8
Baseline: random,0.8571428571428571
Baseline: random,0.8
Baseline: random,0.8333333333333334
Baseline: random,0.6666666666666666
Baseline: random,0.6666666666666666
Baseline: random,0.5
Baseline: random,0.7272727272727273
Baseline: random,0.6666666666666666
Baseline: random,0.6666666666666666
Baseline: random,0.5
Baseline: random,0.6
Baseline: random,0.6666666666666666
Baseline: random,0.6
Baseline: random,0.6666666666666666
Baseline: random,0.625
Baseline: random,0.5555555555555556
Baseline: random,0.8
Baseline: random,0.8
Baseline: random,0.5555555555555556
Baseline: random,0.6
Baseline: random,0.5
Baseline: random,0.5384615384615384
Baseline: random,0.75
Baseline: random,0.6
Baseline: random,0.6
Baseline: random,0.5
Baseline: random,1.0
Baseline: random,0.6
Baseline: random,0.7142857142857143
Baseline: random,0.46153846153846156
Baseline: random,0.7142857142857143
Baseline: random,0.6666666666666666
Baseline: random,0.5384615384615384
Baseline: random,0.6
Baseline: random,0.6666666666666666
Baseline: random,0.6363636363636364
Baseline: random,0.5555555555555556
Baseline: random,0.6666666666666666
Baseline: random,0.6
Baseline: random,0.6666666666666666
Baseline: random,0.6
Baseline: random,0.6666666666666666
Baseline: random,0.5
Baseline: random,0.6
Baseline: random,1.0
Baseline: random,0.6
Baseline: freq_matched,0.7142857142857143
Baseline: freq_matched,0.6
Baseline: freq_matched,0.5714285714285714
Baseline: freq_matched,0.5
Baseline: freq_matched,0.6666666666666666
Baseline: freq_matched,0.6
Baseline: freq_matched,0.6666666666666666
Baseline: freq_matched,0.5
Baseline: freq_matched,0.6
Baseline: freq_matched,0.6666666666666666
Baseline: freq_matched,0.6666666666666666
Baseline: freq_matched,0.7
Baseline: freq_matched,0.8
Baseline: freq_matched,0.4444444444444444
Baseline: freq_matched,0.6666666666666666
Baseline: freq_matched,0.5555555555555556
Baseline: freq_matched,0.6666666666666666
Baseline: freq_matched,0.6
Baseline: freq_matched,0.6
Baseline: freq_matched,0.8
Baseline: freq_matched,0.8
Baseline: freq_matched,0.7272727272727273
Baseline: freq_matched,0.5
Baseline: freq_matched,0.6666666666666666
Baseline: freq_matched,0.5714285714285714
Baseline: freq_matched,0.6
Baseline: freq_matched,0.8
Baseline: freq_matched,0.8333333333333334
Baseline: freq_matched,0.6
Baseline: freq_matched,0.7142857142857143
Baseline: freq_matched,0.8
Baseline: freq_matched,0.7142857142857143
Baseline: freq_matched,0.7142857142857143
Baseline: freq_matched,0.8
Baseline: freq_matched,0.6666666666666666
Baseline: freq_matched,0.6666666666666666
Baseline: freq_matched,0.75
Baseline: freq_matched,0.8
Baseline: freq_matched,0.6
Baseline: freq_matched,0.6
Baseline: freq_matched,0.8333333333333334
Baseline: freq_matched,0.6
Baseline: freq_matched,0.8333333333333334
Baseline: freq_matched,0.6363636363636364
Baseline: freq_matched,0.8
Baseline: freq_matched,0.8333333333333334
Baseline: freq_matched,0.8571428571428571
Baseline: freq_matched,0.8
Baseline: freq_matched,0.5
Baseline: freq_matched,0.7142857142857143
Baseline: freq_matched,0.8333333333333334
Baseline: freq_matched,0.6666666666666666
Baseline: freq_matched,0.8
Baseline: freq_matched,0.8333333333333334
Baseline: freq_matched,0.6666666666666666
Baseline: freq_matched,0.5384615384615384
Baseline: freq_matched,0.6
Baseline: freq_matched,0.6
Baseline: freq_matched,0.8
Baseline: freq_matched,0.6666666666666666
Baseline: freq_matched,0.4444444444444444
Baseline: freq_matched,0.625
Baseline: freq_matched,0.6666666666666666
Baseline: freq_matched,0.6666666666666666
Baseline: freq_matched,0.6
Baseline: freq_matched,0.6
Baseline: freq_matched,0.5
Baseline: freq_matched,0.6666666666666666
Baseline: freq_matched,0.625
Baseline: freq_matched,0.7142857142857143
Baseline: freq_matched,0.5
Baseline: freq_matched,0.6666666666666666
Baseline: freq_matched,0.625
Baseline: freq_matched,0.8
Baseline: freq_matched,0.6666666666666666
Baseline: freq_matched,0.6666666666666666
Baseline: freq_matched,0.6
Baseline: freq_matched,0.6666666666666666
Baseline: freq_matched,0.5454545454545454
Baseline: freq_matched,0.6
Baseline: freq_matched,0.8
Baseline: freq_matched,0.6666666666666666
Baseline: freq_matched,0.6
Baseline: freq_matched,0.6666666666666666
Baseline: freq_matched,0.6
Baseline: freq_matched,0.7
Baseline: freq_matched,0.8333333333333334
Baseline: freq_matched,0.6363636363636364
Baseline: freq_matched,0.7142857142857143
Baseline: freq_matched,0.6666666666666666
Baseline: freq_matched,0.8
Baseline: freq_matched,0.6363636363636364
Baseline: freq_matched,0.7142857142857143
Baseline: freq_matched,0.5
Baseline: freq_matched,0.6666666666666666
Baseline: freq_matched,0.6666666666666666
Baseline: freq_matched,0.8333333333333334
Baseline: freq_matched,0.46153846153846156
Baseline: freq_matched,0.625
Baseline: freq_matched,0.6
Baseline: freq_matched,0.5714285714285714
Baseline: freq_matched,0.6666666666666666
Baseline: freq_matched,0.6666666666666666
Baseline: freq_matched,0.6666666666666666
Baseline: freq_matched,0.5
Baseline: freq_matched,0.6666666666666666
Baseline: freq_matched,0.7142857142857143
Baseline: freq_matched,0.6666666666666666
Baseline: freq_matched,0.6666666666666666
Baseline: freq_matched,0.6666666666666666
Baseline: freq_matched,0.5
Baseline: freq_matched,0.6
Baseline: freq_matched,0.5555555555555556
Baseline: freq_matched,0.6666666666666666
Baseline: freq_matched,0.5714285714285714
Baseline: freq_matched,0.6666666666666666
Baseline: freq_matched,0.6666666666666666
Baseline: freq_matched,0.6666666666666666
Baseline: freq_matched,0.8333333333333334
Baseline: freq_matched,0.6
Baseline: freq_matched,0.7142857142857143
Baseline: freq_matched,0.8
Baseline: freq_matched,0.6
Baseline: freq_matched,0.6666666666666666
Baseline: freq_matched,0.6666666666666666
Baseline: freq_matched,0.6
Baseline: freq_matched,0.6
Baseline: freq_matched,0.6
Baseline: freq_matched,0.7142857142857143
Baseline: freq_matched,0.5
Baseline: freq_matched,0.6666666666666666
Baseline: freq_matched,0.8
Baseline: freq_matched,0.6666666666666666
Baseline: freq_matched,0.8
Baseline: freq_matched,0.6363636363636364
Baseline: freq_matched,0.875
Baseline: freq_matched,0.6
Baseline: freq_matched,0.8333333333333334
Baseline: freq_matched,0.6666666666666666
Baseline: freq_matched,0.8333333333333334
Baseline: freq_matched,0.8
Baseline: freq_matched,0.6
Baseline: freq_matched,0.6
Baseline: freq_matched,0.8
Baseline: freq_matched,0.6666666666666666
Baseline: freq_matched,0.6
Baseline: freq_matched,0.6666666666666666
Baseline: freq_matched,0.6
Baseline: freq_matched,0.6
Baseline: freq_matched,0.6
Baseline: freq_matched,1.0
Baseline: freq_matched,0.6
Baseline: freq_matched,0.6666666666666666
Baseline: freq_matched,0.6111111111111112
Baseline: freq_matched,0.5
Baseline: freq_matched,0.5
Baseline: freq_matched,0.7142857142857143
Baseline: freq_matched,0.6
Baseline: freq_matched,0.8333333333333334
Baseline: freq_matched,0.8
Baseline: freq_matched,0.75
Baseline: freq_matched,0.8
Baseline: freq_matched,0.6666666666666666
Baseline: freq_matched,0.8
Baseline: freq_matched,0.75
Baseline: freq_matched,0.6
Baseline: freq_matched,0.6666666666666666
Baseline: freq_matched,0.6666666666666666
Baseline: freq_matched,0.6
Baseline: freq_matched,0.5714285714285714
Baseline: freq_matched,0.5
Baseline: freq_matched,0.7142857142857143
Baseline: freq_matched,0.6666666666666666
Baseline: freq_matched,0.6666666666666666
Baseline: freq_matched,0.6666666666666666
Baseline: freq_matched,0.6666666666666666
Baseline: freq_matched,0.6666666666666666
Baseline: freq_matched,0.5
Baseline: freq_matched,0.7142857142857143
Baseline: freq_matched,0.625
Baseline: freq_matched,0.6
Baseline: freq_matched,0.6666666666666666
Baseline: freq_matched,0.6666666666666666
Baseline: freq_matched,0.7142857142857143
Baseline: freq_matched,0.6
Baseline: freq_matched,0.6666666666666666
Baseline: freq_matched,0.6
Baseline: freq_matched,0.6666666666666666
Baseline: freq_matched,0.625
Baseline: freq_matched,0.6
Baseline: freq_matched,0.5384615384615384
Baseline: freq_matched,0.8571428571428571
Baseline: freq_matched,0.7142857142857143
Baseline: freq_matched,0.6
Baseline: freq_matched,0.6
Baseline: freq_matched,0.6
Baseline: freq_matched,0.8333333333333334
Baseline: freq_matched,0.8
Baseline: freq_matched,0.6
Baseline: freq_matched,0.6
Baseline: freq_matched,0.5
Baseline: freq_matched,0.8
Baseline: freq_matched,0.8
Baseline: freq_matched,0.6
Baseline: freq_matched,0.8
Baseline: freq_matched,0.6
Baseline: freq_matched,0.8333333333333334
Baseline: freq_matched,0.6666666666666666
Baseline: freq_matched,0.7142857142857143
Baseline: freq_matched,0.6666666666666666
Baseline: freq_matched,0.8333333333333334
Baseline: freq_matched,0.6666666666666666
Baseline: freq_matched,0.6
Baseline: freq_matched,0.6
Baseline: freq_matched,0.5714285714285714
Baseline: freq_matched,0.7777777777777778
Baseline: freq_matched,0.8
Baseline: freq_matched,0.6666666666666666
Baseline: freq_matched,0.6
Baseline: freq_matched,0.5384615384615384
Baseline: freq_matched,0.8
Baseline: freq_matched,0.6
Baseline: freq_matched,0.4375
Baseline: freq_matched,0.5555555555555556
Baseline: freq_matched,0.8
Baseline: freq_matched,0.6666666666666666
Baseline: freq_matched,0.6
Baseline: freq_matched,0.6
Baseline: freq_matched,0.6
Baseline: freq_matched,0.6666666666666666
Baseline: freq_matched,0.5
Baseline: freq_matched,0.7142857142857143
Baseline: freq_matched,0.6666666666666666
Baseline: freq_matched,0.5555555555555556
Baseline: freq_matched,0.6666666666666666
Baseline: freq_matched,0.8333333333333334
Baseline: freq_matched,0.6666666666666666
Baseline: freq_matched,0.6666666666666666
Baseline: freq_matched,0.6666666666666666
Baseline: freq_matched,0.6666666666666666
Baseline: freq_matched,0.6
Baseline: freq_matched,0.6666666666666666
Baseline: freq_matched,0.8
Baseline: freq_matched,0.6
Baseline: freq_matched,0.6
Baseline: freq_matched,0.45454545454545453
Baseline: freq_matched,0.6
Baseline: freq_matched,0.6666666666666666
Baseline: freq_matched,0.7142857142857143
Baseline: freq_matched,0.6666666666666666
Baseline: freq_matched,1.0
Baseline: freq_matched,0.625
Baseline: freq_matched,0.6666666666666666
Baseline: freq_matched,0.6
Baseline: freq_matched,0.7142857142857143
Baseline: freq_matched,0.5
Baseline: freq_matched,0.6
Baseline: freq_matched,0.5714285714285714
Baseline: freq_matched,0.5
Baseline: freq_matched,0.6
Baseline: freq_matched,0.6666666666666666
Baseline: freq_matched,0.6666666666666666
Baseline: freq_matched,0.5555555555555556
Baseline: freq_matched,0.6666666666666666
Baseline: freq_matched,0.75
Baseline: freq_matched,0.6
Baseline: freq_matched,0.8
Baseline: freq_matched,0.6
Baseline: freq_matched,0.5714285714285714
Baseline: freq_matched,0.6
Baseline: freq_matched,0.6666666666666666
Baseline: freq_matched,0.8
Baseline: freq_matched,0.6666666666666666
Baseline: freq_matched,0.8
Baseline: freq_matched,0.6666666666666666
Baseline: freq_matched,0.5714285714285714
Baseline: freq_matched,0.6666666666666666
Baseline: freq_matched,0.8
Baseline: freq_matched,0.6666666666666666
Baseline: freq_matched,0.6
Baseline: freq_matched,0.6666666666666666
Baseline: freq_matched,0.5714285714285714
Baseline: freq_matched,0.5714285714285714
Baseline: freq_matched,0.6
Baseline: freq_matched,0.6
Baseline: freq_matched,0.8333333333333334
Baseline: freq_matched,0.6666666666666666
Baseline: freq_matched,0.5
Baseline: freq_matched,0.5714285714285714
Baseline: freq_matched,0.6
Baseline: freq_matched,0.8
Baseline: freq_matched,0.5555555555555556
Baseline: freq_matched,1.0
Baseline: freq_matched,0.6
Baseline: freq_matched,0.5714285714285714
Baseline: freq_matched,0.6666666666666666
Baseline: freq_matched,0.7142857142857143
Baseline: freq_matched,0.625
Baseline: freq_matched,0.6666666666666666
Baseline: freq_matched,0.5
Baseline: freq_matched,0.5714285714285714
Baseline: freq_matched,0.6666666666666666
Baseline: freq_matched,0.7142857142857143
Baseline: freq_matched,0.625
Baseline: freq_matched,0.6
Baseline: freq_matched,0.5
Baseline: freq_matched,0.6666666666666666
Baseline: freq_matched,0.7142857142857143
Baseline: freq_matched,0.8
Baseline: freq_matched,0.6666666666666666
Baseline: freq_matched,0.6
Baseline: freq_matched,0.8333333333333334
Baseline: freq_matched,0.8333333333333334
Baseline: freq_matched,0.5714285714285714
Baseline: freq_matched,0.5
Baseline: freq_matched,0.8
Baseline: freq_matched,1.0
Baseline: freq_matched,0.7142857142857143
Baseline: freq_matched,0.8
Baseline: freq_matched,0.6
Baseline: freq_matched,0.7142857142857143
Baseline: freq_matched,0.8
Baseline: freq_matched,0.625
Baseline: freq_matched,0.6
Baseline: freq_matched,0.6666666666666666
Baseline: freq_matched,0.6666666666666666
Baseline: freq_matched,0.6
Baseline: freq_matched,0.8
Baseline: freq_matched,0.6
Baseline: freq_matched,0.7142857142857143
Baseline: freq_matched,0.6
Baseline: freq_matched,0.6666666666666666
Baseline: freq_matched,0.5714285714285714
Baseline: freq_matched,0.8333333333333334
Baseline: freq_matched,0.6
Baseline: freq_matched,0.6666666666666666
Baseline: freq_matched,0.5
Baseline: freq_matched,0.6
Baseline: freq_matched,0.6
Baseline: freq_matched,0.6666666666666666
Baseline: freq_matched,0.8571428571428571
Baseline: freq_matched,0.6666666666666666
Baseline: freq_matched,0.6666666666666666
Baseline: freq_matched,0.5
Baseline: freq_matched,0.8
Baseline: freq_matched,0.6666666666666666
Baseline: freq_matched,0.6
Baseline: freq_matched,0.6666666666666666
Baseline: freq_matched,0.8333333333333334
Baseline: freq_matched,0.7142857142857143
Baseline: freq_matched,0.5714285714285714
Baseline: freq_matched,0.6
Baseline: freq_matched,0.6666666666666666
Baseline: freq_matched,0.6666666666666666
Baseline: freq_matched,0.8
Baseline: freq_matched,0.6
Baseline: freq_matched,0.6666666666666666
Baseline: freq_matched,0.6666666666666666
Baseline: freq_matched,0.8
Baseline: freq_matched,0.8333333333333334
Baseline: freq_matched,0.7142857142857143
Baseline: freq_matched,0.6666666666666666
Baseline: freq_matched,0.6
Baseline: freq_matched,0.8
Baseline: freq_matched,0.8
Baseline: freq_matched,0.5555555555555556
Baseline: freq_matched,0.5833333333333334
Baseline: freq_matched,0.8
Baseline: freq_matched,0.6666666666666666
Baseline: freq_matched,0.6923076923076923
Baseline: freq_matched,0.6
Baseline: freq_matched,0.625
Baseline: freq_matched,0.6
Baseline: freq_matched,0.5454545454545454
Baseline: freq_matched,0.8
Baseline: freq_matched,0.6
Baseline: freq_matched,0.6666666666666666
Baseline: freq_matched,0.6
Baseline: freq_matched,0.6666666666666666
Baseline: freq_matched,0.7142857142857143
Baseline: freq_matched,0.5714285714285714
Baseline: freq_matched,0.5
Baseline: freq_matched,0.8
Baseline: freq_matched,0.6666666666666666
Baseline: freq_matched,0.5
Baseline: freq_matched,0.42857142857142855
Baseline: freq_matched,0.6
Baseline: freq_matched,0.5384615384615384
Baseline: freq_matched,0.6666666666666666
Baseline: freq_matched,0.6
Baseline: freq_matched,0.5
Baseline: freq_matched,0.7142857142857143
Baseline: freq_matched,0.8
Baseline: freq_matched,0.6666666666666666
Baseline: freq_matched,0.6666666666666666
Baseline: freq_matched,0.5
Baseline: freq_matched,0.6
Baseline: freq_matched,0.5
Baseline: freq_matched,0.6666666666666666
Baseline: freq_matched,0.6
Baseline: freq_matched,1.0
Baseline: freq_matched,0.6
Baseline: freq_matched,0.6153846153846154
Baseline: freq_matched,0.6
Baseline: freq_matched,0.6666666666666666
Baseline: freq_matched,0.625
Baseline: freq_matched,0.8571428571428571
Baseline: freq_matched,0.8
Baseline: freq_matched,0.6666666666666666
Baseline: freq_matched,0.6
Baseline: freq_matched,0.6666666666666666
Baseline: freq_matched,0.6
Baseline: freq_matched,0.8333333333333334
Baseline: freq_matched,0.8
Baseline: freq_matched,0.5
Baseline: freq_matched,0.6923076923076923
Baseline: freq_matched,0.6
Baseline: freq_matched,0.8
Baseline: freq_matched,0.6
Baseline: freq_matched,0.4444444444444444
Baseline: freq_matched,0.6
Baseline: freq_matched,0.6666666666666666
Baseline: freq_matched,0.6
Baseline: freq_matched,0.6666666666666666
Baseline: freq_matched,1.0
Baseline: freq_matched,0.6
Baseline: freq_matched,0.6666666666666666
Baseline: freq_matched,0.6
Baseline: freq_matched,0.6
Baseline: freq_matched,0.6666666666666666
Baseline: freq_matched,0.7142857142857143
Baseline: freq_matched,0.8
Baseline: freq_matched,0.75
Baseline: freq_matched,0.6
Baseline: freq_matched,0.8
Baseline: freq_matched,0.6666666666666666
Baseline: freq_matched,0.375
Baseline: freq_matched,0.6666666666666666
Baseline: freq_matched,0.6666666666666666
Baseline: freq_matched,0.6
Baseline: freq_matched,0.5555555555555556
Baseline: freq_matched,0.6666666666666666
Baseline: freq_matched,0.8
Baseline: freq_matched,0.7
Baseline: freq_matched,0.6666666666666666
Baseline: freq_matched,0.8333333333333334
Baseline: freq_matched,0.8571428571428571
Baseline: freq_matched,0.5
Baseline: freq_matched,0.6666666666666666
Baseline: freq_matched,0.7142857142857143
Baseline: freq_matched,0.8333333333333334
Baseline: freq_matched,0.8
Baseline: freq_matched,0.8
Baseline: freq_matched,0.8
Baseline: freq_matched,0.6
Baseline: freq_matched,0.6
Baseline: freq_matched,0.6
Baseline: freq_matched,0.6
Baseline: freq_matched,0.6
Baseline: freq_matched,0.7142857142857143
Baseline: freq_matched,0.8
Baseline: freq_matched,0.6666666666666666
Baseline: freq_matched,0.5
Baseline: freq_matched,0.8333333333333334
Baseline: freq_matched,0.7142857142857143
Baseline: freq_matched,0.5555555555555556
Baseline: freq_matched,0.6
Baseline: freq_matched,0.6363636363636364
Baseline: freq_matched,0.625
Baseline: freq_matched,0.6666666666666666
Baseline: freq_matched,0.6666666666666666
Baseline: freq_matched,0.6666666666666666
Baseline: freq_matched,0.7142857142857143
Baseline: freq_matched,0.6
Baseline: freq_matched,0.6
Baseline: freq_matched,0.8
Baseline: freq_matched,0.6
Baseline: freq_matched,0.6
Baseline: freq_matched,0.7142857142857143
Baseline: freq_matched,0.6
Baseline: freq_matched,0.6
Baseline: freq_matched,0.6666666666666666
Baseline: freq_matched,0.7142857142857143
Baseline: freq_matched,0.8
Baseline: freq_matched,0.6666666666666666
Baseline: freq_matched,0.6
Baseline: freq_matched,0.6666666666666666
Baseline: freq_matched,0.625
Baseline: freq_matched,0.5
Baseline: freq_matched,0.8
Baseline: freq_matched,0.6
Baseline: freq_matched,0.625
Baseline: freq_matched,0.6
Baseline: freq_matched,0.6666666666666666
Baseline: freq_matched,0.6
Baseline: freq_matched,0.6
Baseline: freq_matched,0.4444444444444444
Baseline: freq_matched,0.8333333333333334
Baseline: freq_matched,0.6111111111111112
Baseline: freq_matched,0.8571428571428571
Baseline: freq_matched,0.6
Baseline: freq_matched,0.75
Baseline: freq_matched,0.5555555555555556
Baseline: freq_matched,0.7142857142857143
Baseline: freq_matched,0.6666666666666666
Baseline: freq_matched,0.6
Baseline: freq_matched,0.6666666666666666
Baseline: freq_matched,0.6
Baseline: freq_matched,0.75
Baseline: freq_matched,0.6
Baseline: freq_matched,0.6153846153846154
Baseline: freq_matched,0.5714285714285714
Baseline: freq_matched,0.625
Baseline: freq_matched,0.6666666666666666
Baseline: freq_matched,0.5714285714285714
Baseline: freq_matched,0.6666666666666666
Baseline: freq_matched,0.8
Baseline: freq_matched,0.625
Baseline: freq_matched,0.8
Baseline: freq_matched,0.6666666666666666
Baseline: freq_matched,0.6
Baseline: freq_matched,0.6666666666666666
Baseline: freq_matched,0.6
Baseline: freq_matched,0.8333333333333334
Baseline: freq_matched,0.8
Baseline: freq_matched,0.7142857142857143
Baseline: freq_matched,0.6
Baseline: freq_matched,0.8333333333333334
Baseline: freq_matched,0.6666666666666666
Baseline: freq_matched,0.6666666666666666
Baseline: freq_matched,0.6
Baseline: freq_matched,0.4444444444444444
Baseline: freq_matched,0.8
Baseline: freq_matched,0.6666666666666666
Baseline: freq_matched,0.6666666666666666
Baseline: freq_matched,0.6666666666666666
Baseline: freq_matched,0.6
Baseline: freq_matched,0.6666666666666666
Baseline: freq_matched,0.6
Baseline: freq_matched,0.6666666666666666
Baseline: freq_matched,0.7142857142857143
Baseline: freq_matched,0.8
Baseline: freq_matched,0.6666666666666666
Baseline: freq_matched,0.6
Baseline: freq_matched,0.6
Baseline: freq_matched,0.8
Baseline: freq_matched,0.6153846153846154
Baseline: freq_matched,0.5714285714285714
Baseline: freq_matched,0.6666666666666666
Baseline: freq_matched,1.0
Baseline: freq_matched,0.8
Baseline: freq_matched,0.8
Baseline: freq_matched,0.6666666666666666
Baseline: freq_matched,0.6
Baseline: freq_matched,0.5833333333333334
Baseline: freq_matched,0.6
Baseline: freq_matched,0.8
Baseline: freq_matched,0.6666666666666666
Baseline: freq_matched,0.6
Baseline: freq_matched,0.6666666666666666
Baseline: freq_matched,0.5714285714285714
Baseline: freq_matched,0.8
Baseline: freq_matched,0.6666666666666666
Baseline: freq_matched,0.8
Baseline: freq_matched,0.6
Baseline: freq_matched,0.8333333333333334
Baseline: freq_matched,0.8
Baseline: freq_matched,0.8
Baseline: freq_matched,0.6666666666666666
Baseline: freq_matched,0.7142857142857143
Baseline: freq_matched,0.8
Baseline: freq_matched,0.7142857142857143
Baseline: freq_matched,0.8333333333333334
Baseline: freq_matched,0.6666666666666666
Baseline: freq_matched,0.6666666666666666
Baseline: freq_matched,0.6153846153846154
Baseline: freq_matched,0.8
Baseline: freq_matched,0.6
Baseline: freq_matched,0.6666666666666666
Baseline: freq_matched,0.6
Baseline: freq_matched,0.6
Baseline: freq_matched,0.8
Baseline: freq_matched,0.7142857142857143
Baseline: freq_matched,0.6
Baseline: freq_matched,0.6666666666666666
Baseline: freq_matched,0.7777777777777778
Baseline: freq_matched,0.8
Baseline: freq_matched,0.6666666666666666
Baseline: freq_matched,0.6
Baseline: freq_matched,0.8
Baseline: freq_matched,0.6
Baseline: freq_matched,0.5555555555555556
Baseline: freq_matched,0.8
Baseline: freq_matched,0.5714285714285714
Baseline: freq_matched,0.5714285714285714
Baseline: freq_matched,0.6666666666666666
Baseline: freq_matched,0.6666666666666666
Baseline: freq_matched,0.8
Baseline: freq_matched,0.6
Baseline: freq_matched,0.7142857142857143
Baseline: freq_matched,0.5
Baseline: freq_matched,0.6666666666666666
Baseline: freq_matched,0.6
Baseline: freq_matched,0.7142857142857143
Baseline: freq_matched,0.5714285714285714
Baseline: freq_matched,0.8
Baseline: freq_matched,0.6666666666666666
Baseline: freq_matched,0.625
Baseline: freq_matched,0.6
Baseline: freq_matched,0.6
Baseline: freq_matched,0.5714285714285714
Baseline: freq_matched,0.5714285714285714
Baseline: freq_matched,0.75
Baseline: freq_matched,0.8
Baseline: freq_matched,0.6666666666666666
Baseline: freq_matched,0.5
Baseline: freq_matched,0.6666666666666666
Baseline: freq_matched,0.6
Baseline: freq_matched,0.7142857142857143
Baseline: freq_matched,0.8333333333333334
Baseline: freq_matched,0.6666666666666666
Baseline: freq_matched,0.6666666666666666
Baseline: freq_matched,0.6666666666666666
Baseline: freq_matched,0.6
Baseline: freq_matched,0.8
Baseline: freq_matched,0.8
Baseline: freq_matched,0.625
Baseline: freq_matched,0.4166666666666667
Baseline: freq_matched,0.6
Baseline: freq_matched,0.8
Baseline: freq_matched,0.6
Baseline: freq_matched,0.6
Baseline: freq_matched,0.6
Baseline: freq_matched,0.8
Baseline: freq_matched,0.625
Baseline: freq_matched,0.6
Baseline: freq_matched,0.7142857142857143
Baseline: freq_matched,0.6666666666666666
Baseline: freq_matched,0.6666666666666666
Baseline: freq_matched,0.5
Baseline: freq_matched,0.7142857142857143
Baseline: freq_matched,0.8
Baseline: freq_matched,0.6666666666666666
Baseline: freq_matched,0.6666666666666666
Baseline: freq_matched,0.6
Baseline: freq_matched,0.6666666666666666
Baseline: freq_matched,0.8333333333333334
Baseline: freq_matched,0.5833333333333334
Baseline: freq_matched,0.6
Baseline: freq_matched,0.6666666666666666
Baseline: freq_matched,0.75
Baseline: freq_matched,0.6
Baseline: freq_matched,0.6666666666666666
Baseline: freq_matched,0.6
Baseline: freq_matched,0.5714285714285714
Baseline: freq_matched,0.6666666666666666
Baseline: freq_matched,0.75
Baseline: freq_matched,0.6
Baseline: freq_matched,0.6666666666666666
Baseline: freq_matched,0.6666666666666666
Baseline: freq_matched,0.75
Baseline: freq_matched,0.5
Baseline: freq_matched,0.7
Baseline: freq_matched,0.6666666666666666
Baseline: freq_matched,0.6666666666666666
Baseline: freq_matched,0.7142857142857143
Baseline: freq_matched,0.7
Baseline: freq_matched,0.5714285714285714
Baseline: freq_matched,0.6666666666666666
Baseline: freq_matched,0.6153846153846154
Baseline: freq_matched,0.5555555555555556
Baseline: freq_matched,0.6666666666666666
Baseline: freq_matched,0.6666666666666666
Baseline: freq_matched,0.7142857142857143
Baseline: freq_matched,0.875
Baseline: freq_matched,0.8
Baseline: freq_matched,0.7142857142857143
Baseline: freq_matched,0.6
Baseline: freq_matched,0.5833333333333334
Baseline: freq_matched,0.6
Baseline: freq_matched,0.8
Baseline: freq_matched,0.7142857142857143
Baseline: freq_matched,0.625
Baseline: freq_matched,0.625
Baseline: freq_matched,0.6666666666666666
Baseline: freq_matched,0.5714285714285714
Baseline: freq_matched,0.5
Baseline: freq_matched,0.6666666666666666
Baseline: freq_matched,0.5714285714285714
Baseline: freq_matched,0.6
Baseline: freq_matched,0.8333333333333334
Baseline: freq_matched,0.5714285714285714
Baseline: freq_matched,0.5
Baseline: freq_matched,0.6666666666666666
Baseline: freq_matched,0.75
Baseline: freq_matched,0.8
Baseline: freq_matched,0.8
Baseline: freq_matched,0.6666666666666666
Baseline: freq_matched,0.6363636363636364
Baseline: freq_matched,0.6
Baseline: freq_matched,0.8333333333333334
Baseline: freq_matched,0.6
Baseline: freq_matched,0.8333333333333334
Baseline: freq_matched,0.75
Baseline: freq_matched,0.6
Baseline: freq_matched,0.625
Baseline: freq_matched,0.6
Baseline: freq_matched,0.7142857142857143
Baseline: freq_matched,0.8
Baseline: freq_matched,0.6666666666666666
Baseline: freq_matched,0.5714285714285714
Baseline: freq_matched,0.6
Baseline: freq_matched,0.6666666666666666
Baseline: freq_matched,0.6666666666666666
Baseline: freq_matched,0.625
Baseline: freq_matched,0.6666666666666666
Baseline: freq_matched,0.6
Baseline: freq_matched,0.6666666666666666
Baseline: freq_matched,0.8
Baseline: freq_matched,0.8
Baseline: freq_matched,0.7
Baseline: freq_matched,0.7142857142857143
Baseline: freq_matched,0.6666666666666666
Baseline: freq_matched,0.6
Baseline: freq_matched,0.8333333333333334
Baseline: freq_matched,0.6666666666666666
Baseline: freq_matched,0.5454545454545454
Baseline: freq_matched,0.6
Baseline: freq_matched,0.5
Baseline: freq_matched,0.8333333333333334
Baseline: freq_matched,0.6666666666666666
Baseline: freq_matched,0.6
Baseline: freq_matched,0.6
Baseline: freq_matched,0.6
Baseline: freq_matched,1.0
Baseline: freq_matched,0.6666666666666666
Baseline: freq_matched,0.8
Baseline: freq_matched,0.8571428571428571
Baseline: freq_matched,0.8
Baseline: freq_matched,0.6
Baseline: freq_matched,0.7777777777777778
Baseline: freq_matched,0.8
Baseline: freq_matched,0.6666666666666666
Baseline: freq_matched,0.6923076923076923
Baseline: freq_matched,0.5714285714285714
Baseline: freq_matched,0.6
Baseline: freq_matched,0.7142857142857143
Baseline: freq_matched,0.7
Baseline: freq_matched,0.6666666666666666
Baseline: freq_matched,0.6666666666666666
Baseline: freq_matched,0.8
Baseline: freq_matched,0.6666666666666666
Baseline: freq_matched,0.6666666666666666
Baseline: freq_matched,0.6
Baseline: freq_matched,0.7142857142857143
Baseline: freq_matched,0.6666666666666666
Baseline: freq_matched,0.6666666666666666
Baseline: freq_matched,0.6666666666666666
Baseline: freq_matched,0.8
Baseline: freq_matched,0.75
Baseline: freq_matched,0.6
Baseline: freq_matched,0.8
Baseline: freq_matched,0.7142857142857143
Baseline: freq_matched,0.5384615384615384
Baseline: freq_matched,0.8
Baseline: freq_matched,0.6
Baseline: freq_matched,0.6
Baseline: freq_matched,0.6
Baseline: freq_matched,0.6
Baseline: freq_matched,0.6666666666666666
Baseline: freq_matched,0.6666666666666666
Baseline: freq_matched,0.6666666666666666
Baseline: freq_matched,0.6
Baseline: freq_matched,0.7142857142857143
Baseline: freq_matched,0.6666666666666666
Baseline: freq_matched,0.6
Baseline: freq_matched,0.7
Baseline: freq_matched,0.5714285714285714
Baseline: freq_matched,0.6666666666666666
Baseline: freq_matched,0.8
Baseline: freq_matched,0.6666666666666666
Baseline: freq_matched,0.8
Baseline: freq_matched,0.7142857142857143
Baseline: freq_matched,0.6666666666666666
Baseline: freq_matched,0.6
Baseline: freq_matched,0.8
Baseline: freq_matched,0.6666666666666666
Baseline: freq_matched,0.5
Baseline: freq_matched,0.6
Baseline: freq_matched,0.6
Baseline: freq_matched,0.6666666666666666
Baseline: freq_matched,0.625
Baseline: freq_matched,0.6
Baseline: freq_matched,1.0
Baseline: freq_matched,0.6
Baseline: freq_matched,0.7142857142857143
Baseline: freq_matched,0.6666666666666666
Baseline: freq_matched,0.6666666666666666
Baseline: freq_matched,0.8333333333333334
Baseline: freq_matched,0.6
Baseline: freq_matched,0.8333333333333334
Baseline: freq_matched,0.6666666666666666
Baseline: freq_matched,0.6666666666666666
Baseline: freq_matched,0.625
Baseline: freq_matched,0.8
Baseline: freq_matched,0.6666666666666666
Baseline: freq_matched,0.5
Baseline: freq_matched,0.6
Baseline: freq_matched,0.8
Baseline: freq_matched,0.6
Baseline: freq_matched,0.6
Baseline: freq_matched,0.5714285714285714
Baseline: freq_matched,0.5
Baseline: freq_matched,0.5
Baseline: freq_matched,0.5
Baseline: freq_matched,0.45454545454545453
Baseline: freq_matched,0.6666666666666666
Baseline: freq_matched,0.6
Baseline: freq_matched,0.625
Baseline: freq_matched,0.6666666666666666
Baseline: freq_matched,0.8
Baseline: freq_matched,0.5
Baseline: freq_matched,0.6
Baseline: freq_matched,0.7142857142857143
Baseline: freq_matched,0.6666666666666666
Baseline: freq_matched,0.6666666666666666
Baseline: freq_matched,0.5714285714285714
Baseline: freq_matched,0.6666666666666666
Baseline: freq_matched,0.6666666666666666
Baseline: freq_matched,0.8
Baseline: freq_matched,0.6
Baseline: freq_matched,0.7142857142857143
Baseline: freq_matched,0.6666666666666666
Baseline: freq_matched,0.5
Baseline: freq_matched,0.7142857142857143
Baseline: freq_matched,0.6666666666666666
Baseline: freq_matched,0.8
Baseline: freq_matched,0.8
Baseline: freq_matched,0.5454545454545454
Baseline: freq_matched,0.6666666666666666
Baseline: freq_matched,0.625
Baseline: freq_matched,0.6
Baseline: freq_matched,0.6666666666666666
Baseline: freq_matched,0.7142857142857143
Baseline: freq_matched,1.0
Baseline: freq_matched,0.6
Baseline: freq_matched,0.625
Baseline: freq_matched,0.7272727272727273
Baseline: freq_matched,0.8333333333333334
Baseline: freq_matched,0.6
Baseline: freq_matched,0.6
Baseline: freq_matched,0.6
Baseline: freq_matched,0.6
Baseline: freq_matched,0.5
Baseline: freq_matched,0.6666666666666666
Baseline: freq_matched,0.4444444444444444
Baseline: freq_matched,0.875
Baseline: freq_matched,0.8333333333333334
Baseline: freq_matched,0.7142857142857143
Baseline: freq_matched,0.8
Baseline: freq_matched,0.6666666666666666
Baseline: freq_matched,0.6
Baseline: freq_matched,0.5384615384615384
Baseline: freq_matched,0.6666666666666666
Baseline: freq_matched,0.8
Baseline: freq_matched,0.6666666666666666
Baseline: freq_matched,0.875
Baseline: freq_matched,0.8
Baseline: freq_matched,0.625
Baseline: freq_matched,0.875
Baseline: freq_matched,0.6666666666666666
Baseline: freq_matched,0.5
Baseline: freq_matched,0.8333333333333334
Baseline: freq_matched,0.75
Baseline: freq_matched,0.6
Baseline: freq_matched,0.6666666666666666
Baseline: freq_matched,0.6
Baseline: freq_matched,0.5384615384615384
Baseline: freq_matched,0.6666666666666666
Baseline: freq_matched,0.7142857142857143
Baseline: freq_matched,0.8
Baseline: freq_matched,0.7142857142857143
Baseline: freq_matched,0.8
Baseline: freq_matched,0.8
Baseline: freq_matched,0.6666666666666666
Baseline: freq_matched,0.6666666666666666
Baseline: freq_matched,0.6
Baseline: freq_matched,0.6666666666666666
Baseline: freq_matched,0.6666666666666666
Baseline: freq_matched,0.6
Baseline: freq_matched,0.6666666666666666
Baseline: freq_matched,0.6
Baseline: freq_matched,0.6666666666666666
Baseline: freq_matched,0.8
Baseline: freq_matched,0.6666666666666666
Baseline: freq_matched,0.8
Baseline: freq_matched,0.6
Baseline: freq_matched,0.75
Baseline: freq_matched,0.6
Baseline: freq_matched,0.5454545454545454
Baseline: freq_matched,0.8888888888888888
Baseline: freq_matched,0.6
Baseline: freq_matched,0.7142857142857143
Baseline: freq_matched,0.6923076923076923
Baseline: freq_matched,0.6666666666666666
Baseline: freq_matched,0.6666666666666666
Baseline: freq_matched,0.7142857142857143
Baseline: freq_matched,0.6666666666666666
Baseline: freq_matched,0.6666666666666666
Baseline: freq_matched,0.8333333333333334
Baseline: freq_matched,0.6666666666666666
Baseline: freq_matched,0.6
Baseline: freq_matched,0.625
Baseline: freq_matched,0.8
Baseline: freq_matched,0.625
Baseline: freq_matched,0.6
Baseline: freq_matched,0.6363636363636364
Baseline: freq_matched,0.6
Baseline: freq_matched,0.6666666666666666
Baseline: freq_matched,0.6666666666666666
Baseline: freq_matched,0.6666666666666666
Baseline: freq_matched,0.6666666666666666
Baseline: freq_matched,0.5
Baseline: freq_matched,0.7142857142857143
Baseline: freq_matched,0.6
Baseline: freq_matched,0.8
Baseline: freq_matched,0.6
Baseline: freq_matched,0.6
Baseline: freq_matched,0.6666666666666666
Baseline: freq_matched,0.6
Baseline: freq_matched,0.5
Baseline: freq_matched,0.6
Baseline: freq_matched,0.5
Baseline: freq_matched,0.6
Baseline: freq_matched,1.0
Baseline: freq_matched,0.8
Baseline: freq_matched,0.6
Baseline: freq_matched,0.8
Baseline: freq_matched,0.5
Baseline: freq_matched,0.5384615384615384
Baseline: freq_matched,0.6
Baseline: freq_matched,0.8
Baseline: freq_matched,0.7142857142857143
Baseline: freq_matched,0.6
Baseline: freq_matched,0.8
Baseline: freq_matched,0.8
Baseline: freq_matched,0.6
Baseline: freq_matched,0.8
Baseline: freq_matched,0.6666666666666666
Baseline: freq_matched,0.6
Baseline: freq_matched,0.6
Baseline: freq_matched,0.75
Baseline: freq_matched,0.7142857142857143
Baseline: freq_matched,0.6666666666666666
Baseline: freq_matched,0.75
Baseline: freq_matched,0.5
Baseline: freq_matched,0.6
Baseline: freq_matched,0.6666666666666666
Baseline: freq_matched,0.8
Baseline: freq_matched,0.6666666666666666
Baseline: freq_matched,0.6666666666666666
Baseline: freq_matched,0.6
Baseline: freq_matched,0.42857142857142855
Baseline: freq_matched,0.6666666666666666
Baseline: freq_matched,0.6
Baseline: freq_matched,0.625
Baseline: freq_matched,0.6153846153846154
Baseline: freq_matched,0.6
Baseline: freq_matched,0.8
Baseline: freq_matched,0.5714285714285714
Baseline: freq_matched,0.5714285714285714
Baseline: freq_matched,0.6
Baseline: freq_matched,0.6666666666666666
Baseline: freq_matched,0.6
Baseline: freq_matched,0.6666666666666666
Baseline: freq_matched,0.7142857142857143
Baseline: freq_matched,0.8333333333333334
Baseline: freq_matched,0.7
Baseline: freq_matched,0.5714285714285714
Baseline: freq_matched,0.6
Baseline: freq_matched,0.6
Baseline: freq_matched,0.7142857142857143
Baseline: freq_matched,0.6
Baseline: freq_matched,0.6666666666666666
Baseline: freq_matched,0.8333333333333334
Baseline: freq_matched,0.6
Baseline: freq_matched,0.8333333333333334
Baseline: freq_matched,0.625
Baseline: freq_matched,0.8
Baseline: freq_matched,0.8
Baseline: freq_matched,0.6666666666666666
Baseline: freq_matched,0.8571428571428571
Baseline: freq_matched,0.75
Baseline: freq_matched,0.7142857142857143
Baseline: freq_matched,0.5
Baseline: freq_matched,0.6
Baseline: freq_matched,0.7142857142857143
Baseline: freq_matched,0.8
Baseline: freq_matched,0.8
Baseline: freq_matched,0.6666666666666666
Baseline: freq_matched,0.5714285714285714
Baseline: freq_matched,0.7142857142857143
Baseline: freq_matched,0.6666666666666666
Baseline: freq_matched,0.6666666666666666
Baseline: freq_matched,0.8
Baseline: freq_matched,0.5
Baseline: freq_matched,0.625
Baseline: freq_matched,0.8
Baseline: freq_matched,0.8
Baseline: freq_matched,0.8
Baseline: freq_matched,0.8
Baseline: freq_matched,0.8
Baseline: freq_matched,0.6
Baseline: freq_matched,0.8
Baseline: freq_matched,0.8
Baseline: freq_matched,0.8
Baseline: freq_matched,0.8
Baseline: freq_matched,0.6
Baseline: freq_matched,0.6666666666666666
Baseline: freq_matched,0.8
Baseline: freq_matched,0.8
Baseline: freq_matched,0.5
Baseline: freq_matched,0.8571428571428571
Baseline: freq_matched,0.5
Baseline: freq_matched,0.6
Baseline: freq_matched,0.8
Baseline: freq_matched,0.6
Baseline: freq_matched,0.7142857142857143
Baseline: freq_matched,0.6
Baseline: freq_matched,0.5
Baseline: freq_matched,0.6666666666666666
Baseline: freq_matched,0.8
Baseline: freq_matched,0.6
Baseline: freq_matched,0.6666666666666666
Baseline: freq_matched,0.8
Baseline: freq_matched,0.6666666666666666
Baseline: freq_matched,0.6666666666666666
Baseline: freq_matched,0.6666666666666666
Baseline: freq_matched,0.8
Baseline: freq_matched,0.6666666666666666
Baseline: freq_matched,0.6
Baseline: freq_matched,0.6666666666666666
Baseline: freq_matched,0.8
Baseline: freq_matched,0.6666666666666666
Baseline: freq_matched,0.5
Baseline: freq_matched,0.7142857142857143
Baseline: freq_matched,0.8
Baseline: freq_matched,0.6666666666666666
Baseline: freq_matched,0.8571428571428571
Baseline: freq_matched,0.6
Baseline: freq_matched,0.6666666666666666
Baseline: freq_matched,0.6
Baseline: freq_matched,0.7
Baseline: freq_matched,0.6666666666666666
Baseline: freq_matched,0.6
Baseline: freq_matched,0.8333333333333334
Baseline: freq_matched,0.5
Baseline: freq_matched,0.6666666666666666
Baseline: freq_matched,0.5
Baseline: freq_matched,0.625
Baseline: freq_matched,0.5
Baseline: freq_matched,0.8
Baseline: freq_matched,0.8
Baseline: freq_matched,0.4444444444444444
Baseline: freq_matched,0.6666666666666666
Baseline: freq_matched,0.6923076923076923
Baseline: freq_matched,0.6666666666666666
Baseline: freq_matched,0.6666666666666666
Baseline: freq_matched,0.6
Baseline: freq_matched,0.6666666666666666
Baseline: freq_matched,0.5
Baseline: freq_matched,0.75
Baseline: freq_matched,0.8333333333333334
Baseline: freq_matched,0.5714285714285714
Baseline: freq_matched,0.6666666666666666
Baseline: freq_matched,0.8333333333333334
Baseline: freq_matched,0.5
Baseline: freq_matched,0.8333333333333334
Baseline: freq_matched,0.8
Baseline: freq_matched,0.5
Baseline: freq_matched,0.8
Baseline: freq_matched,0.5
Baseline: freq_matched,0.7142857142857143
Baseline: freq_matched,0.6666666666666666
Baseline: freq_matched,0.8
Baseline: freq_matched,0.5555555555555556
Baseline: freq_matched,0.6
Baseline: freq_matched,0.6
Baseline: freq_matched,0.6
Baseline: freq_matched,0.5
Baseline: freq_matched,0.6363636363636364
Baseline: freq_matched,0.8
Baseline: freq_matched,0.6666666666666666
Baseline: freq_matched,0.7777777777777778
Baseline: freq_matched,0.5
Baseline: freq_matched,0.6666666666666666
Baseline: freq_matched,0.8
Baseline: freq_matched,0.8
Baseline: freq_matched,0.6
Baseline: freq_matched,0.8
Baseline: freq_matched,0.6
Baseline: freq_matched,0.6
Baseline: freq_matched,0.6666666666666666
Baseline: freq_matched,0.5
Baseline: freq_matched,0.6
Baseline: freq_matched,0.6666666666666666
Baseline: freq_matched,0.6
Baseline: freq_matched,0.8
Baseline: freq_matched,0.6
Baseline: freq_matched,0.6666666666666666
Baseline: freq_matched,0.5
Baseline: freq_matched,0.6363636363636364
Baseline: freq_matched,0.6
Baseline: freq_matched,0.6666666666666666
Baseline: freq_matched,0.625
Baseline: freq_matched,0.6
Baseline: freq_matched,0.8
Baseline: freq_matched,0.6
Baseline: freq_matched,0.6666666666666666
Baseline: freq_matched,0.6
Baseline: freq_matched,0.5555555555555556
Baseline: freq_matched,0.8
Baseline: freq_matched,0.625
Baseline: freq_matched,0.7142857142857143
Baseline: freq_matched,0.8
Baseline: freq_matched,0.6666666666666666
Baseline: freq_matched,0.6
Baseline: freq_matched,0.5714285714285714
Baseline: freq_matched,0.625
Baseline: freq_matched,0.5714285714285714
Baseline: freq_matched,0.8
Baseline: freq_matched,0.8
Baseline: freq_matched,0.6
Baseline: freq_matched,0.42857142857142855
Baseline: freq_matched,0.6
Baseline: freq_matched,0.75
Baseline: freq_matched,0.6
Baseline: freq_matched,0.6666666666666666
Baseline: freq_matched,0.6666666666666666
Baseline: freq_matched,0.6
Baseline: freq_matched,0.5555555555555556
Baseline: freq_matched,0.6666666666666666
Baseline: freq_matched,0.5714285714285714
Baseline: freq_matched,0.6
Baseline: freq_matched,0.5
Baseline: freq_matched,0.8
Baseline: freq_matched,0.6666666666666666
Baseline: freq_matched,0.6666666666666666
Baseline: freq_matched,0.8333333333333334
Baseline: freq_matched,0.8
Baseline: freq_matched,0.6666666666666666
Baseline: freq_matched,0.6666666666666666
Baseline: freq_matched,0.8
Baseline: freq_matched,0.6666666666666666
Baseline: freq_matched,0.5714285714285714
Baseline: freq_matched,0.5
Baseline: freq_matched,0.7142857142857143
Baseline: freq_matched,0.6666666666666666
Baseline: freq_matched,0.7142857142857143
Baseline: freq_matched,0.6
Baseline: freq_matched,0.6
Baseline: freq_matched,0.625
Baseline: freq_matched,0.6
Baseline: freq_matched,0.6666666666666666
Baseline: freq_matched,0.6
Baseline: freq_matched,0.8
Baseline: freq_matched,0.6
Baseline: freq_matched,0.6666666666666666
Baseline: freq_matched,0.7142857142857143
Baseline: freq_matched,0.5
Baseline: freq_matched,0.6666666666666666
Baseline: freq_matched,0.6666666666666666
Baseline: freq_matched,0.6666666666666666
Baseline: freq_matched,0.6666666666666666
Baseline: freq_matched,0.625
Baseline: freq_matched,0.7142857142857143
Baseline: freq_matched,0.6
Baseline: freq_matched,0.6666666666666666
Baseline: freq_matched,0.6
Baseline: freq_matched,0.8333333333333334
Baseline: freq_matched,0.8
Baseline: freq_matched,0.625
Baseline: freq_matched,0.6
Baseline: freq_matched,0.6
Baseline: freq_matched,0.8
Baseline: freq_matched,0.8
Baseline: freq_matched,0.8
Baseline: freq_matched,0.75
Baseline: freq_matched,0.7142857142857143
Baseline: freq_matched,0.8
Baseline: freq_matched,0.6
Baseline: freq_matched,0.5
Baseline: freq_matched,0.6666666666666666
Baseline: freq_matched,0.8
Baseline: freq_matched,0.5714285714285714
Baseline: freq_matched,0.7142857142857143
Baseline: freq_matched,0.6666666666666666
Baseline: freq_matched,0.6
Baseline: freq_matched,0.6
Baseline: freq_matched,0.6666666666666666
Baseline: freq_matched,0.8
Baseline: freq_matched,0.6
Baseline: freq_matched,0.6
Baseline: freq_matched,0.5
Baseline: freq_matched,0.8
Baseline: freq_matched,0.6666666666666666
Baseline: freq_matched,0.8
Baseline: freq_matched,0.6666666666666666
Baseline: freq_matched,0.6666666666666666
Baseline: freq_matched,0.5
Baseline: freq_matched,0.7
Baseline: freq_matched,0.5
Baseline: freq_matched,0.6
Baseline: freq_matched,0.6666666666666666
Baseline: freq_matched,0.6666666666666666
Baseline: freq_matched,0.6
Baseline: freq_matched,0.5714285714285714
Baseline: freq_matched,0.5
Baseline: freq_matched,0.75
Baseline: freq_matched,0.7142857142857143
Baseline: freq_matched,0.7142857142857143
Baseline: freq_matched,0.6666666666666666
Baseline: freq_matched,0.75
Baseline: freq_matched,0.6666666666666666
Baseline: freq_matched,0.46153846153846156
Baseline: freq_matched,0.625
Baseline: freq_matched,0.6666666666666666
Baseline: freq_matched,0.5555555555555556
Baseline: freq_matched,0.5
Baseline: freq_matched,0.6666666666666666
Baseline: freq_matched,0.6
Baseline: freq_matched,0.6
Baseline: freq_matched,0.6666666666666666
Baseline: freq_matched,0.6
Baseline: freq_matched,0.6
Baseline: freq_matched,0.8
Baseline: freq_matched,0.5
Baseline: freq_matched,0.8
Baseline: freq_matched,1.0
Baseline: freq_matched,0.625
Baseline: freq_matched,0.6666666666666666
Baseline: freq_matched,0.6666666666666666
Baseline: freq_matched,0.5
Baseline: freq_matched,0.7142857142857143
Baseline: freq_matched,0.8
Baseline: freq_matched,0.6
Baseline: freq_matched,0.8
Baseline: freq_matched,0.8
Baseline: freq_matched,0.6
Baseline: freq_matched,0.6666666666666666
Baseline: freq_matched,0.8
Baseline: freq_matched,0.6666666666666666
Baseline: freq_matched,0.8
Baseline: freq_matched,1.0
Baseline: freq_matched,0.8
Baseline: freq_matched,0.6
Baseline: freq_matched,0.6666666666666666
Baseline: freq_matched,0.6666666666666666
Baseline: freq_matched,0.6666666666666666
Baseline: freq_matched,0.625
Baseline: freq_matched,0.7
Baseline: freq_matched,0.6666666666666666
Baseline: freq_matched,0.6666666666666666
Baseline: freq_matched,0.8
Baseline: freq_matched,0.8
Baseline: freq_matched,0.6666666666666666
Baseline: freq_matched,0.8
Baseline: freq_matched,0.6666666666666666
Baseline: freq_matched,0.6
Baseline: freq_matched,0.6666666666666666
Baseline: freq_matched,0.46153846153846156
Baseline: freq_matched,0.6
Baseline: freq_matched,0.5238095238095238
Baseline: freq_matched,0.5
Baseline: freq_matched,0.6666666666666666
Baseline: freq_matched,0.6
Baseline: freq_matched,0.6
Baseline: freq_matched,0.6666666666666666
Baseline: freq_matched,0.5
Baseline: freq_matched,0.6
Baseline: freq_matched,0.6
Baseline: freq_matched,0.625
Baseline: freq_matched,0.6666666666666666
Baseline: freq_matched,0.8
Baseline: freq_matched,0.75
Baseline: freq_matched,0.6
Baseline: freq_matched,0.6666666666666666
Baseline: freq_matched,0.7777777777777778
Baseline: freq_matched,0.8
Baseline: freq_matched,0.625
Baseline: freq_matched,0.6666666666666666
Baseline: freq_matched,0.7142857142857143
Baseline: freq_matched,0.6666666666666666
Baseline: freq_matched,0.6
Baseline: freq_matched,0.7142857142857143
Baseline: freq_matched,0.6
Baseline: freq_matched,0.6
Baseline: freq_matched,0.7142857142857143
Baseline: freq_matched,0.6666666666666666
Baseline: freq_matched,0.8333333333333334
Baseline: freq_matched,0.6
Baseline: freq_matched,0.6666666666666666
Baseline: freq_matched,0.6
Baseline: freq_matched,0.8
Baseline: freq_matched,0.5
Baseline: freq_matched,0.6666666666666666
Baseline: freq_matched,0.5
Baseline: freq_matched,0.6153846153846154
Baseline: freq_matched,0.5454545454545454
Baseline: freq_matched,0.6666666666666666
Baseline: freq_matched,0.5714285714285714
Baseline: freq_matched,0.6
Baseline: freq_matched,0.6666666666666666
Baseline: freq_matched,0.6
Baseline: freq_matched,0.8
Baseline: freq_matched,0.6666666666666666
Baseline: freq_matched,0.6
Baseline: freq_matched,0.6666666666666666
Baseline: freq_matched,0.75
Baseline: freq_matched,0.6
Baseline: freq_matched,0.8571428571428571
Baseline: freq_matched,0.8
Baseline: freq_matched,0.46153846153846156
Baseline: freq_matched,0.5
Baseline: freq_matched,0.8333333333333334
Baseline: freq_matched,0.8
Baseline: freq_matched,0.7777777777777778
Baseline: freq_matched,0.6
Baseline: freq_matched,0.8
Baseline: freq_matched,0.6666666666666666
Baseline: freq_matched,0.8
Baseline: freq_matched,0.75
Baseline: freq_matched,0.8333333333333334
Baseline: freq_matched,0.6666666666666666
Baseline: freq_matched,0.5
Baseline: freq_matched,0.6666666666666666
Baseline: freq_matched,0.8
Baseline: freq_matched,0.8
Baseline: freq_matched,0.6666666666666666
Baseline: freq_matched,0.6666666666666666
Baseline: freq_matched,0.8571428571428571
Baseline: freq_matched,0.5714285714285714
Baseline: freq_matched,0.7
Baseline: freq_matched,0.7142857142857143
Baseline: freq_matched,0.6666666666666666
Baseline: freq_matched,0.6666666666666666
Baseline: freq_matched,0.625
Baseline: freq_matched,0.8
Baseline: freq_matched,0.6
Baseline: freq_matched,0.6666666666666666
Baseline: freq_matched,0.8
Baseline: freq_matched,0.5714285714285714
Baseline: freq_matched,0.8571428571428571
Baseline: freq_matched,0.6363636363636364
Baseline: freq_matched,0.6
Baseline: freq_matched,0.8
Baseline: freq_matched,0.7142857142857143
Baseline: freq_matched,0.6
Baseline: freq_matched,0.6666666666666666
Baseline: freq_matched,0.6
Baseline: freq_matched,0.6
Baseline: freq_matched,0.6666666666666666
Baseline: freq_matched,0.6
Baseline: freq_matched,0.5714285714285714
Baseline: freq_matched,0.6
Baseline: freq_matched,0.8333333333333334
Baseline: freq_matched,0.6666666666666666
Baseline: freq_matched,0.6666666666666666
Baseline: freq_matched,0.6666666666666666
Baseline: freq_matched,0.6
Baseline: freq_matched,0.5384615384615384
Baseline: freq_matched,0.8
Baseline: freq_matched,0.6
Baseline: freq_matched,0.8333333333333334
Baseline: freq_matched,0.6363636363636364
Baseline: freq_matched,0.6
Baseline: freq_matched,0.6666666666666666
Baseline: freq_matched,0.6666666666666666
Baseline: freq_matched,0.8
Baseline: freq_matched,0.6666666666666666
Baseline: freq_matched,0.8
Baseline: freq_matched,0.8
Baseline: freq_matched,0.6666666666666666
Baseline: freq_matched,0.8333333333333334
Baseline: freq_matched,0.8
Baseline: freq_matched,0.6923076923076923
Baseline: freq_matched,0.6
Baseline: freq_matched,0.7142857142857143
Baseline: freq_matched,0.8333333333333334
Baseline: freq_matched,0.6666666666666666
Baseline: freq_matched,0.6
Baseline: freq_matched,0.8
Baseline: freq_matched,0.8333333333333334
Baseline: freq_matched,0.7142857142857143
Baseline: freq_matched,0.46153846153846156
Baseline: freq_matched,0.8333333333333334
Baseline: freq_matched,0.6666666666666666
Baseline: freq_matched,0.5555555555555556
Baseline: freq_matched,0.8888888888888888
Baseline: freq_matched,0.6
Baseline: freq_matched,0.6666666666666666
Baseline: freq_matched,0.8333333333333334
Baseline: freq_matched,0.6666666666666666
Baseline: freq_matched,0.8
Baseline: freq_matched,0.6
Baseline: freq_matched,0.6666666666666666
Baseline: freq_matched,0.6666666666666666
Baseline: freq_matched,0.8
Baseline: freq_matched,0.6666666666666666
Baseline: freq_matched,0.5555555555555556
Baseline: freq_matched,0.8571428571428571
Baseline: freq_matched,0.6666666666666666
Baseline: freq_matched,0.5714285714285714
Baseline: freq_matched,0.5
Baseline: freq_matched,0.5714285714285714
Baseline: freq_matched,0.6
Baseline: freq_matched,0.6
Baseline: freq_matched,0.75
Baseline: freq_matched,0.6666666666666666
Baseline: freq_matched,0.6
Baseline: freq_matched,0.5714285714285714
Baseline: freq_matched,0.6153846153846154
Baseline: freq_matched,0.6
Baseline: freq_matched,0.6
Baseline: freq_matched,0.6
Baseline: freq_matched,0.8333333333333334
Baseline: freq_matched,0.6666666666666666
Baseline: freq_matched,0.6
Baseline: freq_matched,0.8
Baseline: freq_matched,0.5714285714285714
Baseline: freq_matched,0.7142857142857143
Baseline: freq_matched,0.625
Baseline: freq_matched,0.6
Baseline: freq_matched,0.8
Baseline: freq_matched,0.7142857142857143
Baseline: freq_matched,0.625
Baseline: freq_matched,0.7142857142857143
Baseline: freq_matched,0.8
Baseline: freq_matched,0.6666666666666666
Baseline: freq_matched,0.6
Baseline: freq_matched,0.6
Baseline: freq_matched,0.8333333333333334
Baseline: freq_matched,0.6666666666666666
Baseline: freq_matched,0.6666666666666666
Baseline: freq_matched,0.6153846153846154
Baseline: freq_matched,0.6666666666666666
Baseline: freq_matched,0.6666666666666666
Baseline: freq_matched,0.6
Baseline: freq_matched,0.6
Baseline: freq_matched,0.45454545454545453
Baseline: freq_matched,0.5555555555555556
Baseline: freq_matched,0.7142857142857143
Baseline: freq_matched,0.8333333333333334
Baseline: freq_matched,0.6
Baseline: freq_matched,0.6
Baseline: freq_matched,0.6666666666666666
Baseline: freq_matched,0.8333333333333334
Baseline: freq_matched,0.6666666666666666
Baseline: freq_matched,0.8
Baseline: freq_matched,0.6
Baseline: freq_matched,0.8
Baseline: freq_matched,0.5555555555555556
Baseline: freq_matched,0.5454545454545454
Baseline: freq_matched,0.6666666666666666
Baseline: freq_matched,0.6666666666666666
Baseline: freq_matched,0.6666666666666666
Baseline: freq_matched,0.5
Baseline: freq_matched,0.6666666666666666
Baseline: freq_matched,0.8
Baseline: freq_matched,0.6
Baseline: freq_matched,0.5
Baseline: freq_matched,0.4444444444444444
Baseline: freq_matched,0.6
Baseline: freq_matched,0.7
Baseline: freq_matched,0.7142857142857143
Baseline: freq_matched,0.6
Baseline: freq_matched,0.625
Baseline: freq_matched,0.5
Baseline: freq_matched,0.6
Baseline: freq_matched,0.75
Baseline: freq_matched,0.6
Baseline: freq_matched,0.6
Baseline: freq_matched,0.5
Baseline: freq_matched,0.6
Baseline: freq_matched,0.6
Baseline: freq_matched,0.5714285714285714
Baseline: freq_matched,0.6666666666666666
Baseline: freq_matched,0.6666666666666666
Baseline: freq_matched,0.5555555555555556
Baseline: freq_matched,0.6666666666666666
Baseline: freq_matched,0.625
Baseline: freq_matched,0.7142857142857143
Baseline: freq_matched,0.6
Baseline: freq_matched,0.5
Baseline: freq_matched,0.8
Baseline: freq_matched,0.6666666666666666
Baseline: freq_matched,0.8
Baseline: freq_matched,0.6666666666666666
Baseline: freq_matched,0.6153846153846154
Baseline: freq_matched,0.6666666666666666
Baseline: freq_matched,0.6666666666666666
Baseline: freq_matched,0.6666666666666666
Baseline: freq_matched,0.6666666666666666
Baseline: freq_matched,0.6
Baseline: freq_matched,0.5714285714285714
Baseline: freq_matched,0.6
Baseline: freq_matched,0.6
Baseline: freq_matched,0.8
Baseline: freq_matched,0.5
Baseline: freq_matched,0.6666666666666666
Baseline: freq_matched,0.5384615384615384
Baseline: freq_matched,0.6666666666666666
Baseline: freq_matched,0.8
Baseline: freq_matched,0.6
Baseline: freq_matched,0.625
Baseline: freq_matched,0.8333333333333334
Baseline: freq_matched,0.8
Baseline: freq_matched,0.6666666666666666
Baseline: freq_matched,0.5384615384615384
Baseline: freq_matched,0.6
Baseline: freq_matched,0.6666666666666666
Baseline: freq_matched,0.5
Baseline: freq_matched,0.8
Baseline: freq_matched,0.8
Baseline: freq_matched,0.5454545454545454
Baseline: freq_matched,0.8
Baseline: freq_matched,0.6666666666666666
Baseline: freq_matched,0.6
Baseline: freq_matched,0.8333333333333334
Baseline: freq_matched,0.625
Baseline: freq_matched,0.6
Baseline: freq_matched,0.6666666666666666
Baseline: freq_matched,0.6
Baseline: freq_matched,0.6
Baseline: freq_matched,0.6666666666666666
Baseline: freq_matched,0.8
Baseline: freq_matched,0.5714285714285714
Baseline: freq_matched,0.8
Baseline: freq_matched,0.7142857142857143
Baseline: freq_matched,0.8
Baseline: freq_matched,0.7142857142857143
Baseline: freq_matched,0.8571428571428571
Baseline: freq_matched,0.8
Baseline: freq_matched,0.6
Baseline: freq_matched,0.6666666666666666
Baseline: freq_matched,0.5
Baseline: freq_matched,0.7777777777777778
Baseline: freq_matched,0.7142857142857143
Baseline: freq_matched,0.6
Baseline: freq_matched,0.6
Baseline: freq_matched,0.6666666666666666
Baseline: freq_matched,0.6
Baseline: freq_matched,0.625
Baseline: freq_matched,0.8333333333333334
Baseline: freq_matched,0.5
Baseline: freq_matched,0.6
Baseline: freq_matched,0.6
Baseline: freq_matched,0.6666666666666666
Baseline: freq_matched,0.8333333333333334
Baseline: freq_matched,0.5555555555555556
Baseline: freq_matched,0.7692307692307693
Baseline: freq_matched,0.8
Baseline: freq_matched,0.6666666666666666
Baseline: freq_matched,0.6
Baseline: freq_matched,0.6
Baseline: freq_matched,0.6
Baseline: freq_matched,0.5555555555555556
Baseline: freq_matched,0.6
Baseline: freq_matched,0.8
Baseline: freq_matched,0.8
Baseline: freq_matched,0.5
Baseline: freq_matched,0.6
Baseline: freq_matched,0.6666666666666666
Baseline: freq_matched,0.8333333333333334
Baseline: freq_matched,0.625
Baseline: freq_matched,0.5
Baseline: freq_matched,0.6666666666666666
Baseline: freq_matched,0.5
Baseline: freq_matched,0.8
Baseline: freq_matched,0.625
Baseline: freq_matched,0.5454545454545454
Baseline: freq_matched,0.6666666666666666
Baseline: freq_matched,0.8
Baseline: freq_matched,0.5555555555555556
Baseline: freq_matched,0.7142857142857143
Baseline: freq_matched,0.8333333333333334
Baseline: freq_matched,0.6
Baseline: freq_matched,0.5714285714285714
Baseline: freq_matched,0.6
Baseline: freq_matched,0.625
Baseline: freq_matched,0.7142857142857143
Baseline: freq_matched,0.8
Baseline: freq_matched,0.6
Baseline: freq_matched,0.6
Baseline: freq_matched,0.6153846153846154
Baseline: freq_matched,0.8333333333333334
Baseline: freq_matched,0.7142857142857143
Baseline: freq_matched,0.6
Baseline: freq_matched,0.6666666666666666
Baseline: freq_matched,0.6
Baseline: freq_matched,0.6666666666666666
Baseline: freq_matched,0.6363636363636364
Baseline: freq_matched,0.6666666666666666
Baseline: freq_matched,0.625
Baseline: freq_matched,0.6
Baseline: freq_matched,0.6363636363636364
Baseline: freq_matched,0.5
Baseline: freq_matched,0.75
Baseline: freq_matched,0.6666666666666666
Baseline: freq_matched,0.8
Baseline: freq_matched,0.7142857142857143
Baseline: freq_matched,0.8333333333333334
Baseline: freq_matched,0.6666666666666666
Baseline: freq_matched,0.5714285714285714
Baseline: freq_matched,0.46153846153846156
Baseline: freq_matched,0.6
Baseline: freq_matched,0.6
Baseline: freq_matched,0.6363636363636364
Baseline: freq_matched,0.625
Baseline: freq_matched,0.6
Baseline: freq_matched,0.45454545454545453
Baseline: freq_matched,0.6
Baseline: freq_matched,0.8
Baseline: freq_matched,0.6
Baseline: freq_matched,0.8
Baseline: freq_matched,0.8
Baseline: freq_matched,0.5
Baseline: freq_matched,0.6666666666666666
Baseline: freq_matched,0.6
Baseline: freq_matched,0.6666666666666666
Baseline: freq_matched,0.8
Baseline: freq_matched,0.6
Baseline: freq_matched,0.5
Baseline: freq_matched,0.8
Baseline: freq_matched,0.6666666666666666
Baseline: freq_matched,0.6
Baseline: freq_matched,1.0
Baseline: freq_matched,0.6666666666666666
Baseline: freq_matched,0.7142857142857143
Baseline: freq_matched,0.5833333333333334
Baseline: freq_matched,0.6
Baseline: freq_matched,0.7142857142857143
Baseline: freq_matched,0.7142857142857143
Baseline: freq_matched,0.8
Baseline: freq_matched,0.8888888888888888
Baseline: freq_matched,0.7272727272727273
Baseline: freq_matched,0.8
Baseline: freq_matched,0.8333333333333334
Baseline: freq_matched,0.7142857142857143
Baseline: freq_matched,0.5
Baseline: freq_matched,0.6
Baseline: freq_matched,0.8888888888888888
Baseline: freq_matched,0.6666666666666666
Baseline: freq_matched,0.625
Baseline: freq_matched,0.8
Baseline: freq_matched,0.6666666666666666
Baseline: freq_matched,0.7272727272727273
Baseline: freq_matched,0.8
Baseline: freq_matched,0.5714285714285714
Baseline: freq_matched,0.625
Baseline: freq_matched,0.7142857142857143
Baseline: freq_matched,0.6666666666666666
Baseline: freq_matched,0.6
Baseline: freq_matched,0.8
Baseline: freq_matched,0.6666666666666666
Baseline: freq_matched,0.8333333333333334
Baseline: freq_matched,0.6
Baseline: freq_matched,0.5
Baseline: freq_matched,0.6
Baseline: freq_matched,0.6666666666666666
Baseline: freq_matched,0.8571428571428571
Baseline: freq_matched,0.6666666666666666
Baseline: freq_matched,0.6
Baseline: freq_matched,0.8
Baseline: freq_matched,0.6666666666666666
Baseline: freq_matched,0.5555555555555556
Baseline: freq_matched,0.6666666666666666
Baseline: freq_matched,0.625
Baseline: freq_matched,0.4166666666666667
Baseline: freq_matched,0.6666666666666666
Baseline: freq_matched,0.6
Baseline: freq_matched,0.8
Baseline: freq_matched,0.5714285714285714
Baseline: freq_matched,0.6
Baseline: freq_matched,0.5
Baseline: freq_matched,0.75
Baseline: freq_matched,0.625
Baseline: freq_matched,0.6
Baseline: freq_matched,0.6
Baseline: freq_matched,0.6666666666666666
Baseline: freq_matched,0.75
Baseline: freq_matched,0.6
Baseline: freq_matched,0.6
Baseline: freq_matched,0.5555555555555556
Baseline: freq_matched,0.5
Baseline: freq_matched,0.6
Baseline: freq_matched,0.7142857142857143
Baseline: freq_matched,0.8333333333333334
Baseline: freq_matched,0.8
Baseline: freq_matched,0.5714285714285714
Baseline: freq_matched,0.8
Baseline: freq_matched,0.6666666666666666
Baseline: freq_matched,0.6666666666666666
Baseline: freq_matched,0.5714285714285714
Baseline: freq_matched,0.8
Baseline: freq_matched,0.6
Baseline: freq_matched,0.6
Baseline: freq_matched,0.5
Baseline: freq_matched,0.6666666666666666
Baseline: freq_matched,0.6666666666666666
Baseline: freq_matched,0.6666666666666666
Baseline: freq_matched,0.6
Baseline: freq_matched,0.6
Baseline: freq_matched,0.6666666666666666
Baseline: freq_matched,0.6666666666666666
Baseline: freq_matched,0.625
Baseline: freq_matched,0.6
Baseline: freq_matched,0.5
Baseline: freq_matched,0.6
Baseline: freq_matched,0.6666666666666666
Baseline: freq_matched,0.8
Baseline: freq_matched,0.6
Baseline: freq_matched,0.6363636363636364
Baseline: freq_matched,0.7142857142857143
Baseline: freq_matched,0.7142857142857143
Baseline: freq_matched,0.6666666666666666
Baseline: freq_matched,0.8333333333333334
Baseline: freq_matched,0.6
Baseline: freq_matched,0.6666666666666666
Baseline: freq_matched,0.8
Baseline: freq_matched,0.8
Baseline: freq_matched,0.7142857142857143
Baseline: freq_matched,0.6
Baseline: freq_matched,0.625
Baseline: freq_matched,0.6
Baseline: freq_matched,0.6666666666666666
Baseline: freq_matched,0.8
Baseline: freq_matched,0.7142857142857143
Baseline: freq_matched,0.5
Baseline: freq_matched,0.7
Baseline: freq_matched,0.5555555555555556
Baseline: freq_matched,0.6
Baseline: freq_matched,0.8
Baseline: freq_matched,0.6
Baseline: freq_matched,0.6666666666666666
Baseline: freq_matched,0.625
Baseline: freq_matched,0.6
Baseline: freq_matched,0.6
Baseline: freq_matched,0.6
Baseline: freq_matched,0.6
Baseline: freq_matched,0.5
Baseline: freq_matched,0.6
Baseline: freq_matched,0.625
Baseline: freq_matched,0.6666666666666666
Baseline: freq_matched,0.8
Baseline: freq_matched,0.8333333333333334
Baseline: freq_matched,0.8
Baseline: freq_matched,0.6666666666666666
Baseline: freq_matched,0.7142857142857143
Baseline: freq_matched,0.6666666666666666
Baseline: freq_matched,0.5
Baseline: freq_matched,0.6666666666666666
Baseline: freq_matched,0.8
Baseline: freq_matched,0.6
Baseline: freq_matched,0.8
Baseline: freq_matched,0.6666666666666666
Baseline: freq_matched,0.8333333333333334
Baseline: freq_matched,0.6
Baseline: freq_matched,0.6666666666666666
Baseline: freq_matched,0.625
Baseline: freq_matched,0.8
Baseline: freq_matched,0.6
Baseline: freq_matched,0.625
Baseline: freq_matched,0.6666666666666666
Baseline: freq_matched,0.6666666666666666
Baseline: freq_matched,0.5714285714285714
Baseline: freq_matched,0.6666666666666666
Baseline: freq_matched,0.6666666666666666
Baseline: freq_matched,0.6
Baseline: freq_matched,0.6
Baseline: freq_matched,0.8
Baseline: freq_matched,0.6666666666666666
Baseline: freq_matched,0.7142857142857143
Baseline: freq_matched,0.5833333333333334
Baseline: freq_matched,0.6
Baseline: freq_matched,0.6666666666666666
Baseline: freq_matched,0.6
Baseline: freq_matched,0.625
Baseline: freq_matched,0.625
Baseline: freq_matched,0.8333333333333334
Baseline: freq_matched,0.6
Baseline: freq_matched,0.8
Baseline: freq_matched,0.6666666666666666
Baseline: freq_matched,0.6
Baseline: freq_matched,0.6
Baseline: freq_matched,0.6
Baseline: freq_matched,0.6666666666666666
Baseline: freq_matched,0.6666666666666666
Baseline: freq_matched,0.8
Baseline: freq_matched,0.6666666666666666
Baseline: freq_matched,0.8
Baseline: freq_matched,0.5
Baseline: freq_matched,0.6
Baseline: freq_matched,0.6666666666666666
Baseline: freq_matched,0.875
Baseline: freq_matched,0.7142857142857143
Baseline: freq_matched,0.6
Baseline: freq_matched,0.5833333333333334
Baseline: freq_matched,0.8333333333333334
Baseline: freq_matched,0.8
Baseline: freq_matched,0.6666666666666666
Baseline: freq_matched,0.5
Baseline: freq_matched,0.46153846153846156
Baseline: freq_matched,0.7
Baseline: freq_matched,0.6
Baseline: freq_matched,0.7272727272727273
Baseline: freq_matched,0.625
Baseline: freq_matched,0.6
Baseline: freq_matched,0.8333333333333334
Baseline: freq_matched,0.7142857142857143
Baseline: freq_matched,0.7142857142857143
Baseline: freq_matched,0.7
Baseline: freq_matched,0.7
Baseline: freq_matched,0.6
Baseline: freq_matched,1.0
Baseline: freq_matched,0.8333333333333334
Baseline: freq_matched,0.6666666666666666
Baseline: freq_matched,0.6666666666666666
Baseline: freq_matched,0.8
Baseline: freq_matched,0.625
Baseline: freq_matched,0.6666666666666666
Baseline: freq_matched,0.7272727272727273
Baseline: freq_matched,0.6
Baseline: freq_matched,0.6
Baseline: freq_matched,0.6
Baseline: freq_matched,0.5
Baseline: freq_matched,0.7272727272727273
Baseline: freq_matched,0.8
Baseline: freq_matched,0.6
Baseline: freq_matched,0.6
Baseline: freq_matched,0.6363636363636364
Baseline: freq_matched,0.625
Baseline: freq_matched,0.5454545454545454
Baseline: freq_matched,0.6
Baseline: freq_matched,1.0
Baseline: freq_matched,0.5714285714285714
Baseline: freq_matched,0.5
Baseline: freq_matched,0.6666666666666666
Baseline: freq_matched,0.5
Baseline: freq_matched,0.5555555555555556
Baseline: freq_matched,0.6666666666666666
Baseline: freq_matched,0.8333333333333334
Baseline: freq_matched,0.7142857142857143
Baseline: freq_matched,0.8
Baseline: freq_matched,0.8
Baseline: freq_matched,0.6
Baseline: freq_matched,0.6
Baseline: freq_matched,0.6666666666666666
Baseline: freq_matched,0.6666666666666666
Baseline: freq_matched,0.8333333333333334
Baseline: freq_matched,0.6666666666666666
Baseline: freq_matched,0.5
Baseline: freq_matched,0.8333333333333334
Baseline: freq_matched,0.8
Baseline: freq_matched,0.8
Baseline: freq_matched,0.6666666666666666
Baseline: freq_matched,0.6666666666666666
Baseline: freq_matched,0.7857142857142857
Baseline: freq_matched,0.8
Baseline: freq_matched,0.6
Baseline: freq_matched,0.6666666666666666
Baseline: freq_matched,0.6
Baseline: freq_matched,0.6666666666666666
Baseline: freq_matched,0.5
Baseline: freq_matched,0.8
Baseline: freq_matched,0.5833333333333334
Baseline: freq_matched,0.6666666666666666
Baseline: freq_matched,0.6666666666666666
Baseline: freq_matched,0.8
Baseline: freq_matched,0.8
Baseline: freq_matched,0.8
Baseline: freq_matched,0.6666666666666666
Baseline: freq_matched,0.8333333333333334
Baseline: freq_matched,0.5714285714285714
Baseline: freq_matched,0.6
Baseline: freq_matched,0.6
Baseline: freq_matched,0.6666666666666666
Baseline: freq_matched,0.6666666666666666
Baseline: freq_matched,0.6666666666666666
Baseline: freq_matched,0.5
Baseline: freq_matched,0.5
Baseline: freq_matched,0.6666666666666666
Baseline: freq_matched,0.6666666666666666
Baseline: freq_matched,0.6
Baseline: freq_matched,0.8
Baseline: freq_matched,0.8
Baseline: freq_matched,0.6
Baseline: freq_matched,0.6
Baseline: freq_matched,0.6666666666666666
Baseline: freq_matched,0.7142857142857143
Baseline: freq_matched,0.5
Baseline: freq_matched,0.6666666666666666
Baseline: freq_matched,0.6
Baseline: freq_matched,0.6666666666666666
Baseline: freq_matched,0.6
Baseline: freq_matched,0.8
Baseline: freq_matched,0.8
Baseline: freq_matched,0.7142857142857143
Baseline: freq_matched,0.6666666666666666
Baseline: freq_matched,0.8333333333333334
Baseline: freq_matched,0.6666666666666666
Baseline: freq_matched,0.7
Baseline: freq_matched,0.6666666666666666
Baseline: freq_matched,0.8
Baseline: freq_matched,0.6666666666666666
Baseline: freq_matched,0.6666666666666666
Baseline: freq_matched,0.7142857142857143
Baseline: freq_matched,0.8571428571428571
Baseline: freq_matched,0.5714285714285714
Baseline: freq_matched,0.6
Baseline: freq_matched,0.7142857142857143
Baseline: freq_matched,0.8333333333333334
Baseline: freq_matched,0.6
Baseline: freq_matched,0.5
Baseline: freq_matched,0.6666666666666666
Baseline: freq_matched,0.8333333333333334
Baseline: freq_matched,0.5833333333333334
Baseline: freq_matched,0.5714285714285714
Baseline: freq_matched,0.6666666666666666
Baseline: freq_matched,0.875
Baseline: freq_matched,0.6666666666666666
Baseline: freq_matched,0.6666666666666666
Baseline: freq_matched,0.6
Baseline: freq_matched,0.6666666666666666
Baseline: freq_matched,0.7142857142857143
Baseline: freq_matched,0.6
Baseline: freq_matched,1.0
Baseline: freq_matched,0.6666666666666666
Baseline: freq_matched,0.8
Baseline: freq_matched,0.6
Baseline: freq_matched,0.5714285714285714
Baseline: freq_matched,0.6
Baseline: freq_matched,0.6
Baseline: freq_matched,0.6666666666666666
Baseline: freq_matched,0.8
Baseline: freq_matched,0.5555555555555556
Baseline: freq_matched,0.5454545454545454
Baseline: freq_matched,0.8
Baseline: freq_matched,0.6
Baseline: freq_matched,0.8
Baseline: freq_matched,0.6666666666666666
Baseline: freq_matched,0.5555555555555556
Baseline: freq_matched,0.6
Baseline: freq_matched,0.6666666666666666
Baseline: freq_matched,0.8333333333333334
Baseline: freq_matched,0.4444444444444444
Baseline: freq_matched,0.6923076923076923
Baseline: freq_matched,0.6666666666666666
Baseline: freq_matched,0.6
Baseline: freq_matched,0.6
Baseline: freq_matched,0.8
Baseline: freq_matched,0.5454545454545454
Baseline: freq_matched,0.6666666666666666
Baseline: freq_matched,0.625
Baseline: freq_matched,0.6
Baseline: freq_matched,0.7777777777777778
Baseline: freq_matched,0.625
Baseline: freq_matched,0.8
Baseline: freq_matched,0.6
Baseline: freq_matched,0.6
Baseline: freq_matched,0.6
Baseline: freq_matched,0.8333333333333334
Baseline: freq_matched,0.5714285714285714
Baseline: freq_matched,0.625
Baseline: freq_matched,0.6666666666666666
Baseline: freq_matched,0.5714285714285714
Baseline: freq_matched,0.8
Baseline: freq_matched,0.625
Baseline: freq_matched,0.7142857142857143
Baseline: freq_matched,0.6666666666666666
Baseline: freq_matched,0.6666666666666666
Baseline: freq_matched,0.6
Baseline: freq_matched,0.8
Baseline: freq_matched,0.8
Baseline: freq_matched,0.5555555555555556
Baseline: freq_matched,0.8333333333333334
Baseline: freq_matched,0.6666666666666666
Baseline: freq_matched,0.6666666666666666
Baseline: freq_matched,0.8
Baseline: freq_matched,0.8
Baseline: freq_matched,0.6
Baseline: freq_matched,1.0
Baseline: freq_matched,0.8
Baseline: freq_matched,0.8
Baseline: freq_matched,0.8333333333333334
Baseline: freq_matched,0.6666666666666666
Baseline: freq_matched,0.6666666666666666
Baseline: freq_matched,0.5
Baseline: freq_matched,0.6
Baseline: freq_matched,0.7142857142857143
Baseline: training_sample,1.0
Baseline: training_sample,1.0
Baseline: training_sample,1.0
Baseline: training_sample,1.0
Baseline: training_sample,1.0
Baseline: training_sample,1.0
Baseline: training_sample,1.0
Baseline: training_sample,1.0
Baseline: training_sample,1.0
Baseline: training_sample,1.0
Baseline: training_sample,1.0
Baseline: training_sample,1.0
Baseline: training_sample,1.0
Baseline: training_sample,1.0
Baseline: training_sample,1.0
Baseline: training_sample,1.0
Baseline: training_sample,1.0
Baseline: training_sample,1.0
Baseline: training_sample,1.0
Baseline: training_sample,1.0
Baseline: training_sample,1.0
Baseline: training_sample,1.0
Baseline: training_sample,1.0
Baseline: training_sample,1.0
Baseline: training_sample,1.0
Baseline: training_sample,1.0
Baseline: training_sample,1.0
Baseline: training_sample,1.0
Baseline: training_sample,1.0
Baseline: training_sample,1.0
Baseline: training_sample,1.0
Baseline: training_sample,1.0
Baseline: training_sample,1.0
Baseline: training_sample,1.0
Baseline: training_sample,1.0
Baseline: training_sample,1.0
Baseline: training_sample,1.0
Baseline: training_sample,1.0
Baseline: training_sample,1.0
Baseline: training_sample,1.0
Baseline: training_sample,1.0
Baseline: training_sample,1.0
Baseline: training_sample,1.0
Baseline: training_sample,1.0
Baseline: training_sample,1.0
Baseline: training_sample,1.0
Baseline: training_sample,1.0
Baseline: training_sample,1.0
Baseline: training_sample,1.0
Baseline: training_sample,1.0
Baseline: training_sample,1.0
Baseline: training_sample,1.0
Baseline: training_sample,1.0
Baseline: training_sample,1.0
Baseline: training_sample,1.0
Baseline: training_sample,1.0
Baseline: training_sample,1.0
Baseline: training_sample,1.0
Baseline: training_sample,1.0
Baseline: training_sample,1.0
Baseline: training_sample,1.0
Baseline: training_sample,1.0
Baseline: training_sample,1.0
Baseline: training_sample,1.0
Baseline: training_sample,1.0
Baseline: training_sample,1.0
Baseline: training_sample,1.0
Baseline: training_sample,1.0
Baseline: training_sample,1.0
Baseline: training_sample,1.0
Baseline: training_sample,1.0
Baseline: training_sample,1.0
Baseline: training_sample,1.0
Baseline: training_sample,1.0
Baseline: training_sample,1.0
Baseline: training_sample,1.0
Baseline: training_sample,1.0
Baseline: training_sample,1.0
Baseline: training_sample,1.0
Baseline: training_sample,1.0
Baseline: training_sample,1.0
Baseline: training_sample,1.0
Baseline: training_sample,1.0
Baseline: training_sample,1.0
Baseline: training_sample,1.0
Baseline: training_sample,1.0
Baseline: training_sample,1.0
Baseline: training_sample,1.0
Baseline: training_sample,1.0
Baseline: training_sample,1.0
Baseline: training_sample,1.0
Baseline: training_sample,1.0
Baseline: training_sample,1.0
Baseline: training_sample,1.0
Baseline: training_sample,1.0
Baseline: training_sample,1.0
Baseline: training_sample,1.0
Baseline: training_sample,1.0
Baseline: training_sample,1.0
Baseline: training_sample,1.0
Baseline: training_sample,1.0
Baseline: training_sample,1.0
Baseline: training_sample,1.0
Baseline: training_sample,1.0
Baseline: training_sample,1.0
Baseline: training_sample,1.0
Baseline: training_sample,1.0
Baseline: training_sample,1.0
Baseline: training_sample,1.0
Baseline: training_sample,1.0
Baseline: training_sample,1.0
Baseline: training_sample,1.0
Baseline: training_sample,1.0
Baseline: training_sample,1.0
Baseline: training_sample,1.0
Baseline: training_sample,1.0
Baseline: training_sample,1.0
Baseline: training_sample,1.0
Baseline: training_sample,1.0
Baseline: training_sample,1.0
Baseline: training_sample,1.0
Baseline: training_sample,1.0
Baseline: training_sample,1.0
Baseline: training_sample,1.0
Baseline: training_sample,1.0
Baseline: training_sample,1.0
Baseline: training_sample,1.0
Baseline: training_sample,1.0
Baseline: training_sample,1.0
Baseline: training_sample,1.0
Baseline: training_sample,1.0
Baseline: training_sample,1.0
Baseline: training_sample,1.0
Baseline: training_sample,1.0
Baseline: training_sample,1.0
Baseline: training_sample,1.0
Baseline: training_sample,1.0
Baseline: training_sample,1.0
Baseline: training_sample,1.0
Baseline: training_sample,1.0
Baseline: training_sample,1.0
Baseline: training_sample,1.0
Baseline: training_sample,1.0
Baseline: training_sample,1.0
Baseline: training_sample,1.0
Baseline: training_sample,1.0
Baseline: training_sample,1.0
Baseline: training_sample,1.0
Baseline: training_sample,1.0
Baseline: training_sample,1.0
Baseline: training_sample,1.0
Baseline: training_sample,1.0
Baseline: training_sample,1.0
Baseline: training_sample,1.0
Baseline: training_sample,1.0
Baseline: training_sample,1.0
Baseline: training_sample,1.0
Baseline: training_sample,1.0
Baseline: training_sample,1.0
Baseline: training_sample,1.0
Baseline: training_sample,1.0
Baseline: training_sample,1.0
Baseline: training_sample,1.0
Baseline: training_sample,1.0
Baseline: training_sample,1.0
Baseline: training_sample,1.0
Baseline: training_sample,1.0
Baseline: training_sample,1.0
Baseline: training_sample,1.0
Baseline: training_sample,1.0
Baseline: training_sample,1.0
Baseline: training_sample,1.0
Baseline: training_sample,1.0
Baseline: training_sample,1.0
Baseline: training_sample,1.0
Baseline: training_sample,1.0
Baseline: training_sample,1.0
Baseline: training_sample,1.0
Baseline: training_sample,1.0
Baseline: training_sample,1.0
Baseline: training_sample,1.0
Baseline: training_sample,1.0
Baseline: training_sample,1.0
Baseline: training_sample,1.0
Baseline: training_sample,1.0
Baseline: training_sample,1.0
Baseline: training_sample,1.0
Baseline: training_sample,1.0
Baseline: training_sample,1.0
Baseline: training_sample,1.0
Baseline: training_sample,1.0
Baseline: training_sample,1.0
Baseline: training_sample,1.0
Baseline: training_sample,1.0
Baseline: training_sample,1.0
Baseline: training_sample,1.0
Baseline: training_sample,1.0
Baseline: training_sample,1.0
Baseline: training_sample,1.0
Baseline: training_sample,1.0
Baseline: training_sample,1.0
Baseline: training_sample,1.0
Baseline: training_sample,1.0
Baseline: training_sample,1.0
Baseline: training_sample,1.0
Baseline: training_sample,1.0
Baseline: training_sample,1.0
Baseline: training_sample,1.0
Baseline: training_sample,1.0
Baseline: training_sample,1.0
Baseline: training_sample,1.0
Baseline: training_sample,1.0
Baseline: training_sample,1.0
Baseline: training_sample,1.0
Baseline: training_sample,1.0
Baseline: training_sample,1.0
Baseline: training_sample,1.0
Baseline: training_sample,1.0
Baseline: training_sample,1.0
Baseline: training_sample,1.0
Baseline: training_sample,1.0
Baseline: training_sample,1.0
Baseline: training_sample,1.0
Baseline: training_sample,1.0
Baseline: training_sample,1.0
Baseline: training_sample,1.0
Baseline: training_sample,1.0
Baseline: training_sample,1.0
Baseline: training_sample,1.0
Baseline: training_sample,1.0
Baseline: training_sample,1.0
Baseline: training_sample,1.0
Baseline: training_sample,1.0
Baseline: training_sample,1.0
Baseline: training_sample,1.0
Baseline: training_sample,1.0
Baseline: training_sample,1.0
Baseline: training_sample,1.0
Baseline: training_sample,1.0
Baseline: training_sample,1.0
Baseline: training_sample,1.0
Baseline: training_sample,1.0
Baseline: training_sample,1.0
Baseline: training_sample,1.0
Baseline: training_sample,1.0
Baseline: training_sample,1.0
Baseline: training_sample,1.0
Baseline: training_sample,1.0
Baseline: training_sample,1.0
Baseline: training_sample,1.0
Baseline: training_sample,1.0
Baseline: training_sample,1.0
Baseline: training_sample,1.0
Baseline: training_sample,1.0
Baseline: training_sample,1.0
Baseline: training_sample,1.0
Baseline: training_sample,1.0
Baseline: training_sample,1.0
Baseline: training_sample,1.0
Baseline: training_sample,1.0
Baseline: training_sample,1.0
Baseline: training_sample,1.0
Baseline: training_sample,1.0
Baseline: training_sample,1.0
Baseline: training_sample,1.0
Baseline: training_sample,1.0
Baseline: training_sample,1.0
Baseline: training_sample,1.0
Baseline: training_sample,1.0
Baseline: training_sample,1.0
Baseline: training_sample,1.0
Baseline: training_sample,1.0
Baseline: training_sample,1.0
Baseline: training_sample,1.0
Baseline: training_sample,1.0
Baseline: training_sample,1.0
Baseline: training_sample,1.0
Baseline: training_sample,1.0
Baseline: training_sample,1.0
Baseline: training_sample,1.0
Baseline: training_sample,1.0
Baseline: training_sample,1.0
Baseline: training_sample,1.0
Baseline: training_sample,1.0
Baseline: training_sample,1.0
Baseline: training_sample,1.0
Baseline: training_sample,1.0
Baseline: training_sample,1.0
Baseline: training_sample,1.0
Baseline: training_sample,1.0
Baseline: training_sample,1.0
Baseline: training_sample,1.0
Baseline: training_sample,1.0
Baseline: training_sample,1.0
Baseline: training_sample,1.0
Baseline: training_sample,1.0
Baseline: training_sample,1.0
Baseline: training_sample,1.0
Baseline: training_sample,1.0
Baseline: training_sample,1.0
Baseline: training_sample,1.0
Baseline: training_sample,1.0
Baseline: training_sample,1.0
Baseline: training_sample,1.0
Baseline: training_sample,1.0
Baseline: training_sample,1.0
Baseline: training_sample,1.0
Baseline: training_sample,1.0
Baseline: training_sample,1.0
Baseline: training_sample,1.0
Baseline: training_sample,1.0
Baseline: training_sample,1.0
Baseline: training_sample,1.0
Baseline: training_sample,1.0
Baseline: training_sample,1.0
Baseline: training_sample,1.0
Baseline: training_sample,1.0
Baseline: training_sample,1.0
Baseline: training_sample,1.0
Baseline: training_sample,1.0
Baseline: training_sample,1.0
Baseline: training_sample,1.0
Baseline: training_sample,1.0
Baseline: training_sample,1.0
Baseline: training_sample,1.0
Baseline: training_sample,1.0
Baseline: training_sample,1.0
Baseline: training_sample,1.0
Baseline: training_sample,1.0
Baseline: training_sample,1.0
Baseline: training_sample,1.0
Baseline: training_sample,1.0
Baseline: training_sample,1.0
Baseline: training_sample,1.0
Baseline: training_sample,1.0
Baseline: training_sample,1.0
Baseline: training_sample,1.0
Baseline: training_sample,1.0
Baseline: training_sample,1.0
Baseline: training_sample,1.0
Baseline: training_sample,1.0
Baseline: training_sample,1.0
Baseline: training_sample,1.0
Baseline: training_sample,1.0
Baseline: training_sample,1.0
Baseline: training_sample,1.0
Baseline: training_sample,1.0
Baseline: training_sample,1.0
Baseline: training_sample,1.0
Baseline: training_sample,1.0
Baseline: training_sample,1.0
Baseline: training_sample,1.0
Baseline: training_sample,1.0
Baseline: training_sample,1.0
Baseline: training_sample,1.0
Baseline: training_sample,1.0
Baseline: training_sample,1.0
Baseline: training_sample,1.0
Baseline: training_sample,1.0
Baseline: training_sample,1.0
Baseline: training_sample,1.0
Baseline: training_sample,1.0
Baseline: training_sample,1.0
Baseline: training_sample,1.0
Baseline: training_sample,1.0
Baseline: training_sample,1.0
Baseline: training_sample,1.0
Baseline: training_sample,1.0
Baseline: training_sample,1.0
Baseline: training_sample,1.0
Baseline: training_sample,1.0
Baseline: training_sample,1.0
Baseline: training_sample,1.0
Baseline: training_sample,1.0
Baseline: training_sample,1.0
Baseline: training_sample,1.0
Baseline: training_sample,1.0
Baseline: training_sample,1.0
Baseline: training_sample,1.0
Baseline: training_sample,1.0
Baseline: training_sample,1.0
Baseline: training_sample,1.0
Baseline: training_sample,1.0
Baseline: training_sample,1.0
Baseline: training_sample,1.0
Baseline: training_sample,1.0
Baseline: training_sample,1.0
Baseline: training_sample,1.0
Baseline: training_sample,1.0
Baseline: training_sample,1.0
Baseline: training_sample,1.0
Baseline: training_sample,1.0
Baseline: training_sample,1.0
Baseline: training_sample,1.0
Baseline: training_sample,1.0
Baseline: training_sample,1.0
Baseline: training_sample,1.0
Baseline: training_sample,1.0
Baseline: training_sample,1.0
Baseline: training_sample,1.0
Baseline: training_sample,1.0
Baseline: training_sample,1.0
Baseline: training_sample,1.0
Baseline: training_sample,1.0
Baseline: training_sample,1.0
Baseline: training_sample,1.0
Baseline: training_sample,1.0
Baseline: training_sample,1.0
Baseline: training_sample,1.0
Baseline: training_sample,1.0
Baseline: training_sample,1.0
Baseline: training_sample,1.0
Baseline: training_sample,1.0
Baseline: training_sample,1.0
Baseline: training_sample,1.0
Baseline: training_sample,1.0
Baseline: training_sample,1.0
Baseline: training_sample,1.0
Baseline: training_sample,1.0
Baseline: training_sample,1.0
Baseline: training_sample,1.0
Baseline: training_sample,1.0
Baseline: training_sample,1.0
Baseline: training_sample,1.0
Baseline: training_sample,1.0
Baseline: training_sample,1.0
Baseline: training_sample,1.0
Baseline: training_sample,1.0
Baseline: training_sample,1.0
Baseline: training_sample,1.0
Baseline: training_sample,1.0
Baseline: training_sample,1.0
Baseline: training_sample,1.0
Baseline: training_sample,1.0
Baseline: training_sample,1.0
Baseline: training_sample,1.0
Baseline: training_sample,1.0
Baseline: training_sample,1.0
Baseline: training_sample,1.0
Baseline: training_sample,1.0
Baseline: training_sample,1.0
Baseline: training_sample,1.0
Baseline: training_sample,1.0
Baseline: training_sample,1.0
Baseline: training_sample,1.0
Baseline: training_sample,1.0
Baseline: training_sample,1.0
Baseline: training_sample,1.0
Baseline: training_sample,1.0
Baseline: training_sample,1.0
Baseline: training_sample,1.0
Baseline: training_sample,1.0
Baseline: training_sample,1.0
Baseline: training_sample,1.0
Baseline: training_sample,1.0
Baseline: training_sample,1.0
Baseline: training_sample,1.0
Baseline: training_sample,1.0
Baseline: training_sample,1.0
Baseline: training_sample,1.0
Baseline: training_sample,1.0
Baseline: training_sample,1.0
Baseline: training_sample,1.0
Baseline: training_sample,1.0
Baseline: training_sample,1.0
Baseline: training_sample,1.0
Baseline: training_sample,1.0
Baseline: training_sample,1.0
Baseline: training_sample,1.0
Baseline: training_sample,1.0
Baseline: training_sample,1.0
Baseline: training_sample,1.0
Baseline: training_sample,1.0
Baseline: training_sample,1.0
Baseline: training_sample,1.0
Baseline: training_sample,1.0
Baseline: training_sample,1.0
Baseline: training_sample,1.0
Baseline: training_sample,1.0
Baseline: training_sample,1.0
Baseline: training_sample,1.0
Baseline: training_sample,1.0
Baseline: training_sample,1.0
Baseline: training_sample,1.0
Baseline: training_sample,1.0
Baseline: training_sample,1.0
Baseline: training_sample,1.0
Baseline: training_sample,1.0
Baseline: training_sample,1.0
Baseline: training_sample,1.0
Baseline: training_sample,1.0
Baseline: training_sample,1.0
Baseline: training_sample,1.0
Baseline: training_sample,1.0
Baseline: training_sample,1.0
Baseline: training_sample,1.0
Baseline: training_sample,1.0
Baseline: training_sample,1.0
Baseline: training_sample,1.0
Baseline: training_sample,1.0
Baseline: training_sample,1.0
Baseline: training_sample,1.0
Baseline: training_sample,1.0
Baseline: training_sample,1.0
Baseline: training_sample,1.0
Baseline: training_sample,1.0
Baseline: training_sample,1.0
Baseline: training_sample,1.0
Baseline: training_sample,1.0
Baseline: training_sample,1.0
Baseline: training_sample,1.0
Baseline: training_sample,1.0
Baseline: training_sample,1.0
Baseline: training_sample,1.0
Baseline: training_sample,1.0
Baseline: training_sample,1.0
Baseline: training_sample,1.0
Baseline: training_sample,1.0
Baseline: training_sample,1.0
Baseline: training_sample,1.0
Baseline: training_sample,1.0
Baseline: training_sample,1.0
Baseline: training_sample,1.0
Baseline: training_sample,1.0
Baseline: training_sample,1.0
Baseline: training_sample,1.0
Baseline: training_sample,1.0
Baseline: training_sample,1.0
Baseline: training_sample,1.0
Baseline: training_sample,1.0
Baseline: training_sample,1.0
Baseline: training_sample,1.0
Baseline: training_sample,1.0
Baseline: training_sample,1.0
Baseline: training_sample,1.0
Baseline: training_sample,1.0
Baseline: training_sample,1.0
Baseline: training_sample,1.0
Baseline: training_sample,1.0
Baseline: training_sample,1.0
Baseline: training_sample,1.0
Baseline: training_sample,1.0
Baseline: training_sample,1.0
Baseline: training_sample,1.0
Baseline: training_sample,1.0
Baseline: training_sample,1.0
Baseline: training_sample,1.0
Baseline: training_sample,1.0
Baseline: training_sample,1.0
Baseline: training_sample,1.0
Baseline: training_sample,1.0
Baseline: training_sample,1.0
Baseline: training_sample,1.0
Baseline: training_sample,1.0
Baseline: training_sample,1.0
Baseline: training_sample,1.0
Baseline: training_sample,1.0
Baseline: training_sample,1.0
Baseline: training_sample,1.0
Baseline: training_sample,1.0
Baseline: training_sample,1.0
Baseline: training_sample,1.0
Baseline: training_sample,1.0
Baseline: training_sample,1.0
Baseline: training_sample,1.0
Baseline: training_sample,1.0
Baseline: training_sample,1.0
Baseline: training_sample,1.0
Baseline: training_sample,1.0
Baseline: training_sample,1.0
Baseline: training_sample,1.0
Baseline: training_sample,1.0
Baseline: training_sample,1.0
Baseline: training_sample,1.0
Baseline: training_sample,1.0
Baseline: training_sample,1.0
Baseline: training_sample,1.0
Baseline: training_sample,1.0
Baseline: training_sample,1.0
Baseline: training_sample,1.0
Baseline: training_sample,1.0
Baseline: training_sample,1.0
Baseline: training_sample,1.0
Baseline: training_sample,1.0
Baseline: training_sample,1.0
Baseline: training_sample,1.0
Baseline: training_sample,1.0
Baseline: training_sample,1.0
Baseline: training_sample,1.0
Baseline: training_sample,1.0
Baseline: training_sample,1.0
Baseline: training_sample,1.0
Baseline: training_sample,1.0
Baseline: training_sample,1.0
Baseline: training_sample,1.0
Baseline: training_sample,1.0
Baseline: training_sample,1.0
Baseline: training_sample,1.0
Baseline: training_sample,1.0
Baseline: training_sample,1.0
Baseline: training_sample,1.0
Baseline: training_sample,1.0
Baseline: training_sample,1.0
Baseline: training_sample,1.0
Baseline: training_sample,1.0
Baseline: training_sample,1.0
Baseline: training_sample,1.0
Baseline: training_sample,1.0
Baseline: training_sample,1.0
Baseline: training_sample,1.0
Baseline: training_sample,1.0
Baseline: training_sample,1.0
Baseline: training_sample,1.0
Baseline: training_sample,1.0
Baseline: training_sample,1.0
Baseline: training_sample,1.0
Baseline: training_sample,1.0
Baseline: training_sample,1.0
Baseline: training_sample,1.0
Baseline: training_sample,1.0
Baseline: training_sample,1.0
Baseline: training_sample,1.0
Baseline: training_sample,1.0
Baseline: training_sample,1.0
Baseline: training_sample,1.0
Baseline: training_sample,1.0
Baseline: training_sample,1.0
Baseline: training_sample,1.0
Baseline: training_sample,1.0
Baseline: training_sample,1.0
Baseline: training_sample,1.0
Baseline: training_sample,1.0
Baseline: training_sample,1.0
Baseline: training_sample,1.0
Baseline: training_sample,1.0
Baseline: training_sample,1.0
Baseline: training_sample,1.0
Baseline: training_sample,1.0
Baseline: training_sample,1.0
Baseline: training_sample,1.0
Baseline: training_sample,1.0
Baseline: training_sample,1.0
Baseline: training_sample,1.0
Baseline: training_sample,1.0
Baseline: training_sample,1.0
Baseline: training_sample,1.0
Baseline: training_sample,1.0
Baseline: training_sample,1.0
Baseline: training_sample,1.0
Baseline: training_sample,1.0
Baseline: training_sample,1.0
Baseline: training_sample,1.0
Baseline: training_sample,1.0
Baseline: training_sample,1.0
Baseline: training_sample,1.0
Baseline: training_sample,1.0
Baseline: training_sample,1.0
Baseline: training_sample,1.0
Baseline: training_sample,1.0
Baseline: training_sample,1.0
Baseline: training_sample,1.0
Baseline: training_sample,1.0
Baseline: training_sample,1.0
Baseline: training_sample,1.0
Baseline: training_sample,1.0
Baseline: training_sample,1.0
Baseline: training_sample,1.0
Baseline: training_sample,1.0
Baseline: training_sample,1.0
Baseline: training_sample,1.0
Baseline: training_sample,1.0
Baseline: training_sample,1.0
Baseline: training_sample,1.0
Baseline: training_sample,1.0
Baseline: training_sample,1.0
Baseline: training_sample,1.0
Baseline: training_sample,1.0
Baseline: training_sample,1.0
Baseline: training_sample,1.0
Baseline: training_sample,1.0
Baseline: training_sample,1.0
Baseline: training_sample,1.0
Baseline: training_sample,1.0
Baseline: training_sample,1.0
Baseline: training_sample,1.0
Baseline: training_sample,1.0
Baseline: training_sample,1.0
Baseline: training_sample,1.0
Baseline: training_sample,1.0
Baseline: training_sample,1.0
Baseline: training_sample,1.0
Baseline: training_sample,1.0
Baseline: training_sample,1.0
Baseline: training_sample,1.0
Baseline: training_sample,1.0
Baseline: training_sample,1.0
Baseline: training_sample,1.0
Baseline: training_sample,1.0
Baseline: training_sample,1.0
Baseline: training_sample,1.0
Baseline: training_sample,1.0
Baseline: training_sample,1.0
Baseline: training_sample,1.0
Baseline: training_sample,1.0
Baseline: training_sample,1.0
Baseline: training_sample,1.0
Baseline: training_sample,1.0
Baseline: training_sample,1.0
Baseline: training_sample,1.0
Baseline: training_sample,1.0
Baseline: training_sample,1.0
Baseline: training_sample,1.0
Baseline: training_sample,1.0
Baseline: training_sample,1.0
Baseline: training_sample,1.0
Baseline: training_sample,1.0
Baseline: training_sample,1.0
Baseline: training_sample,1.0
Baseline: training_sample,1.0
Baseline: training_sample,1.0
Baseline: training_sample,1.0
Baseline: training_sample,1.0
Baseline: training_sample,1.0
Baseline: training_sample,1.0
Baseline: training_sample,1.0
Baseline: training_sample,1.0
Baseline: training_sample,1.0
Baseline: training_sample,1.0
Baseline: training_sample,1.0
Baseline: training_sample,1.0
Baseline: training_sample,1.0
Baseline: training_sample,1.0
Baseline: training_sample,1.0
Baseline: training_sample,1.0
Baseline: training_sample,1.0
Baseline: training_sample,1.0
Baseline: training_sample,1.0
Baseline: training_sample,1.0
Baseline: training_sample,1.0
Baseline: training_sample,1.0
Baseline: training_sample,1.0
Baseline: training_sample,1.0
Baseline: training_sample,1.0
Baseline: training_sample,1.0
Baseline: training_sample,1.0
Baseline: training_sample,1.0
Baseline: training_sample,1.0
Baseline: training_sample,1.0
Baseline: training_sample,1.0
Baseline: training_sample,1.0
Baseline: training_sample,1.0
Baseline: training_sample,1.0
Baseline: training_sample,1.0
Baseline: training_sample,1.0
Baseline: training_sample,1.0
Baseline: training_sample,1.0
Baseline: training_sample,1.0
Baseline: training_sample,1.0
Baseline: training_sample,1.0
Baseline: training_sample,1.0
Baseline: training_sample,1.0
Baseline: training_sample,1.0
Baseline: training_sample,1.0
Baseline: training_sample,1.0
Baseline: training_sample,1.0
Baseline: training_sample,1.0
Baseline: training_sample,1.0
Baseline: training_sample,1.0
Baseline: training_sample,1.0
Baseline: training_sample,1.0
Baseline: training_sample,1.0
Baseline: training_sample,1.0
Baseline: training_sample,1.0
Baseline: training_sample,1.0
Baseline: training_sample,1.0
Baseline: training_sample,1.0
Baseline: training_sample,1.0
Baseline: training_sample,1.0
Baseline: training_sample,1.0
Baseline: training_sample,1.0
Baseline: training_sample,1.0
Baseline: training_sample,1.0
Baseline: training_sample,1.0
Baseline: training_sample,1.0
Baseline: training_sample,1.0
Baseline: training_sample,1.0
Baseline: training_sample,1.0
Baseline: training_sample,1.0
Baseline: training_sample,1.0
Baseline: training_sample,1.0
Baseline: training_sample,1.0
Baseline: training_sample,1.0
Baseline: training_sample,1.0
Baseline: training_sample,1.0
Baseline: training_sample,1.0
Baseline: training_sample,1.0
Baseline: training_sample,1.0
Baseline: training_sample,1.0
Baseline: training_sample,1.0
Baseline: training_sample,1.0
Baseline: training_sample,1.0
Baseline: training_sample,1.0
Baseline: training_sample,1.0
Baseline: training_sample,1.0
Baseline: training_sample,1.0
Baseline: training_sample,1.0
Baseline: training_sample,1.0
Baseline: training_sample,1.0
Baseline: training_sample,1.0
Baseline: training_sample,1.0
Baseline: training_sample,1.0
Baseline: training_sample,1.0
Baseline: training_sample,1.0
Baseline: training_sample,1.0
Baseline: training_sample,1.0
Baseline: training_sample,1.0
Baseline: training_sample,1.0
Baseline: training_sample,1.0
Baseline: training_sample,1.0
Baseline: training_sample,1.0
Baseline: training_sample,1.0
Baseline: training_sample,1.0
Baseline: training_sample,1.0
Baseline: training_sample,1.0
Baseline: training_sample,1.0
Baseline: training_sample,1.0
Baseline: training_sample,1.0
Baseline: training_sample,1.0
Baseline: training_sample,1.0
Baseline: training_sample,1.0
Baseline: training_sample,1.0
Baseline: training_sample,1.0
Baseline: training_sample,1.0
Baseline: training_sample,1.0
Baseline: training_sample,1.0
Baseline: training_sample,1.0
Baseline: training_sample,1.0
Baseline: training_sample,1.0
Baseline: training_sample,1.0
Baseline: training_sample,1.0
Baseline: training_sample,1.0
Baseline: training_sample,1.0
Baseline: training_sample,1.0
Baseline: training_sample,1.0
Baseline: training_sample,1.0
Baseline: training_sample,1.0
Baseline: training_sample,1.0
Baseline: training_sample,1.0
Baseline: training_sample,1.0
Baseline: training_sample,1.0
Baseline: training_sample,1.0
Baseline: training_sample,1.0
Baseline: training_sample,1.0
Baseline: training_sample,1.0
Baseline: training_sample,1.0
Baseline: training_sample,1.0
Baseline: training_sample,1.0
Baseline: training_sample,1.0
Baseline: training_sample,1.0
Baseline: training_sample,1.0
Baseline: training_sample,1.0
Baseline: training_sample,1.0
Baseline: training_sample,1.0
Baseline: training_sample,1.0
Baseline: training_sample,1.0
Baseline: training_sample,1.0
Baseline: training_sample,1.0
Baseline: training_sample,1.0
Baseline: training_sample,1.0
Baseline: training_sample,1.0
Baseline: training_sample,1.0
Baseline: training_sample,1.0
Baseline: training_sample,1.0
Baseline: training_sample,1.0
Baseline: training_sample,1.0
Baseline: training_sample,1.0
Baseline: training_sample,1.0
Baseline: training_sample,1.0
Baseline: training_sample,1.0
Baseline: training_sample,1.0
Baseline: training_sample,1.0
Baseline: training_sample,1.0
Baseline: training_sample,1.0
Baseline: training_sample,1.0
Baseline: training_sample,1.0
Baseline: training_sample,1.0
Baseline: training_sample,1.0
Baseline: training_sample,1.0
Baseline: training_sample,1.0
Baseline: training_sample,1.0
Baseline: training_sample,1.0
Baseline: training_sample,1.0
Baseline: training_sample,1.0
Baseline: training_sample,1.0
Baseline: training_sample,1.0
Baseline: training_sample,1.0
Baseline: training_sample,1.0
Baseline: training_sample,1.0
Baseline: training_sample,1.0
Baseline: training_sample,1.0
Baseline: training_sample,1.0
Baseline: training_sample,1.0
Baseline: training_sample,1.0
Baseline: training_sample,1.0
Baseline: training_sample,1.0
Baseline: training_sample,1.0
Baseline: training_sample,1.0
Baseline: training_sample,1.0
Baseline: training_sample,1.0
Baseline: training_sample,1.0
Baseline: training_sample,1.0
Baseline: training_sample,1.0
Baseline: training_sample,1.0
Baseline: training_sample,1.0
Baseline: training_sample,1.0
Baseline: training_sample,1.0
Baseline: training_sample,1.0
Baseline: training_sample,1.0
Baseline: training_sample,1.0
Baseline: training_sample,1.0
Baseline: training_sample,1.0
Baseline: training_sample,1.0
Baseline: training_sample,1.0
Baseline: training_sample,1.0
Baseline: training_sample,1.0
Baseline: training_sample,1.0
Baseline: training_sample,1.0
Baseline: training_sample,1.0
Baseline: training_sample,1.0
Baseline: training_sample,1.0
Baseline: training_sample,1.0
Baseline: training_sample,1.0
Baseline: training_sample,1.0
Baseline: training_sample,1.0
Baseline: training_sample,1.0
Baseline: training_sample,1.0
Baseline: training_sample,1.0
Baseline: training_sample,1.0
Baseline: training_sample,1.0
Baseline: training_sample,1.0
Baseline: training_sample,1.0
Baseline: training_sample,1.0
Baseline: training_sample,1.0
Baseline: training_sample,1.0
Baseline: training_sample,1.0
Baseline: training_sample,1.0
Baseline: training_sample,1.0
Baseline: training_sample,1.0
Baseline: training_sample,1.0
Baseline: training_sample,1.0
Baseline: training_sample,1.0
Baseline: training_sample,1.0
Baseline: training_sample,1.0
Baseline: training_sample,1.0
Baseline: training_sample,1.0
Baseline: training_sample,1.0
Baseline: training_sample,1.0
Baseline: training_sample,1.0
Baseline: training_sample,1.0
Baseline: training_sample,1.0
Baseline: training_sample,1.0
Baseline: training_sample,1.0
Baseline: training_sample,1.0
Baseline: training_sample,1.0
Baseline: training_sample,1.0
Baseline: training_sample,1.0
Baseline: training_sample,1.0
Baseline: training_sample,1.0
Baseline: training_sample,1.0
Baseline: training_sample,1.0
Baseline: training_sample,1.0
Baseline: training_sample,1.0
Baseline: training_sample,1.0
Baseline: training_sample,1.0
Baseline: training_sample,1.0
Baseline: training_sample,1.0
Baseline: training_sample,1.0
Baseline: training_sample,1.0
Baseline: training_sample,1.0
Baseline: training_sample,1.0
Baseline: training_sample,1.0
Baseline: training_sample,1.0
Baseline: training_sample,1.0
Baseline: training_sample,1.0
Baseline: training_sample,1.0
Baseline: training_sample,1.0
Baseline: training_sample,1.0
Baseline: training_sample,1.0
Baseline: training_sample,1.0
Baseline: training_sample,1.0
Baseline: training_sample,1.0
Baseline: training_sample,1.0
Baseline: training_sample,1.0
Baseline: training_sample,1.0
Baseline: training_sample,1.0
Baseline: training_sample,1.0
Baseline: training_sample,1.0
Baseline: training_sample,1.0
Baseline: training_sample,1.0
Baseline: training_sample,1.0
Baseline: training_sample,1.0
Baseline: training_sample,1.0
Baseline: training_sample,1.0
Baseline: training_sample,1.0
Baseline: training_sample,1.0
Baseline: training_sample,1.0
Baseline: training_sample,1.0
Baseline: training_sample,1.0
Baseline: training_sample,1.0
Baseline: training_sample,1.0
Baseline: training_sample,1.0
Baseline: training_sample,1.0
Baseline: training_sample,1.0
Baseline: training_sample,1.0
Baseline: training_sample,1.0
Baseline: training_sample,1.0
Baseline: training_sample,1.0
Baseline: training_sample,1.0
Baseline: training_sample,1.0
Baseline: training_sample,1.0
Baseline: training_sample,1.0
Baseline: training_sample,1.0
Baseline: training_sample,1.0
Baseline: training_sample,1.0
Baseline: training_sample,1.0
Baseline: training_sample,1.0
Baseline: training_sample,1.0
Baseline: training_sample,1.0
Baseline: training_sample,1.0
Baseline: training_sample,1.0
Baseline: training_sample,1.0
Baseline: training_sample,1.0
Baseline: training_sample,1.0
Baseline: training_sample,1.0
Baseline: training_sample,1.0
Baseline: training_sample,1.0
Baseline: training_sample,1.0
Baseline: training_sample,1.0
Baseline: training_sample,1.0
Baseline: training_sample,1.0
Baseline: training_sample,1.0
Baseline: training_sample,1.0
Baseline: training_sample,1.0
Baseline: training_sample,1.0
Baseline: training_sample,1.0
Baseline: training_sample,1.0
Baseline: training_sample,1.0
Baseline: training_sample,1.0
Baseline: training_sample,1.0
Baseline: training_sample,1.0
Baseline: training_sample,1.0
Baseline: training_sample,1.0
Baseline: training_sample,1.0
Baseline: training_sample,1.0
Baseline: training_sample,1.0
Baseline: training_sample,1.0
Baseline: training_sample,1.0
Baseline: training_sample,1.0
Baseline: training_sample,1.0
Baseline: training_sample,1.0
Baseline: training_sample,1.0
Baseline: training_sample,1.0
Baseline: training_sample,1.0
Baseline: training_sample,1.0
Baseline: training_sample,1.0
Baseline: training_sample,1.0
Baseline: training_sample,1.0
Baseline: training_sample,1.0
Baseline: training_sample,1.0
Baseline: training_sample,0.7142857142857143
Baseline: training_sample,1.0
Baseline: training_sample,1.0
Baseline: training_sample,1.0
Baseline: training_sample,1.0
Baseline: training_sample,1.0
Baseline: training_sample,1.0
Baseline: training_sample,1.0
Baseline: training_sample,1.0
Baseline: training_sample,1.0
Baseline: training_sample,1.0
Baseline: training_sample,1.0
Baseline: training_sample,1.0
Baseline: training_sample,1.0
Baseline: training_sample,1.0
Baseline: training_sample,1.0
Baseline: training_sample,1.0
Baseline: training_sample,1.0
Baseline: training_sample,1.0
Baseline: training_sample,1.0
Baseline: training_sample,1.0
Baseline: training_sample,1.0
Baseline: training_sample,1.0
Baseline: training_sample,1.0
Baseline: training_sample,1.0
Baseline: training_sample,1.0
Baseline: training_sample,1.0
Baseline: training_sample,1.0
Baseline: training_sample,1.0
Baseline: training_sample,1.0
Baseline: training_sample,1.0
Baseline: training_sample,1.0
Baseline: training_sample,1.0
Baseline: training_sample,1.0
Baseline: training_sample,1.0
Baseline: training_sample,1.0
Baseline: training_sample,1.0
Baseline: training_sample,1.0
Baseline: training_sample,1.0
Baseline: training_sample,1.0
Baseline: training_sample,1.0
Baseline: training_sample,1.0
Baseline: training_sample,1.0
Baseline: training_sample,1.0
Baseline: training_sample,1.0
Baseline: training_sample,1.0
Baseline: training_sample,1.0
Baseline: training_sample,1.0
Baseline: training_sample,1.0
Baseline: training_sample,1.0
Baseline: training_sample,1.0
Baseline: training_sample,1.0
Baseline: training_sample,1.0
Baseline: training_sample,1.0
Baseline: training_sample,1.0
Baseline: training_sample,1.0
Baseline: training_sample,1.0
Baseline: training_sample,1.0
Baseline: training_sample,1.0
Baseline: training_sample,1.0
Baseline: training_sample,1.0
Baseline: training_sample,1.0
Baseline: training_sample,1.0
Baseline: training_sample,1.0
Baseline: training_sample,1.0
Baseline: training_sample,1.0
Baseline: training_sample,1.0
Baseline: training_sample,1.0
Baseline: training_sample,1.0
Baseline: training_sample,1.0
Baseline: training_sample,1.0
Baseline: training_sample,1.0
Baseline: training_sample,1.0
Baseline: training_sample,1.0
Baseline: training_sample,1.0
Baseline: training_sample,1.0
Baseline: training_sample,1.0
Baseline: training_sample,1.0
Baseline: training_sample,1.0
Baseline: training_sample,1.0
Baseline: training_sample,1.0
Baseline: training_sample,1.0
Baseline: training_sample,1.0
Baseline: training_sample,1.0
Baseline: training_sample,1.0
Baseline: training_sample,1.0
Baseline: training_sample,1.0
Baseline: training_sample,1.0
Baseline: training_sample,1.0
Baseline: training_sample,1.0
Baseline: training_sample,1.0
Baseline: training_sample,1.0
Baseline: training_sample,1.0
Baseline: training_sample,1.0
Baseline: training_sample,1.0
Baseline: training_sample,1.0
Baseline: training_sample,1.0
Baseline: training_sample,1.0
Baseline: training_sample,1.0
Baseline: training_sample,1.0
Baseline: training_sample,1.0
Baseline: training_sample,1.0
Baseline: training_sample,1.0
Baseline: training_sample,1.0
Baseline: training_sample,1.0
Baseline: training_sample,1.0
Baseline: training_sample,1.0
Baseline: training_sample,1.0
Baseline: training_sample,1.0
Baseline: training_sample,1.0
Baseline: training_sample,1.0
Baseline: training_sample,1.0
Baseline: training_sample,1.0
Baseline: training_sample,1.0
Baseline: training_sample,1.0
Baseline: training_sample,1.0
Baseline: training_sample,1.0
Baseline: training_sample,1.0
Baseline: training_sample,1.0
Baseline: training_sample,1.0
Baseline: training_sample,1.0
Baseline: training_sample,1.0
Baseline: training_sample,1.0
Baseline: training_sample,1.0
Baseline: training_sample,1.0
Baseline: training_sample,1.0
Baseline: training_sample,1.0
Baseline: training_sample,1.0
Baseline: training_sample,1.0
Baseline: training_sample,1.0
Baseline: training_sample,1.0
Baseline: training_sample,1.0
Baseline: training_sample,1.0
Baseline: training_sample,1.0
Baseline: training_sample,1.0
Baseline: training_sample,1.0
Baseline: training_sample,1.0
Baseline: training_sample,1.0
Baseline: training_sample,1.0
Baseline: training_sample,1.0
Baseline: training_sample,1.0
Baseline: training_sample,1.0
Baseline: training_sample,1.0
Baseline: training_sample,1.0
Baseline: training_sample,1.0
Baseline: training_sample,1.0
Baseline: training_sample,1.0
Baseline: training_sample,1.0
Baseline: training_sample,1.0
Baseline: training_sample,1.0
Baseline: training_sample,1.0
Baseline: training_sample,1.0
Baseline: training_sample,1.0
Baseline: training_sample,1.0
Baseline: training_sample,1.0
Baseline: training_sample,1.0
Baseline: training_sample,1.0
Baseline: training_sample,1.0
Baseline: training_sample,1.0
Baseline: training_sample,1.0
Baseline: training_sample,1.0
Baseline: training_sample,1.0
Baseline: training_sample,1.0
Baseline: training_sample,1.0
Baseline: training_sample,1.0
Baseline: training_sample,1.0
Baseline: training_sample,1.0
Baseline: training_sample,1.0
Baseline: training_sample,1.0
Baseline: training_sample,1.0
Baseline: training_sample,1.0
Baseline: training_sample,1.0
Baseline: training_sample,1.0
Baseline: training_sample,1.0
Baseline: training_sample,1.0
Baseline: training_sample,1.0
Baseline: training_sample,1.0
Baseline: training_sample,1.0
Baseline: training_sample,1.0
Baseline: training_sample,1.0
Baseline: training_sample,1.0
Baseline: training_sample,1.0
Baseline: training_sample,1.0
Baseline: training_sample,1.0
Baseline: training_sample,1.0
Baseline: training_sample,1.0
Baseline: training_sample,1.0
Baseline: training_sample,1.0
Baseline: training_sample,1.0
Baseline: training_sample,1.0
Baseline: training_sample,1.0
Baseline: training_sample,1.0
Baseline: training_sample,1.0
Baseline: training_sample,1.0
Baseline: training_sample,1.0
Baseline: training_sample,1.0
Baseline: training_sample,1.0
Baseline: training_sample,1.0
Baseline: training_sample,1.0
Baseline: training_sample,1.0
Baseline: training_sample,1.0
Baseline: training_sample,1.0
Baseline: training_sample,1.0
Baseline: training_sample,1.0
Baseline: training_sample,1.0
Baseline: training_sample,1.0
Baseline: training_sample,1.0
Baseline: training_sample,1.0
Baseline: training_sample,1.0
Baseline: training_sample,1.0
Baseline: training_sample,1.0
Baseline: training_sample,1.0
Baseline: training_sample,1.0
Baseline: training_sample,1.0
Baseline: training_sample,1.0
Baseline: training_sample,1.0
Baseline: training_sample,1.0
Baseline: training_sample,1.0
Baseline: training_sample,1.0
Baseline: training_sample,1.0
Baseline: training_sample,1.0
Baseline: training_sample,1.0
Baseline: training_sample,1.0
Baseline: training_sample,1.0
Baseline: training_sample,1.0
Baseline: training_sample,1.0
Baseline: training_sample,1.0
Baseline: training_sample,1.0
Baseline: training_sample,1.0
Baseline: training_sample,1.0
Baseline: training_sample,1.0
Baseline: training_sample,1.0
Baseline: training_sample,1.0
Baseline: training_sample,1.0
Baseline: training_sample,1.0
Baseline: training_sample,1.0
Baseline: training_sample,1.0
Baseline: training_sample,1.0
Baseline: training_sample,1.0
Baseline: training_sample,1.0
Baseline: training_sample,1.0
Baseline: training_sample,1.0
Baseline: training_sample,1.0
Baseline: training_sample,1.0
Baseline: training_sample,1.0
Baseline: training_sample,1.0
Baseline: training_sample,1.0
Baseline: training_sample,1.0
Baseline: training_sample,1.0
Baseline: training_sample,1.0
Baseline: training_sample,1.0
Baseline: training_sample,1.0
Baseline: training_sample,1.0
Baseline: training_sample,1.0
Baseline: training_sample,1.0
Baseline: training_sample,1.0
Baseline: training_sample,1.0
Baseline: training_sample,1.0
Baseline: training_sample,1.0
Baseline: training_sample,1.0
Baseline: training_sample,1.0
Baseline: training_sample,1.0
Baseline: training_sample,1.0
Baseline: training_sample,1.0
Baseline: training_sample,1.0
Baseline: training_sample,1.0
Baseline: training_sample,1.0
Baseline: training_sample,1.0
Baseline: training_sample,1.0
Baseline: training_sample,1.0
Baseline: training_sample,1.0
Baseline: training_sample,1.0
Baseline: training_sample,1.0
Baseline: training_sample,1.0
Baseline: training_sample,1.0
Baseline: training_sample,1.0
Baseline: training_sample,1.0
Baseline: training_sample,1.0
Baseline: training_sample,1.0
Baseline: training_sample,1.0
Baseline: training_sample,1.0
Baseline: training_sample,1.0
Baseline: training_sample,1.0
Baseline: training_sample,1.0
Baseline: training_sample,1.0
Baseline: training_sample,1.0
Baseline: training_sample,1.0
Baseline: training_sample,1.0
Baseline: training_sample,1.0
Baseline: training_sample,1.0
Baseline: training_sample,1.0
Baseline: training_sample,1.0
Baseline: training_sample,1.0
Baseline: training_sample,1.0
Baseline: training_sample,1.0
Baseline: training_sample,1.0
Baseline: training_sample,1.0
Baseline: training_sample,1.0
Baseline: training_sample,1.0
Baseline: training_sample,1.0
Baseline: training_sample,1.0
Baseline: training_sample,1.0
Baseline: training_sample,1.0
Baseline: training_sample,1.0
Baseline: training_sample,1.0
Baseline: training_sample,1.0
Baseline: training_sample,1.0
Baseline: training_sample,1.0
Baseline: training_sample,1.0
Baseline: training_sample,1.0
Baseline: training_sample,1.0
Baseline: training_sample,1.0
Baseline: training_sample,1.0
Baseline: training_sample,1.0
Baseline: training_sample,1.0
Baseline: training_sample,1.0
Baseline: training_sample,1.0
Baseline: training_sample,1.0
Baseline: training_sample,1.0
Baseline: training_sample,1.0
Baseline: training_sample,1.0
Baseline: training_sample,1.0
Baseline: training_sample,1.0
Baseline: training_sample,1.0
Baseline: training_sample,1.0
Baseline: training_sample,1.0
Baseline: training_sample,1.0
Baseline: training_sample,1.0
Baseline: training_sample,1.0
Baseline: training_sample,1.0
Baseline: training_sample,1.0
Baseline: training_sample,1.0
Baseline: training_sample,1.0
Baseline: training_sample,1.0
Baseline: training_sample,1.0
Baseline: training_sample,1.0
Baseline: training_sample,1.0
Baseline: training_sample,1.0
Baseline: training_sample,1.0
Baseline: training_sample,1.0
Baseline: training_sample,1.0
Baseline: training_sample,1.0
Baseline: training_sample,1.0
Baseline: training_sample,1.0
Baseline: training_sample,1.0
Baseline: training_sample,1.0
Baseline: training_sample,1.0
Baseline: training_sample,1.0
Baseline: training_sample,1.0
Baseline: training_sample,1.0
Baseline: training_sample,1.0
Baseline: training_sample,1.0
Baseline: training_sample,1.0
Baseline: training_sample,1.0
Baseline: training_sample,1.0
Baseline: training_sample,1.0
Baseline: training_sample,1.0
Baseline: training_sample,1.0
Baseline: training_sample,1.0
Baseline: training_sample,1.0
Baseline: training_sample,1.0
Baseline: training_sample,1.0
Baseline: training_sample,1.0
Baseline: training_sample,1.0
Baseline: training_sample,1.0
Baseline: training_sample,1.0
Baseline: training_sample,1.0
Baseline: training_sample,1.0
Baseline: training_sample,1.0
Baseline: training_sample,1.0
Baseline: training_sample,1.0
Baseline: training_sample,1.0
Baseline: training_sample,1.0
Baseline: training_sample,1.0
Baseline: training_sample,1.0
Baseline: training_sample,1.0
Baseline: training_sample,1.0
Baseline: training_sample,1.0
Baseline: training_sample,1.0
Baseline: training_sample,1.0
Baseline: training_sample,1.0
Baseline: training_sample,1.0
Baseline: training_sample,1.0
Baseline: training_sample,1.0
Baseline: training_sample,1.0
Baseline: training_sample,1.0
Baseline: training_sample,1.0
Baseline: training_sample,1.0
Baseline: training_sample,1.0
Baseline: training_sample,1.0
Baseline: training_sample,1.0
Baseline: training_sample,1.0
Baseline: training_sample,1.0
Baseline: training_sample,1.0
Baseline: training_sample,1.0
Baseline: training_sample,1.0
Baseline: training_sample,1.0
Baseline: training_sample,1.0
Baseline: training_sample,1.0
Baseline: training_sample,1.0
Baseline: training_sample,1.0
Baseline: training_sample,1.0
Baseline: training_sample,1.0
Baseline: training_sample,1.0
Baseline: training_sample,1.0
Baseline: training_sample,1.0
Baseline: training_sample,1.0
Baseline: training_sample,1.0
Baseline: training_sample,1.0
Baseline: training_sample,1.0
Baseline: training_sample,1.0
Baseline: training_sample,1.0
Baseline: training_sample,1.0
Baseline: training_sample,1.0
Baseline: training_sample,1.0
Baseline: training_sample,1.0
Baseline: training_sample,1.0
Baseline: training_sample,1.0
Baseline: training_sample,1.0
Baseline: training_sample,1.0
Baseline: training_sample,1.0
Baseline: training_sample,1.0
Baseline: training_sample,1.0
Baseline: training_sample,1.0
Baseline: training_sample,1.0
Baseline: training_sample,1.0
Baseline: training_sample,1.0
Baseline: training_sample,1.0
Baseline: training_sample,1.0
Baseline: training_sample,1.0
Baseline: training_sample,1.0
Baseline: training_sample,1.0
Baseline: training_sample,1.0
Baseline: training_sample,1.0
Baseline: training_sample,1.0
Baseline: training_sample,1.0
Baseline: training_sample,1.0
Baseline: training_sample,1.0
Baseline: training_sample,1.0
Baseline: training_sample,1.0
Baseline: training_sample,1.0
Baseline: training_sample,1.0
Baseline: training_sample,1.0
Baseline: training_sample,1.0
Baseline: training_sample,1.0
Baseline: training_sample,1.0
Baseline: training_sample,1.0
Baseline: training_sample,1.0
Baseline: training_sample,1.0
Baseline: training_sample,1.0
Baseline: training_sample,1.0
Baseline: training_sample,1.0
Baseline: training_sample,1.0
Baseline: training_sample,1.0
Baseline: training_sample,1.0
Baseline: training_sample,1.0
Baseline: training_sample,1.0
Baseline: training_sample,1.0
Baseline: training_sample,1.0
Baseline: training_sample,1.0
Baseline: training_sample,1.0
Baseline: training_sample,1.0
Baseline: training_sample,1.0
Baseline: training_sample,1.0
Baseline: training_sample,1.0
Baseline: training_sample,1.0
Baseline: training_sample,1.0
Baseline: training_sample,1.0
Baseline: training_sample,1.0
Baseline: training_sample,1.0
Baseline: training_sample,1.0
Baseline: training_sample,1.0
Baseline: training_sample,1.0
Baseline: training_sample,1.0
Baseline: training_sample,1.0
Baseline: training_sample,1.0
Baseline: training_sample,1.0
Baseline: training_sample,1.0
Baseline: training_sample,1.0
Baseline: training_sample,1.0
Baseline: training_sample,1.0
Baseline: training_sample,1.0
Baseline: training_sample,1.0
Baseline: training_sample,1.0
Baseline: training_sample,1.0
Baseline: training_sample,1.0
Baseline: training_sample,1.0
Baseline: training_sample,1.0
Baseline: training_sample,1.0
Baseline: training_sample,1.0
Baseline: training_sample,1.0
Baseline: training_sample,1.0
Baseline: training_sample,1.0
Baseline: training_sample,1.0
Baseline: training_sample,1.0
Baseline: training_sample,1.0
Baseline: training_sample,1.0
Baseline: training_sample,1.0
Baseline: training_sample,1.0
Baseline: training_sample,1.0
Baseline: training_sample,1.0
Baseline: training_sample,1.0
Baseline: training_sample,1.0
Baseline: training_sample,1.0
Baseline: training_sample,1.0
Baseline: training_sample,1.0
Baseline: training_sample,1.0
Baseline: training_sample,1.0
Baseline: training_sample,1.0
Baseline: training_sample,1.0
Baseline: training_sample,1.0
Baseline: training_sample,1.0
Baseline: training_sample,1.0
Baseline: training_sample,1.0
Baseline: training_sample,1.0
Baseline: training_sample,1.0
Baseline: training_sample,1.0
Baseline: training_sample,1.0
Baseline: training_sample,1.0
Baseline: training_sample,1.0
Baseline: training_sample,1.0
Baseline: training_sample,1.0
Baseline: training_sample,1.0
Baseline: training_sample,1.0
Baseline: training_sample,1.0
Baseline: training_sample,1.0
Baseline: training_sample,1.0
Baseline: training_sample,1.0
Baseline: training_sample,1.0
Baseline: training_sample,1.0
Baseline: training_sample,1.0
Baseline: training_sample,1.0
Baseline: training_sample,1.0
Baseline: training_sample,1.0
Baseline: training_sample,1.0
Baseline: training_sample,1.0
Baseline: training_sample,1.0
Baseline: training_sample,1.0
Baseline: training_sample,1.0
Baseline: training_sample,1.0
Baseline: training_sample,1.0
Baseline: training_sample,1.0
Baseline: training_sample,1.0
Baseline: training_sample,1.0
Baseline: training_sample,1.0
Baseline: training_sample,1.0
Baseline: training_sample,1.0
Baseline: training_sample,1.0
Baseline: training_sample,1.0
Baseline: training_sample,1.0
Baseline: training_sample,1.0
Baseline: training_sample,1.0
Baseline: training_sample,1.0
Baseline: training_sample,1.0
Baseline: training_sample,1.0
Baseline: training_sample,1.0
Baseline: training_sample,1.0
Baseline: training_sample,1.0
Baseline: training_sample,1.0
Baseline: training_sample,1.0
Baseline: training_sample,1.0
Baseline: training_sample,1.0
Baseline: training_sample,1.0
Baseline: training_sample,1.0
Baseline: training_sample,1.0
Baseline: training_sample,1.0
Baseline: training_sample,1.0
Baseline: training_sample,1.0
Baseline: training_sample,1.0
Baseline: training_sample,1.0
Baseline: training_sample,1.0
Baseline: training_sample,1.0
Baseline: training_sample,1.0
Baseline: training_sample,1.0
Baseline: training_sample,1.0
Baseline: training_sample,1.0
Baseline: training_sample,1.0
Baseline: training_sample,1.0
Baseline: training_sample,1.0
Baseline: training_sample,1.0
Baseline: training_sample,1.0
Baseline: training_sample,1.0
Baseline: training_sample,1.0
Baseline: training_sample,1.0
Baseline: training_sample,1.0
Baseline: training_sample,1.0
Baseline: training_sample,1.0
Baseline: training_sample,1.0
Baseline: training_sample,1.0
Baseline: training_sample,1.0
Baseline: training_sample,1.0
Baseline: training_sample,1.0
Baseline: training_sample,1.0
Baseline: training_sample,1.0
Baseline: training_sample,1.0
Baseline: training_sample,1.0
Baseline: training_sample,1.0
Baseline: training_sample,1.0
Baseline: training_sample,1.0
Baseline: training_sample,1.0
Baseline: training_sample,1.0
Baseline: training_sample,1.0
Baseline: training_sample,1.0
Baseline: training_sample,1.0
Baseline: training_sample,1.0
Baseline: training_sample,1.0
Baseline: training_sample,1.0
Baseline: training_sample,1.0
Baseline: training_sample,1.0
Baseline: training_sample,1.0
Baseline: training_sample,1.0
Baseline: training_sample,1.0
Baseline: training_sample,1.0
Baseline: training_sample,1.0
Baseline: training_sample,1.0
Baseline: training_sample,1.0
Baseline: training_sample,1.0
Baseline: training_sample,1.0
Baseline: training_sample,1.0
Baseline: training_sample,1.0
Baseline: training_sample,1.0
Baseline: training_sample,1.0
Baseline: training_sample,1.0
Baseline: training_sample,1.0
Baseline: training_sample,1.0
Baseline: training_sample,1.0
Baseline: training_sample,1.0
Baseline: training_sample,1.0
Baseline: training_sample,1.0
Baseline: training_sample,1.0
Baseline: training_sample,1.0
Baseline: training_sample,1.0
Baseline: training_sample,1.0
Baseline: training_sample,1.0
Baseline: training_sample,1.0
Baseline: training_sample,1.0
Baseline: training_sample,1.0
Baseline: training_sample,1.0
Baseline: training_sample,1.0
Baseline: training_sample,1.0
Baseline: training_sample,1.0
Baseline: training_sample,1.0
Baseline: training_sample,1.0
Baseline: training_sample,1.0
Baseline: training_sample,1.0
Baseline: training_sample,1.0
Baseline: training_sample,1.0
Baseline: training_sample,1.0
Baseline: training_sample,1.0
Baseline: training_sample,1.0
Baseline: training_sample,1.0
Baseline: training_sample,1.0
Baseline: training_sample,1.0
Baseline: training_sample,1.0
Baseline: training_sample,1.0
Baseline: training_sample,1.0
Baseline: training_sample,1.0
Baseline: training_sample,1.0
Baseline: training_sample,1.0
Baseline: training_sample,1.0
Baseline: training_sample,1.0
Baseline: training_sample,1.0
Baseline: training_sample,1.0
Baseline: training_sample,1.0
Baseline: training_sample,1.0
Baseline: training_sample,1.0
Baseline: training_sample,1.0
Baseline: training_sample,1.0
Baseline: training_sample,1.0
Baseline: training_sample,1.0
Baseline: training_sample,1.0
Baseline: training_sample,1.0
Baseline: training_sample,1.0
Baseline: training_sample,1.0
Baseline: training_sample,1.0
Baseline: training_sample,1.0
Baseline: training_sample,1.0
Baseline: training_sample,1.0
Baseline: training_sample,1.0
Baseline: training_sample,1.0
Baseline: training_sample,1.0
Baseline: training_sample,1.0
Baseline: training_sample,1.0
Baseline: training_sample,1.0
Baseline: training_sample,1.0
Baseline: training_sample,1.0
Baseline: training_sample,1.0
Baseline: training_sample,1.0
Baseline: training_sample,1.0
Baseline: training_sample,1.0
Baseline: training_sample,1.0
Baseline: training_sample,1.0
Baseline: training_sample,1.0
Baseline: training_sample,1.0
Baseline: training_sample,1.0
Baseline: training_sample,1.0
Baseline: training_sample,1.0
Baseline: training_sample,1.0
Baseline: training_sample,1.0
Baseline: training_sample,1.0
Baseline: training_sample,1.0
Baseline: training_sample,1.0
Baseline: training_sample,1.0
Baseline: training_sample,1.0
Baseline: training_sample,1.0
Baseline: training_sample,1.0
Baseline: training_sample,1.0
Baseline: training_sample,1.0
Baseline: training_sample,1.0
Baseline: training_sample,1.0
Baseline: training_sample,1.0
Baseline: training_sample,1.0
Baseline: training_sample,1.0
Baseline: training_sample,1.0
Baseline: training_sample,1.0
Baseline: training_sample,1.0
Baseline: training_sample,1.0
Baseline: training_sample,1.0
Baseline: training_sample,1.0
Baseline: training_sample,1.0
Baseline: training_sample,1.0
Baseline: training_sample,1.0
Baseline: training_sample,1.0
Baseline: training_sample,1.0
Baseline: training_sample,1.0
Baseline: training_sample,1.0
Baseline: training_sample,1.0
Baseline: training_sample,1.0
Baseline: training_sample,1.0
Baseline: training_sample,1.0
Baseline: training_sample,1.0
Baseline: training_sample,1.0
Baseline: training_sample,1.0
Baseline: training_sample,1.0
Baseline: training_sample,1.0
Baseline: training_sample,1.0
Baseline: training_sample,1.0
Baseline: training_sample,1.0
Baseline: training_sample,1.0
Baseline: training_sample,1.0
Baseline: training_sample,1.0
Baseline: training_sample,1.0
Baseline: training_sample,1.0
Baseline: training_sample,1.0
Baseline: training_sample,1.0
Baseline: training_sample,1.0
Baseline: training_sample,1.0
Baseline: training_sample,1.0
Baseline: training_sample,1.0
Baseline: training_sample,1.0
Baseline: training_sample,1.0
Baseline: training_sample,1.0
Baseline: training_sample,1.0
Baseline: training_sample,1.0
Baseline: training_sample,1.0
Baseline: training_sample,1.0
Baseline: training_sample,1.0
Baseline: training_sample,1.0
Baseline: training_sample,1.0
Baseline: training_sample,1.0
Baseline: training_sample,1.0
Baseline: training_sample,1.0
Baseline: training_sample,1.0
Baseline: training_sample,1.0
Baseline: training_sample,1.0
Baseline: training_sample,1.0
Baseline: training_sample,1.0
Baseline: training_sample,1.0
Baseline: training_sample,1.0
Baseline: training_sample,1.0
Baseline: training_sample,1.0
Baseline: training_sample,1.0
Baseline: training_sample,1.0
Baseline: training_sample,1.0
Baseline: training_sample,1.0
Baseline: training_sample,1.0
Baseline: training_sample,1.0
Baseline: training_sample,1.0
Baseline: training_sample,1.0
Baseline: training_sample,1.0
Baseline: training_sample,1.0
Baseline: training_sample,1.0
Baseline: training_sample,1.0
Baseline: training_sample,1.0
Baseline: training_sample,1.0
Baseline: training_sample,1.0
Baseline: training_sample,1.0
Baseline: training_sample,1.0
Baseline: training_sample,1.0
Baseline: training_sample,1.0
Baseline: training_sample,1.0
Baseline: training_sample,1.0
Baseline: training_sample,1.0
Baseline: training_sample,1.0
Baseline: training_sample,1.0
Baseline: training_sample,1.0
Baseline: training_sample,1.0
Baseline: training_sample,1.0
Baseline: training_sample,1.0
Baseline: training_sample,1.0
Baseline: training_sample,1.0
Baseline: training_sample,1.0
Baseline: training_sample,1.0
Baseline: training_sample,1.0
Baseline: training_sample,1.0
Baseline: training_sample,1.0
Baseline: training_sample,1.0
Baseline: training_sample,1.0
Baseline: training_sample,1.0
Baseline: training_sample,1.0
Baseline: training_sample,1.0
Baseline: training_sample,1.0
Baseline: training_sample,1.0
Baseline: training_sample,1.0
Baseline: training_sample,1.0
Baseline: training_sample,1.0
Baseline: training_sample,1.0
Baseline: training_sample,1.0
Baseline: training_sample,1.0
Baseline: training_sample,1.0
Baseline: training_sample,1.0
Baseline: training_sample,1.0
Baseline: training_sample,1.0
Baseline: training_sample,1.0
Baseline: training_sample,1.0
Baseline: training_sample,1.0
Baseline: training_sample,1.0
Baseline: training_sample,1.0
Baseline: training_sample,1.0
Baseline: training_sample,1.0
Baseline: training_sample,1.0
Baseline: training_sample,1.0
Baseline: training_sample,1.0
Baseline: training_sample,1.0
Baseline: training_sample,1.0
Baseline: training_sample,1.0
Baseline: training_sample,1.0
Baseline: training_sample,1.0
Baseline: training_sample,1.0
Baseline: training_sample,1.0
Baseline: training_sample,1.0
Baseline: training_sample,1.0
Baseline: training_sample,1.0
Baseline: training_sample,1.0
Baseline: training_sample,1.0
Baseline: training_sample,1.0
Baseline: training_sample,1.0
Baseline: training_sample,1.0
Baseline: training_sample,1.0
Baseline: training_sample,1.0
Baseline: training_sample,1.0
Baseline: training_sample,1.0
Baseline: training_sample,1.0
Baseline: training_sample,1.0
Baseline: training_sample,1.0
Baseline: training_sample,1.0
Baseline: training_sample,1.0
Baseline: training_sample,1.0
Baseline: training_sample,1.0
Baseline: training_sample,1.0
Baseline: training_sample,1.0
Baseline: training_sample,1.0
Baseline: training_sample,1.0
Baseline: training_sample,1.0
Baseline: training_sample,1.0
Baseline: training_sample,1.0
Baseline: training_sample,1.0
Baseline: training_sample,1.0
Baseline: training_sample,1.0
Baseline: training_sample,1.0
Baseline: training_sample,1.0
Baseline: training_sample,1.0
Baseline: training_sample,1.0
Baseline: training_sample,1.0
Baseline: training_sample,1.0
Baseline: training_sample,1.0
Baseline: training_sample,1.0
Baseline: training_sample,1.0
Baseline: training_sample,1.0
Baseline: training_sample,1.0
Baseline: training_sample,1.0
Baseline: training_sample,1.0
Baseline: training_sample,1.0
Baseline: training_sample,1.0
Baseline: training_sample,1.0
Baseline: training_sample,1.0
Baseline: training_sample,1.0
Baseline: training_sample,1.0
Baseline: training_sample,1.0
Baseline: training_sample,1.0
Baseline: training_sample,1.0
Baseline: training_sample,1.0
Baseline: training_sample,1.0
Baseline: training_sample,1.0
Baseline: training_sample,1.0
Baseline: training_sample,1.0
Baseline: training_sample,1.0
Baseline: training_sample,1.0
Baseline: training_sample,1.0
Baseline: training_sample,1.0
Baseline: training_sample,1.0
Baseline: training_sample,1.0
Baseline: training_sample,1.0
Baseline: training_sample,1.0
Baseline: training_sample,1.0
Baseline: training_sample,1.0
Baseline: training_sample,1.0
Baseline: training_sample,1.0
Baseline: training_sample,1.0
Baseline: training_sample,1.0
Baseline: training_sample,1.0
Baseline: training_sample,1.0
Baseline: training_sample,1.0
Baseline: training_sample,1.0
Baseline: training_sample,1.0
Baseline: training_sample,1.0
Baseline: training_sample,1.0
Baseline: training_sample,1.0
Baseline: training_sample,1.0
Baseline: training_sample,1.0
Baseline: training_sample,1.0
Baseline: training_sample,1.0
Baseline: training_sample,1.0
Baseline: training_sample,1.0
Baseline: training_sample,1.0
Baseline: training_sample,1.0
Baseline: training_sample,1.0
Baseline: training_sample,1.0
Baseline: training_sample,1.0
Baseline: training_sample,1.0
Baseline: training_sample,1.0
Baseline: bigram_markov,0.6
Baseline: bigram_markov,0.8571428571428571
Baseline: bigram_markov,0.6666666666666666
Baseline: bigram_markov,0.6
Baseline: bigram_markov,0.75
Baseline: bigram_markov,0.6363636363636364
Baseline: bigram_markov,0.8
Baseline: bigram_markov,1.0
Baseline: bigram_markov,1.0
Baseline: bigram_markov,1.0
Baseline: bigram_markov,0.8
Baseline: bigram_markov,0.6
Baseline: bigram_markov,0.8
Baseline: bigram_markov,0.6153846153846154
Baseline: bigram_markov,0.6
Baseline: bigram_markov,0.8
Baseline: bigram_markov,0.5
Baseline: bigram_markov,0.6666666666666666
Baseline: bigram_markov,0.8
Baseline: bigram_markov,0.625
Baseline: bigram_markov,0.6666666666666666
Baseline: bigram_markov,0.6666666666666666
Baseline: bigram_markov,0.625
Baseline: bigram_markov,0.8
Baseline: bigram_markov,0.6666666666666666
Baseline: bigram_markov,0.6666666666666666
Baseline: bigram_markov,0.6
Baseline: bigram_markov,0.6666666666666666
Baseline: bigram_markov,0.6666666666666666
Baseline: bigram_markov,0.42857142857142855
Baseline: bigram_markov,0.6666666666666666
Baseline: bigram_markov,0.7142857142857143
Baseline: bigram_markov,0.8333333333333334
Baseline: bigram_markov,0.875
Baseline: bigram_markov,0.6
Baseline: bigram_markov,0.6
Baseline: bigram_markov,0.8
Baseline: bigram_markov,0.6
Baseline: bigram_markov,0.5
Baseline: bigram_markov,0.8
Baseline: bigram_markov,0.5555555555555556
Baseline: bigram_markov,0.6666666666666666
Baseline: bigram_markov,0.8
Baseline: bigram_markov,0.8
Baseline: bigram_markov,0.8
Baseline: bigram_markov,0.6153846153846154
Baseline: bigram_markov,0.8
Baseline: bigram_markov,0.625
Baseline: bigram_markov,0.625
Baseline: bigram_markov,0.6666666666666666
Baseline: bigram_markov,0.6666666666666666
Baseline: bigram_markov,0.6666666666666666
Baseline: bigram_markov,0.6666666666666666
Baseline: bigram_markov,0.6666666666666666
Baseline: bigram_markov,0.5
Baseline: bigram_markov,0.8
Baseline: bigram_markov,0.6
Baseline: bigram_markov,0.6666666666666666
Baseline: bigram_markov,0.6
Baseline: bigram_markov,0.6666666666666666
Baseline: bigram_markov,0.6666666666666666
Baseline: bigram_markov,0.6666666666666666
Baseline: bigram_markov,0.6666666666666666
Baseline: bigram_markov,0.6
Baseline: bigram_markov,0.5
Baseline: bigram_markov,0.7
Baseline: bigram_markov,0.6666666666666666
Baseline: bigram_markov,1.0
Baseline: bigram_markov,0.6
Baseline: bigram_markov,0.42857142857142855
Baseline: bigram_markov,0.8
Baseline: bigram_markov,0.8
Baseline: bigram_markov,0.6
Baseline: bigram_markov,0.6666666666666666
Baseline: bigram_markov,0.8
Baseline: bigram_markov,0.8
Baseline: bigram_markov,0.5714285714285714
Baseline: bigram_markov,0.6
Baseline: bigram_markov,0.6666666666666666
Baseline: bigram_markov,0.6
Baseline: bigram_markov,0.6
Baseline: bigram_markov,0.625
Baseline: bigram_markov,0.6363636363636364
Baseline: bigram_markov,0.6
Baseline: bigram_markov,0.6666666666666666
Baseline: bigram_markov,0.5555555555555556
Baseline: bigram_markov,0.5384615384615384
Baseline: bigram_markov,0.7142857142857143
Baseline: bigram_markov,0.6666666666666666
Baseline: bigram_markov,0.875
Baseline: bigram_markov,0.7142857142857143
Baseline: bigram_markov,0.6666666666666666
Baseline: bigram_markov,0.6
Baseline: bigram_markov,0.8333333333333334
Baseline: bigram_markov,0.6666666666666666
Baseline: bigram_markov,1.0
Baseline: bigram_markov,0.7142857142857143
Baseline: bigram_markov,0.5
Baseline: bigram_markov,0.6
Baseline: bigram_markov,0.5
Baseline: bigram_markov,0.6666666666666666
Baseline: bigram_markov,0.8
Baseline: bigram_markov,0.6666666666666666
Baseline: bigram_markov,0.6
Baseline: bigram_markov,0.6
Baseline: bigram_markov,0.7777777777777778
Baseline: bigram_markov,0.4
Baseline: bigram_markov,0.7
Baseline: bigram_markov,0.6
Baseline: bigram_markov,0.6
Baseline: bigram_markov,0.75
Baseline: bigram_markov,0.8
Baseline: bigram_markov,0.5714285714285714
Baseline: bigram_markov,0.8
Baseline: bigram_markov,0.5555555555555556
Baseline: bigram_markov,0.6
Baseline: bigram_markov,0.5384615384615384
Baseline: bigram_markov,0.6
Baseline: bigram_markov,0.7142857142857143
Baseline: bigram_markov,0.6666666666666666
Baseline: bigram_markov,0.8
Baseline: bigram_markov,0.6
Baseline: bigram_markov,0.8
Baseline: bigram_markov,0.6
Baseline: bigram_markov,0.6666666666666666
Baseline: bigram_markov,0.7777777777777778
Baseline: bigram_markov,0.5
Baseline: bigram_markov,0.6
Baseline: bigram_markov,0.6
Baseline: bigram_markov,0.6
Baseline: bigram_markov,0.6
Baseline: bigram_markov,0.6
Baseline: bigram_markov,0.6666666666666666
Baseline: bigram_markov,0.8333333333333334
Baseline: bigram_markov,0.5
Baseline: bigram_markov,0.5454545454545454
Baseline: bigram_markov,0.6153846153846154
Baseline: bigram_markov,0.7142857142857143
Baseline: bigram_markov,0.8
Baseline: bigram_markov,0.6666666666666666
Baseline: bigram_markov,0.5555555555555556
Baseline: bigram_markov,0.8333333333333334
Baseline: bigram_markov,0.6666666666666666
Baseline: bigram_markov,0.6666666666666666
Baseline: bigram_markov,0.6666666666666666
Baseline: bigram_markov,0.6666666666666666
Baseline: bigram_markov,0.6
Baseline: bigram_markov,0.8
Baseline: bigram_markov,0.8
Baseline: bigram_markov,0.6
Baseline: bigram_markov,0.8
Baseline: bigram_markov,0.5
Baseline: bigram_markov,0.6666666666666666
Baseline: bigram_markov,0.8333333333333334
Baseline: bigram_markov,0.8
Baseline: bigram_markov,1.0
Baseline: bigram_markov,0.6666666666666666
Baseline: bigram_markov,0.6666666666666666
Baseline: bigram_markov,0.7777777777777778
Baseline: bigram_markov,0.8
Baseline: bigram_markov,0.8
Baseline: bigram_markov,0.6
Baseline: bigram_markov,0.5
Baseline: bigram_markov,0.6
Baseline: bigram_markov,0.7777777777777778
Baseline: bigram_markov,0.6
Baseline: bigram_markov,0.8
Baseline: bigram_markov,0.6363636363636364
Baseline: bigram_markov,0.6666666666666666
Baseline: bigram_markov,0.7272727272727273
Baseline: bigram_markov,0.6666666666666666
Baseline: bigram_markov,0.6
Baseline: bigram_markov,0.5714285714285714
Baseline: bigram_markov,0.5
Baseline: bigram_markov,0.5
Baseline: bigram_markov,0.6153846153846154
Baseline: bigram_markov,0.5
Baseline: bigram_markov,0.8571428571428571
Baseline: bigram_markov,0.5714285714285714
Baseline: bigram_markov,0.6
Baseline: bigram_markov,0.6
Baseline: bigram_markov,0.6
Baseline: bigram_markov,0.8
Baseline: bigram_markov,0.8
Baseline: bigram_markov,0.8
Baseline: bigram_markov,0.6666666666666666
Baseline: bigram_markov,0.6
Baseline: bigram_markov,0.7142857142857143
Baseline: bigram_markov,0.6
Baseline: bigram_markov,0.6666666666666666
Baseline: bigram_markov,0.6
Baseline: bigram_markov,0.6666666666666666
Baseline: bigram_markov,0.6
Baseline: bigram_markov,0.6666666666666666
Baseline: bigram_markov,0.6666666666666666
Baseline: bigram_markov,0.8
Baseline: bigram_markov,0.6666666666666666
Baseline: bigram_markov,0.5714285714285714
Baseline: bigram_markov,0.8
Baseline: bigram_markov,0.6
Baseline: bigram_markov,0.6
Baseline: bigram_markov,0.6666666666666666
Baseline: bigram_markov,0.8
Baseline: bigram_markov,0.6666666666666666
Baseline: bigram_markov,0.6666666666666666
Baseline: bigram_markov,0.6
Baseline: bigram_markov,0.6666666666666666
Baseline: bigram_markov,0.6
Baseline: bigram_markov,0.6
Baseline: bigram_markov,0.8333333333333334
Baseline: bigram_markov,0.6
Baseline: bigram_markov,0.6666666666666666
Baseline: bigram_markov,0.7142857142857143
Baseline: bigram_markov,0.5714285714285714
Baseline: bigram_markov,0.5714285714285714
Baseline: bigram_markov,0.6666666666666666
Baseline: bigram_markov,0.8333333333333334
Baseline: bigram_markov,0.6
Baseline: bigram_markov,0.5714285714285714
Baseline: bigram_markov,0.5
Baseline: bigram_markov,0.8
Baseline: bigram_markov,0.8333333333333334
Baseline: bigram_markov,0.7142857142857143
Baseline: bigram_markov,0.7142857142857143
Baseline: bigram_markov,0.4166666666666667
Baseline: bigram_markov,0.6666666666666666
Baseline: bigram_markov,0.6666666666666666
Baseline: bigram_markov,0.5
Baseline: bigram_markov,0.8
Baseline: bigram_markov,0.8
Baseline: bigram_markov,0.6666666666666666
Baseline: bigram_markov,0.6666666666666666
Baseline: bigram_markov,0.6666666666666666
Baseline: bigram_markov,0.6666666666666666
Baseline: bigram_markov,0.7142857142857143
Baseline: bigram_markov,0.42857142857142855
Baseline: bigram_markov,0.6666666666666666
Baseline: bigram_markov,0.6666666666666666
Baseline: bigram_markov,0.7142857142857143
Baseline: bigram_markov,0.6666666666666666
Baseline: bigram_markov,0.6666666666666666
Baseline: bigram_markov,0.6666666666666666
Baseline: bigram_markov,0.6
Baseline: bigram_markov,0.6666666666666666
Baseline: bigram_markov,0.6
Baseline: bigram_markov,0.8
Baseline: bigram_markov,0.6
Baseline: bigram_markov,0.8333333333333334
Baseline: bigram_markov,0.5
Baseline: bigram_markov,0.8333333333333334
Baseline: bigram_markov,0.75
Baseline: bigram_markov,0.8
Baseline: bigram_markov,0.6666666666666666
Baseline: bigram_markov,0.8
Baseline: bigram_markov,0.8333333333333334
Baseline: bigram_markov,0.6666666666666666
Baseline: bigram_markov,0.625
Baseline: bigram_markov,0.6
Baseline: bigram_markov,0.6
Baseline: bigram_markov,0.6
Baseline: bigram_markov,0.6
Baseline: bigram_markov,0.6
Baseline: bigram_markov,0.8
Baseline: bigram_markov,0.6666666666666666
Baseline: bigram_markov,0.625
Baseline: bigram_markov,0.8
Baseline: bigram_markov,0.7142857142857143
Baseline: bigram_markov,0.6666666666666666
Baseline: bigram_markov,0.8333333333333334
Baseline: bigram_markov,0.75
Baseline: bigram_markov,0.625
Baseline: bigram_markov,0.6666666666666666
Baseline: bigram_markov,0.5555555555555556
Baseline: bigram_markov,1.0
Baseline: bigram_markov,0.8333333333333334
Baseline: bigram_markov,0.8333333333333334
Baseline: bigram_markov,0.6
Baseline: bigram_markov,0.8
Baseline: bigram_markov,0.6
Baseline: bigram_markov,0.6666666666666666
Baseline: bigram_markov,0.6666666666666666
Baseline: bigram_markov,0.6
Baseline: bigram_markov,0.5
Baseline: bigram_markov,0.5833333333333334
Baseline: bigram_markov,0.6666666666666666
Baseline: bigram_markov,0.8
Baseline: bigram_markov,0.8
Baseline: bigram_markov,0.6
Baseline: bigram_markov,0.6
Baseline: bigram_markov,0.8333333333333334
Baseline: bigram_markov,0.6666666666666666
Baseline: bigram_markov,0.8333333333333334
Baseline: bigram_markov,0.5833333333333334
Baseline: bigram_markov,0.7142857142857143
Baseline: bigram_markov,0.8
Baseline: bigram_markov,0.5
Baseline: bigram_markov,0.6
Baseline: bigram_markov,0.6153846153846154
Baseline: bigram_markov,0.625
Baseline: bigram_markov,0.6666666666666666
Baseline: bigram_markov,0.6666666666666666
Baseline: bigram_markov,0.7142857142857143
Baseline: bigram_markov,0.7142857142857143
Baseline: bigram_markov,1.0
Baseline: bigram_markov,0.75
Baseline: bigram_markov,0.6153846153846154
Baseline: bigram_markov,0.6666666666666666
Baseline: bigram_markov,0.5555555555555556
Baseline: bigram_markov,0.6
Baseline: bigram_markov,0.625
Baseline: bigram_markov,1.0
Baseline: bigram_markov,0.6666666666666666
Baseline: bigram_markov,0.7142857142857143
Baseline: bigram_markov,0.6666666666666666
Baseline: bigram_markov,0.6
Baseline: bigram_markov,0.6363636363636364
Baseline: bigram_markov,0.6666666666666666
Baseline: bigram_markov,0.6
Baseline: bigram_markov,0.5555555555555556
Baseline: bigram_markov,0.4666666666666667
Baseline: bigram_markov,0.6
Baseline: bigram_markov,0.8
Baseline: bigram_markov,0.7142857142857143
Baseline: bigram_markov,0.6
Baseline: bigram_markov,0.6666666666666666
Baseline: bigram_markov,0.5
Baseline: bigram_markov,0.8333333333333334
Baseline: bigram_markov,0.8333333333333334
Baseline: bigram_markov,0.6
Baseline: bigram_markov,0.5
Baseline: bigram_markov,0.6
Baseline: bigram_markov,0.6
Baseline: bigram_markov,0.6666666666666666
Baseline: bigram_markov,0.8333333333333334
Baseline: bigram_markov,0.6666666666666666
Baseline: bigram_markov,0.6
Baseline: bigram_markov,0.5714285714285714
Baseline: bigram_markov,0.6428571428571429
Baseline: bigram_markov,0.6666666666666666
Baseline: bigram_markov,0.6666666666666666
Baseline: bigram_markov,0.7777777777777778
Baseline: bigram_markov,0.6363636363636364
Baseline: bigram_markov,0.5714285714285714
Baseline: bigram_markov,0.6666666666666666
Baseline: bigram_markov,0.5
Baseline: bigram_markov,0.6666666666666666
Baseline: bigram_markov,0.6
Baseline: bigram_markov,0.8
Baseline: bigram_markov,0.625
Baseline: bigram_markov,0.6666666666666666
Baseline: bigram_markov,0.6
Baseline: bigram_markov,0.5294117647058824
Baseline: bigram_markov,0.6
Baseline: bigram_markov,0.8
Baseline: bigram_markov,0.46153846153846156
Baseline: bigram_markov,0.8
Baseline: bigram_markov,0.6
Baseline: bigram_markov,0.6666666666666666
Baseline: bigram_markov,0.6
Baseline: bigram_markov,0.6666666666666666
Baseline: bigram_markov,0.6
Baseline: bigram_markov,0.8
Baseline: bigram_markov,0.8
Baseline: bigram_markov,0.8
Baseline: bigram_markov,0.5714285714285714
Baseline: bigram_markov,0.6666666666666666
Baseline: bigram_markov,0.6666666666666666
Baseline: bigram_markov,0.5454545454545454
Baseline: bigram_markov,0.8
Baseline: bigram_markov,0.6666666666666666
Baseline: bigram_markov,0.7
Baseline: bigram_markov,0.8333333333333334
Baseline: bigram_markov,0.8
Baseline: bigram_markov,0.8
Baseline: bigram_markov,0.6
Baseline: bigram_markov,0.8333333333333334
Baseline: bigram_markov,0.8333333333333334
Baseline: bigram_markov,1.0
Baseline: bigram_markov,0.8333333333333334
Baseline: bigram_markov,0.6
Baseline: bigram_markov,0.6
Baseline: bigram_markov,0.6666666666666666
Baseline: bigram_markov,0.6666666666666666
Baseline: bigram_markov,0.6
Baseline: bigram_markov,0.6666666666666666
Baseline: bigram_markov,0.8
Baseline: bigram_markov,0.6
Baseline: bigram_markov,0.6
Baseline: bigram_markov,0.4444444444444444
Baseline: bigram_markov,0.6
Baseline: bigram_markov,0.6666666666666666
Baseline: bigram_markov,0.6666666666666666
Baseline: bigram_markov,0.8
Baseline: bigram_markov,0.6
Baseline: bigram_markov,0.8
Baseline: bigram_markov,0.8333333333333334
Baseline: bigram_markov,0.5555555555555556
Baseline: bigram_markov,0.6666666666666666
Baseline: bigram_markov,0.5
Baseline: bigram_markov,0.8
Baseline: bigram_markov,0.625
Baseline: bigram_markov,0.6
Baseline: bigram_markov,0.5714285714285714
Baseline: bigram_markov,0.7142857142857143
Baseline: bigram_markov,0.8
Baseline: bigram_markov,0.6
Baseline: bigram_markov,0.75
Baseline: bigram_markov,0.7777777777777778
Baseline: bigram_markov,0.7
Baseline: bigram_markov,0.6
Baseline: bigram_markov,0.75
Baseline: bigram_markov,0.8
Baseline: bigram_markov,0.8333333333333334
Baseline: bigram_markov,0.6
Baseline: bigram_markov,0.6666666666666666
Baseline: bigram_markov,0.5714285714285714
Baseline: bigram_markov,0.6
Baseline: bigram_markov,0.6666666666666666
Baseline: bigram_markov,0.6666666666666666
Baseline: bigram_markov,0.6
Baseline: bigram_markov,0.8333333333333334
Baseline: bigram_markov,0.6666666666666666
Baseline: bigram_markov,0.8
Baseline: bigram_markov,0.8
Baseline: bigram_markov,0.5714285714285714
Baseline: bigram_markov,0.6666666666666666
Baseline: bigram_markov,0.7777777777777778
Baseline: bigram_markov,0.8333333333333334
Baseline: bigram_markov,0.8
Baseline: bigram_markov,0.6666666666666666
Baseline: bigram_markov,0.8
Baseline: bigram_markov,0.5
Baseline: bigram_markov,0.5625
Baseline: bigram_markov,0.6666666666666666
Baseline: bigram_markov,0.5555555555555556
Baseline: bigram_markov,0.6666666666666666
Baseline: bigram_markov,0.6
Baseline: bigram_markov,0.5
Baseline: bigram_markov,0.8
Baseline: bigram_markov,0.5
Baseline: bigram_markov,0.8
Baseline: bigram_markov,0.6
Baseline: bigram_markov,0.8
Baseline: bigram_markov,0.6
Baseline: bigram_markov,0.8
Baseline: bigram_markov,0.6
Baseline: bigram_markov,1.0
Baseline: bigram_markov,0.7777777777777778
Baseline: bigram_markov,0.5454545454545454
Baseline: bigram_markov,0.6
Baseline: bigram_markov,0.6666666666666666
Baseline: bigram_markov,0.6666666666666666
Baseline: bigram_markov,0.8333333333333334
Baseline: bigram_markov,0.5
Baseline: bigram_markov,0.7
Baseline: bigram_markov,0.8
Baseline: bigram_markov,0.6666666666666666
Baseline: bigram_markov,0.5
Baseline: bigram_markov,0.8333333333333334
Baseline: bigram_markov,0.6666666666666666
Baseline: bigram_markov,0.5
Baseline: bigram_markov,0.5714285714285714
Baseline: bigram_markov,0.6666666666666666
Baseline: bigram_markov,0.625
Baseline: bigram_markov,0.5
Baseline: bigram_markov,0.8333333333333334
Baseline: bigram_markov,0.6666666666666666
Baseline: bigram_markov,0.7
Baseline: bigram_markov,0.6
Baseline: bigram_markov,0.6
Baseline: bigram_markov,0.8
Baseline: bigram_markov,0.8
Baseline: bigram_markov,0.8
Baseline: bigram_markov,0.6
Baseline: bigram_markov,0.625
Baseline: bigram_markov,0.6
Baseline: bigram_markov,0.6
Baseline: bigram_markov,0.7
Baseline: bigram_markov,0.6
Baseline: bigram_markov,0.8
Baseline: bigram_markov,0.8333333333333334
Baseline: bigram_markov,0.6363636363636364
Baseline: bigram_markov,0.7142857142857143
Baseline: bigram_markov,0.8333333333333334
Baseline: bigram_markov,0.625
Baseline: bigram_markov,0.7142857142857143
Baseline: bigram_markov,0.6666666666666666
Baseline: bigram_markov,0.5
Baseline: bigram_markov,0.6666666666666666
Baseline: bigram_markov,0.6666666666666666
Baseline: bigram_markov,0.6666666666666666
Baseline: bigram_markov,0.7272727272727273
Baseline: bigram_markov,0.6666666666666666
Baseline: bigram_markov,0.8333333333333334
Baseline: bigram_markov,0.7142857142857143
Baseline: bigram_markov,0.6
Baseline: bigram_markov,0.8
Baseline: bigram_markov,0.5
Baseline: bigram_markov,0.6666666666666666
Baseline: bigram_markov,0.6666666666666666
Baseline: bigram_markov,0.6666666666666666
Baseline: bigram_markov,0.8571428571428571
Baseline: bigram_markov,0.4666666666666667
Baseline: bigram_markov,0.5714285714285714
Baseline: bigram_markov,0.8
Baseline: bigram_markov,0.8
Baseline: bigram_markov,0.5384615384615384
Baseline: bigram_markov,0.6
Baseline: bigram_markov,0.6
Baseline: bigram_markov,0.6666666666666666
Baseline: bigram_markov,0.8
Baseline: bigram_markov,0.6666666666666666
Baseline: bigram_markov,0.6666666666666666
Baseline: bigram_markov,0.6
Baseline: bigram_markov,0.6
Baseline: bigram_markov,0.75
Baseline: bigram_markov,0.6
Baseline: bigram_markov,0.6
Baseline: bigram_markov,0.6
Baseline: bigram_markov,0.6
Baseline: bigram_markov,0.6
Baseline: bigram_markov,0.8
Baseline: bigram_markov,0.5
Baseline: bigram_markov,0.6666666666666666
Baseline: bigram_markov,0.8333333333333334
Baseline: bigram_markov,0.5714285714285714
Baseline: bigram_markov,0.625
Baseline: bigram_markov,0.5
Baseline: bigram_markov,0.6666666666666666
Baseline: bigram_markov,0.8
Baseline: bigram_markov,0.8
Baseline: bigram_markov,0.8
Baseline: bigram_markov,0.7142857142857143
Baseline: bigram_markov,0.6
Baseline: bigram_markov,0.6666666666666666
Baseline: bigram_markov,0.6666666666666666
Baseline: bigram_markov,0.38461538461538464
Baseline: bigram_markov,0.8
Baseline: bigram_markov,0.8
Baseline: bigram_markov,0.8333333333333334
Baseline: bigram_markov,0.8
Baseline: bigram_markov,0.5714285714285714
Baseline: bigram_markov,0.6
Baseline: bigram_markov,0.6
Baseline: bigram_markov,0.6666666666666666
Baseline: bigram_markov,1.0
Baseline: bigram_markov,0.6
Baseline: bigram_markov,0.42857142857142855
Baseline: bigram_markov,0.6666666666666666
Baseline: bigram_markov,0.75
Baseline: bigram_markov,0.6666666666666666
Baseline: bigram_markov,0.6
Baseline: bigram_markov,0.7142857142857143
Baseline: bigram_markov,0.8571428571428571
Baseline: bigram_markov,0.5
Baseline: bigram_markov,0.5714285714285714
Baseline: bigram_markov,0.6
Baseline: bigram_markov,0.8333333333333334
Baseline: bigram_markov,0.6
Baseline: bigram_markov,0.8
Baseline: bigram_markov,0.6
Baseline: bigram_markov,0.7142857142857143
Baseline: bigram_markov,0.6666666666666666
Baseline: bigram_markov,0.7142857142857143
Baseline: bigram_markov,0.5
Baseline: bigram_markov,0.6
Baseline: bigram_markov,0.8
Baseline: bigram_markov,0.7142857142857143
Baseline: bigram_markov,0.6
Baseline: bigram_markov,0.8
Baseline: bigram_markov,0.5384615384615384
Baseline: bigram_markov,0.6
Baseline: bigram_markov,0.8
Baseline: bigram_markov,0.8
Baseline: bigram_markov,0.5
Baseline: bigram_markov,0.6
Baseline: bigram_markov,0.6666666666666666
Baseline: bigram_markov,0.6
Baseline: bigram_markov,0.42857142857142855
Baseline: bigram_markov,0.8
Baseline: bigram_markov,0.6
Baseline: bigram_markov,0.6666666666666666
Baseline: bigram_markov,0.5555555555555556
Baseline: bigram_markov,0.6
Baseline: bigram_markov,0.625
Baseline: bigram_markov,0.6
Baseline: bigram_markov,0.6
Baseline: bigram_markov,0.6
Baseline: bigram_markov,0.6
Baseline: bigram_markov,0.6
Baseline: bigram_markov,0.6
Baseline: bigram_markov,0.625
Baseline: bigram_markov,0.8333333333333334
Baseline: bigram_markov,0.6666666666666666
Baseline: bigram_markov,0.8
Baseline: bigram_markov,0.6363636363636364
Baseline: bigram_markov,0.8333333333333334
Baseline: bigram_markov,0.6363636363636364
Baseline: bigram_markov,0.8
Baseline: bigram_markov,0.8
Baseline: bigram_markov,0.7
Baseline: bigram_markov,0.5714285714285714
Baseline: bigram_markov,0.6666666666666666
Baseline: bigram_markov,0.5
Baseline: bigram_markov,0.6
Baseline: bigram_markov,0.6
Baseline: bigram_markov,0.6666666666666666
Baseline: bigram_markov,0.8
Baseline: bigram_markov,0.8
Baseline: bigram_markov,0.5
Baseline: bigram_markov,0.5
Baseline: bigram_markov,0.7142857142857143
Baseline: bigram_markov,0.625
Baseline: bigram_markov,0.75
Baseline: bigram_markov,0.8333333333333334
Baseline: bigram_markov,0.6666666666666666
Baseline: bigram_markov,0.8
Baseline: bigram_markov,0.6666666666666666
Baseline: bigram_markov,0.6
Baseline: bigram_markov,0.5
Baseline: bigram_markov,0.625
Baseline: bigram_markov,0.6666666666666666
Baseline: bigram_markov,0.625
Baseline: bigram_markov,0.75
Baseline: bigram_markov,0.6
Baseline: bigram_markov,0.6
Baseline: bigram_markov,0.6
Baseline: bigram_markov,0.6
Baseline: bigram_markov,0.5
Baseline: bigram_markov,0.6666666666666666
Baseline: bigram_markov,0.6
Baseline: bigram_markov,0.6666666666666666
Baseline: bigram_markov,0.6
Baseline: bigram_markov,0.6666666666666666
Baseline: bigram_markov,0.8
Baseline: bigram_markov,0.6666666666666666
Baseline: bigram_markov,0.6
Baseline: bigram_markov,0.6
Baseline: bigram_markov,0.6
Baseline: bigram_markov,0.8
Baseline: bigram_markov,0.6666666666666666
Baseline: bigram_markov,0.6666666666666666
Baseline: bigram_markov,0.7142857142857143
Baseline: bigram_markov,0.8333333333333334
Baseline: bigram_markov,0.8
Baseline: bigram_markov,0.6
Baseline: bigram_markov,0.5
Baseline: bigram_markov,0.6666666666666666
Baseline: bigram_markov,0.8
Baseline: bigram_markov,0.8
Baseline: bigram_markov,0.6666666666666666
Baseline: bigram_markov,0.5
Baseline: bigram_markov,0.6666666666666666
Baseline: bigram_markov,0.6666666666666666
Baseline: bigram_markov,0.6666666666666666
Baseline: bigram_markov,0.8
Baseline: bigram_markov,0.6
Baseline: bigram_markov,0.6666666666666666
Baseline: bigram_markov,0.8571428571428571
Baseline: bigram_markov,0.5
Baseline: bigram_markov,0.5384615384615384
Baseline: bigram_markov,0.6
Baseline: bigram_markov,0.5384615384615384
Baseline: bigram_markov,0.6666666666666666
Baseline: bigram_markov,0.8
Baseline: bigram_markov,0.6
Baseline: bigram_markov,0.6666666666666666
Baseline: bigram_markov,0.8
Baseline: bigram_markov,0.6
Baseline: bigram_markov,0.5555555555555556
Baseline: bigram_markov,0.6
Baseline: bigram_markov,0.5
Baseline: bigram_markov,0.6
Baseline: bigram_markov,0.6666666666666666
Baseline: bigram_markov,0.5714285714285714
Baseline: bigram_markov,0.7
Baseline: bigram_markov,0.6
Baseline: bigram_markov,0.8333333333333334
Baseline: bigram_markov,0.6666666666666666
Baseline: bigram_markov,0.6
Baseline: bigram_markov,0.6666666666666666
Baseline: bigram_markov,0.6
Baseline: bigram_markov,0.8
Baseline: bigram_markov,0.6666666666666666
Baseline: bigram_markov,0.6666666666666666
Baseline: bigram_markov,0.8333333333333334
Baseline: bigram_markov,0.5714285714285714
Baseline: bigram_markov,0.6666666666666666
Baseline: bigram_markov,0.6
Baseline: bigram_markov,0.5714285714285714
Baseline: bigram_markov,0.8
Baseline: bigram_markov,0.5
Baseline: bigram_markov,0.6666666666666666
Baseline: bigram_markov,0.6
Baseline: bigram_markov,0.6666666666666666
Baseline: bigram_markov,0.6
Baseline: bigram_markov,0.6
Baseline: bigram_markov,0.7142857142857143
Baseline: bigram_markov,0.7
Baseline: bigram_markov,0.5454545454545454
Baseline: bigram_markov,0.6
Baseline: bigram_markov,0.6666666666666666
Baseline: bigram_markov,0.5
Baseline: bigram_markov,0.5833333333333334
Baseline: bigram_markov,0.6666666666666666
Baseline: bigram_markov,0.6666666666666666
Baseline: bigram_markov,0.6
Baseline: bigram_markov,0.7142857142857143
Baseline: bigram_markov,0.5
Baseline: bigram_markov,0.5454545454545454
Baseline: bigram_markov,0.6
Baseline: bigram_markov,0.7142857142857143
Baseline: bigram_markov,0.6
Baseline: bigram_markov,0.8333333333333334
Baseline: bigram_markov,0.6666666666666666
Baseline: bigram_markov,0.6666666666666666
Baseline: bigram_markov,0.5
Baseline: bigram_markov,0.6
Baseline: bigram_markov,0.6
Baseline: bigram_markov,0.7777777777777778
Baseline: bigram_markov,0.6
Baseline: bigram_markov,0.7142857142857143
Baseline: bigram_markov,0.6
Baseline: bigram_markov,0.8333333333333334
Baseline: bigram_markov,0.8
Baseline: bigram_markov,0.6
Baseline: bigram_markov,0.6
Baseline: bigram_markov,0.6
Baseline: bigram_markov,0.8
Baseline: bigram_markov,0.6
Baseline: bigram_markov,0.6363636363636364
Baseline: bigram_markov,0.7142857142857143
Baseline: bigram_markov,0.7
Baseline: bigram_markov,0.8888888888888888
Baseline: bigram_markov,0.8
Baseline: bigram_markov,0.6666666666666666
Baseline: bigram_markov,0.6666666666666666
Baseline: bigram_markov,0.625
Baseline: bigram_markov,0.6666666666666666
Baseline: bigram_markov,0.5
Baseline: bigram_markov,0.6666666666666666
Baseline: bigram_markov,0.6666666666666666
Baseline: bigram_markov,0.6923076923076923
Baseline: bigram_markov,0.6666666666666666
Baseline: bigram_markov,0.5833333333333334
Baseline: bigram_markov,0.75
Baseline: bigram_markov,0.6
Baseline: bigram_markov,0.6666666666666666
Baseline: bigram_markov,0.6666666666666666
Baseline: bigram_markov,0.625
Baseline: bigram_markov,0.6666666666666666
Baseline: bigram_markov,0.6666666666666666
Baseline: bigram_markov,0.6666666666666666
Baseline: bigram_markov,0.5714285714285714
Baseline: bigram_markov,0.8
Baseline: bigram_markov,0.8
Baseline: bigram_markov,0.6
Baseline: bigram_markov,0.8
Baseline: bigram_markov,0.7142857142857143
Baseline: bigram_markov,0.8
Baseline: bigram_markov,0.8
Baseline: bigram_markov,0.625
Baseline: bigram_markov,0.6666666666666666
Baseline: bigram_markov,0.7142857142857143
Baseline: bigram_markov,0.8
Baseline: bigram_markov,0.6666666666666666
Baseline: bigram_markov,0.8
Baseline: bigram_markov,0.6666666666666666
Baseline: bigram_markov,0.8
Baseline: bigram_markov,0.6666666666666666
Baseline: bigram_markov,0.8
Baseline: bigram_markov,0.8888888888888888
Baseline: bigram_markov,0.6
Baseline: bigram_markov,0.625
Baseline: bigram_markov,0.8
Baseline: bigram_markov,1.0
Baseline: bigram_markov,0.5
Baseline: bigram_markov,0.6363636363636364
Baseline: bigram_markov,0.6
Baseline: bigram_markov,0.8
Baseline: bigram_markov,0.6
Baseline: bigram_markov,0.6
Baseline: bigram_markov,0.6666666666666666
Baseline: bigram_markov,0.6
Baseline: bigram_markov,0.6
Baseline: bigram_markov,0.7
Baseline: bigram_markov,0.6
Baseline: bigram_markov,0.6666666666666666
Baseline: bigram_markov,0.5454545454545454
Baseline: bigram_markov,0.6
Baseline: bigram_markov,0.6666666666666666
Baseline: bigram_markov,0.6666666666666666
Baseline: bigram_markov,0.5
Baseline: bigram_markov,0.8333333333333334
Baseline: bigram_markov,0.625
Baseline: bigram_markov,0.8
Baseline: bigram_markov,0.6666666666666666
Baseline: bigram_markov,0.8888888888888888
Baseline: bigram_markov,0.6666666666666666
Baseline: bigram_markov,0.6
Baseline: bigram_markov,0.6
Baseline: bigram_markov,0.625
Baseline: bigram_markov,0.6666666666666666
Baseline: bigram_markov,0.6666666666666666
Baseline: bigram_markov,0.6
Baseline: bigram_markov,0.7272727272727273
Baseline: bigram_markov,0.8333333333333334
Baseline: bigram_markov,0.6
Baseline: bigram_markov,0.8
Baseline: bigram_markov,0.6
Baseline: bigram_markov,0.75
Baseline: bigram_markov,0.6
Baseline: bigram_markov,0.6666666666666666
Baseline: bigram_markov,0.6
Baseline: bigram_markov,0.6666666666666666
Baseline: bigram_markov,0.6
Baseline: bigram_markov,0.625
Baseline: bigram_markov,0.6666666666666666
Baseline: bigram_markov,0.8
Baseline: bigram_markov,0.6666666666666666
Baseline: bigram_markov,0.7777777777777778
Baseline: bigram_markov,0.6666666666666666
Baseline: bigram_markov,0.7272727272727273
Baseline: bigram_markov,0.6666666666666666
Baseline: bigram_markov,0.6666666666666666
Baseline: bigram_markov,0.6666666666666666
Baseline: bigram_markov,0.6666666666666666
Baseline: bigram_markov,0.8
Baseline: bigram_markov,1.0
Baseline: bigram_markov,0.6666666666666666
Baseline: bigram_markov,0.5
Baseline: bigram_markov,0.8333333333333334
Baseline: bigram_markov,0.6
Baseline: bigram_markov,0.6666666666666666
Baseline: bigram_markov,0.8
Baseline: bigram_markov,0.6666666666666666
Baseline: bigram_markov,0.8333333333333334
Baseline: bigram_markov,0.6
Baseline: bigram_markov,0.6666666666666666
Baseline: bigram_markov,0.8
Baseline: bigram_markov,0.5714285714285714
Baseline: bigram_markov,0.6666666666666666
Baseline: bigram_markov,0.6
Baseline: bigram_markov,0.8
Baseline: bigram_markov,0.6666666666666666
Baseline: bigram_markov,0.8
Baseline: bigram_markov,0.6363636363636364
Baseline: bigram_markov,0.6
Baseline: bigram_markov,0.5714285714285714
Baseline: bigram_markov,0.8333333333333334
Baseline: bigram_markov,0.8333333333333334
Baseline: bigram_markov,0.6666666666666666
Baseline: bigram_markov,0.8
Baseline: bigram_markov,0.6666666666666666
Baseline: bigram_markov,0.6
Baseline: bigram_markov,0.5789473684210527
Baseline: bigram_markov,0.6
Baseline: bigram_markov,0.6666666666666666
Baseline: bigram_markov,0.8
Baseline: bigram_markov,0.7142857142857143
Baseline: bigram_markov,0.5333333333333333
Baseline: bigram_markov,0.6666666666666666
Baseline: bigram_markov,0.8333333333333334
Baseline: bigram_markov,0.6666666666666666
Baseline: bigram_markov,0.6
Baseline: bigram_markov,0.6
Baseline: bigram_markov,0.6666666666666666
Baseline: bigram_markov,0.8
Baseline: bigram_markov,0.6
Baseline: bigram_markov,0.6
Baseline: bigram_markov,0.6666666666666666
Baseline: bigram_markov,1.0
Baseline: bigram_markov,0.6
Baseline: bigram_markov,0.6666666666666666
Baseline: bigram_markov,0.6
Baseline: bigram_markov,1.0
Baseline: bigram_markov,0.8
Baseline: bigram_markov,0.6666666666666666
Baseline: bigram_markov,0.8
Baseline: bigram_markov,0.8
Baseline: bigram_markov,0.5
Baseline: bigram_markov,0.8571428571428571
Baseline: bigram_markov,0.625
Baseline: bigram_markov,0.6
Baseline: bigram_markov,0.8333333333333334
Baseline: bigram_markov,1.0
Baseline: bigram_markov,0.8
Baseline: bigram_markov,0.6
Baseline: bigram_markov,0.75
Baseline: bigram_markov,0.5
Baseline: bigram_markov,0.6
Baseline: bigram_markov,0.6666666666666666
Baseline: bigram_markov,0.6666666666666666
Baseline: bigram_markov,0.8
Baseline: bigram_markov,0.6666666666666666
Baseline: bigram_markov,0.5454545454545454
Baseline: bigram_markov,0.8
Baseline: bigram_markov,0.75
Baseline: bigram_markov,0.625
Baseline: bigram_markov,0.6
Baseline: bigram_markov,0.6666666666666666
Baseline: bigram_markov,0.8
Baseline: bigram_markov,0.6
Baseline: bigram_markov,0.6666666666666666
Baseline: bigram_markov,0.6666666666666666
Baseline: bigram_markov,1.0
Baseline: bigram_markov,0.6
Baseline: bigram_markov,0.6
Baseline: bigram_markov,0.6666666666666666
Baseline: bigram_markov,0.6666666666666666
Baseline: bigram_markov,0.6666666666666666
Baseline: bigram_markov,0.8333333333333334
Baseline: bigram_markov,0.8
Baseline: bigram_markov,0.6
Baseline: bigram_markov,0.6666666666666666
Baseline: bigram_markov,0.7142857142857143
Baseline: bigram_markov,0.625
Baseline: bigram_markov,0.6666666666666666
Baseline: bigram_markov,0.6666666666666666
Baseline: bigram_markov,0.8
Baseline: bigram_markov,0.7142857142857143
Baseline: bigram_markov,0.75
Baseline: bigram_markov,0.8571428571428571
Baseline: bigram_markov,0.7142857142857143
Baseline: bigram_markov,0.6
Baseline: bigram_markov,0.8
Baseline: bigram_markov,0.6666666666666666
Baseline: bigram_markov,0.6
Baseline: bigram_markov,0.8333333333333334
Baseline: bigram_markov,0.8
Baseline: bigram_markov,0.6
Baseline: bigram_markov,0.5714285714285714
Baseline: bigram_markov,0.8
Baseline: bigram_markov,0.8
Baseline: bigram_markov,0.6
Baseline: bigram_markov,0.6666666666666666
Baseline: bigram_markov,0.8
Baseline: bigram_markov,0.6363636363636364
Baseline: bigram_markov,0.6
Baseline: bigram_markov,0.8
Baseline: bigram_markov,0.6666666666666666
Baseline: bigram_markov,0.6
Baseline: bigram_markov,0.8333333333333334
Baseline: bigram_markov,0.5
Baseline: bigram_markov,0.6
Baseline: bigram_markov,0.6666666666666666
Baseline: bigram_markov,1.0
Baseline: bigram_markov,0.7777777777777778
Baseline: bigram_markov,0.5833333333333334
Baseline: bigram_markov,0.6
Baseline: bigram_markov,0.7142857142857143
Baseline: bigram_markov,0.6666666666666666
Baseline: bigram_markov,0.5714285714285714
Baseline: bigram_markov,0.8
Baseline: bigram_markov,0.6666666666666666
Baseline: bigram_markov,0.6666666666666666
Baseline: bigram_markov,0.625
Baseline: bigram_markov,0.6666666666666666
Baseline: bigram_markov,0.6
Baseline: bigram_markov,0.8333333333333334
Baseline: bigram_markov,0.5
Baseline: bigram_markov,0.8333333333333334
Baseline: bigram_markov,0.5
Baseline: bigram_markov,0.5833333333333334
Baseline: bigram_markov,0.6666666666666666
Baseline: bigram_markov,0.6
Baseline: bigram_markov,0.6666666666666666
Baseline: bigram_markov,0.8
Baseline: bigram_markov,0.8
Baseline: bigram_markov,0.6666666666666666
Baseline: bigram_markov,0.8
Baseline: bigram_markov,0.8571428571428571
Baseline: bigram_markov,0.7142857142857143
Baseline: bigram_markov,0.6
Baseline: bigram_markov,0.6666666666666666
Baseline: bigram_markov,0.8333333333333334
Baseline: bigram_markov,0.8333333333333334
Baseline: bigram_markov,0.8333333333333334
Baseline: bigram_markov,0.8333333333333334
Baseline: bigram_markov,0.6666666666666666
Baseline: bigram_markov,0.8
Baseline: bigram_markov,0.6
Baseline: bigram_markov,0.6
Baseline: bigram_markov,0.6
Baseline: bigram_markov,0.8
Baseline: bigram_markov,0.7142857142857143
Baseline: bigram_markov,0.6666666666666666
Baseline: bigram_markov,0.6666666666666666
Baseline: bigram_markov,0.6
Baseline: bigram_markov,1.0
Baseline: bigram_markov,0.6
Baseline: bigram_markov,0.6666666666666666
Baseline: bigram_markov,0.6666666666666666
Baseline: bigram_markov,0.8
Baseline: bigram_markov,0.6666666666666666
Baseline: bigram_markov,0.6153846153846154
Baseline: bigram_markov,0.6
Baseline: bigram_markov,0.8
Baseline: bigram_markov,0.6666666666666666
Baseline: bigram_markov,0.8333333333333334
Baseline: bigram_markov,0.6
Baseline: bigram_markov,0.6666666666666666
Baseline: bigram_markov,0.6666666666666666
Baseline: bigram_markov,0.8333333333333334
Baseline: bigram_markov,0.5714285714285714
Baseline: bigram_markov,0.8
Baseline: bigram_markov,0.5
Baseline: bigram_markov,0.8
Baseline: bigram_markov,0.6666666666666666
Baseline: bigram_markov,0.8333333333333334
Baseline: bigram_markov,0.5
Baseline: bigram_markov,0.8333333333333334
Baseline: bigram_markov,0.8
Baseline: bigram_markov,0.6923076923076923
Baseline: bigram_markov,0.8
Baseline: bigram_markov,1.0
Baseline: bigram_markov,0.6
Baseline: bigram_markov,0.6666666666666666
Baseline: bigram_markov,0.6666666666666666
Baseline: bigram_markov,0.8333333333333334
Baseline: bigram_markov,0.6363636363636364
Baseline: bigram_markov,0.6666666666666666
Baseline: bigram_markov,0.8
Baseline: bigram_markov,0.6
Baseline: bigram_markov,1.0
Baseline: bigram_markov,0.8
Baseline: bigram_markov,0.6
Baseline: bigram_markov,0.625
Baseline: bigram_markov,0.8333333333333334
Baseline: bigram_markov,0.5
Baseline: bigram_markov,0.6
Baseline: bigram_markov,0.5
Baseline: bigram_markov,0.8
Baseline: bigram_markov,0.8
Baseline: bigram_markov,0.5
Baseline: bigram_markov,0.8
Baseline: bigram_markov,0.6666666666666666
Baseline: bigram_markov,0.6
Baseline: bigram_markov,0.8571428571428571
Baseline: bigram_markov,0.6666666666666666
Baseline: bigram_markov,0.5714285714285714
Baseline: bigram_markov,0.7142857142857143
Baseline: bigram_markov,0.625
Baseline: bigram_markov,0.6666666666666666
Baseline: bigram_markov,0.6
Baseline: bigram_markov,0.6
Baseline: bigram_markov,0.6666666666666666
Baseline: bigram_markov,0.6666666666666666
Baseline: bigram_markov,0.5555555555555556
Baseline: bigram_markov,0.8
Baseline: bigram_markov,0.6666666666666666
Baseline: bigram_markov,0.6666666666666666
Baseline: bigram_markov,0.5294117647058824
Baseline: bigram_markov,0.6666666666666666
Baseline: bigram_markov,0.8333333333333334
Baseline: bigram_markov,0.8333333333333334
Baseline: bigram_markov,0.8
Baseline: bigram_markov,0.5
Baseline: bigram_markov,0.6666666666666666
Baseline: bigram_markov,0.6
Baseline: bigram_markov,0.6666666666666666
Baseline: bigram_markov,0.6153846153846154
Baseline: bigram_markov,0.6666666666666666
Baseline: bigram_markov,0.8333333333333334
Baseline: bigram_markov,0.6
Baseline: bigram_markov,0.6666666666666666
Baseline: bigram_markov,0.6
Baseline: bigram_markov,0.6666666666666666
Baseline: bigram_markov,0.8333333333333334
Baseline: bigram_markov,0.8
Baseline: bigram_markov,0.6
Baseline: bigram_markov,0.5714285714285714
Baseline: bigram_markov,0.8333333333333334
Baseline: bigram_markov,0.8
Baseline: bigram_markov,0.6666666666666666
Baseline: bigram_markov,0.6
Baseline: bigram_markov,0.8571428571428571
Baseline: bigram_markov,0.8
Baseline: bigram_markov,0.8333333333333334
Baseline: bigram_markov,0.5
Baseline: bigram_markov,0.8333333333333334
Baseline: bigram_markov,0.6666666666666666
Baseline: bigram_markov,0.5
Baseline: bigram_markov,0.8
Baseline: bigram_markov,0.6
Baseline: bigram_markov,0.8571428571428571
Baseline: bigram_markov,0.6666666666666666
Baseline: bigram_markov,0.6
Baseline: bigram_markov,0.8
Baseline: bigram_markov,0.6
Baseline: bigram_markov,0.6666666666666666
Baseline: bigram_markov,0.6666666666666666
Baseline: bigram_markov,0.8
Baseline: bigram_markov,0.625
Baseline: bigram_markov,0.8
Baseline: bigram_markov,0.8
Baseline: bigram_markov,0.6666666666666666
Baseline: bigram_markov,0.75
Baseline: bigram_markov,0.8
Baseline: bigram_markov,0.6666666666666666
Baseline: bigram_markov,0.6666666666666666
Baseline: bigram_markov,0.6
Baseline: bigram_markov,0.6666666666666666
Baseline: bigram_markov,0.6666666666666666
Baseline: bigram_markov,1.0
Baseline: bigram_markov,0.6
Baseline: bigram_markov,0.5555555555555556
Baseline: bigram_markov,0.8
Baseline: bigram_markov,0.7142857142857143
Baseline: bigram_markov,0.75
Baseline: bigram_markov,0.625
Baseline: bigram_markov,0.6666666666666666
Baseline: bigram_markov,0.6
Baseline: bigram_markov,0.8
Baseline: bigram_markov,0.8888888888888888
Baseline: bigram_markov,0.6666666666666666
Baseline: bigram_markov,0.6666666666666666
Baseline: bigram_markov,0.6
Baseline: bigram_markov,0.6
Baseline: bigram_markov,0.6
Baseline: bigram_markov,0.8
Baseline: bigram_markov,0.8
Baseline: bigram_markov,0.6666666666666666
Baseline: bigram_markov,0.8
Baseline: bigram_markov,0.8
Baseline: bigram_markov,0.7142857142857143
Baseline: bigram_markov,0.6666666666666666
Baseline: bigram_markov,0.8333333333333334
Baseline: bigram_markov,0.6
Baseline: bigram_markov,0.625
Baseline: bigram_markov,0.8
Baseline: bigram_markov,0.6363636363636364
Baseline: bigram_markov,0.6363636363636364
Baseline: bigram_markov,0.75
Baseline: bigram_markov,0.8333333333333334
Baseline: bigram_markov,0.8
Baseline: bigram_markov,1.0
Baseline: bigram_markov,0.6
Baseline: bigram_markov,0.75
Baseline: bigram_markov,0.625
Baseline: bigram_markov,0.6666666666666666
Baseline: bigram_markov,0.5555555555555556
Baseline: bigram_markov,0.7142857142857143
Baseline: bigram_markov,0.5
Baseline: bigram_markov,0.8
Baseline: bigram_markov,0.6
Baseline: bigram_markov,0.6666666666666666
Baseline: bigram_markov,0.8
Baseline: bigram_markov,0.6
Baseline: bigram_markov,0.625
Baseline: bigram_markov,0.5
Baseline: bigram_markov,0.7142857142857143
Baseline: bigram_markov,0.5
Baseline: bigram_markov,0.7777777777777778
Baseline: bigram_markov,0.8333333333333334
Baseline: bigram_markov,0.6
Baseline: bigram_markov,0.4444444444444444
Baseline: bigram_markov,0.6
Baseline: bigram_markov,0.8
Baseline: bigram_markov,0.8
Baseline: bigram_markov,0.45454545454545453
Baseline: bigram_markov,0.75
Baseline: bigram_markov,0.8
Baseline: bigram_markov,0.6666666666666666
Baseline: bigram_markov,0.7142857142857143
Baseline: bigram_markov,0.8
Baseline: bigram_markov,0.8
Baseline: bigram_markov,0.6666666666666666
Baseline: bigram_markov,0.8
Baseline: bigram_markov,0.6666666666666666
Baseline: bigram_markov,0.6666666666666666
Baseline: bigram_markov,0.625
Baseline: bigram_markov,0.6666666666666666
Baseline: bigram_markov,0.4166666666666667
Baseline: bigram_markov,0.6666666666666666
Baseline: bigram_markov,0.5833333333333334
Baseline: bigram_markov,0.6
Baseline: bigram_markov,0.8333333333333334
Baseline: bigram_markov,0.6666666666666666
Baseline: bigram_markov,0.6
Baseline: bigram_markov,0.6666666666666666
Baseline: bigram_markov,0.6
Baseline: bigram_markov,0.6666666666666666
Baseline: bigram_markov,0.6666666666666666
Baseline: bigram_markov,0.8
Baseline: bigram_markov,0.8333333333333334
Baseline: bigram_markov,0.6666666666666666
Baseline: bigram_markov,0.6
Baseline: bigram_markov,0.7777777777777778
Baseline: bigram_markov,0.8
Baseline: bigram_markov,0.8571428571428571
Baseline: bigram_markov,0.7
Baseline: bigram_markov,0.5
Baseline: bigram_markov,0.6666666666666666
Baseline: bigram_markov,0.6666666666666666
Baseline: bigram_markov,0.8
Baseline: bigram_markov,0.6
Baseline: bigram_markov,0.5
Baseline: bigram_markov,0.625
Baseline: bigram_markov,0.6666666666666666
Baseline: bigram_markov,0.6
Baseline: bigram_markov,0.6
Baseline: bigram_markov,0.6666666666666666
Baseline: bigram_markov,0.8333333333333334
Baseline: bigram_markov,0.6
Baseline: bigram_markov,0.6666666666666666
Baseline: bigram_markov,0.8
Baseline: bigram_markov,0.5454545454545454
Baseline: bigram_markov,0.6666666666666666
Baseline: bigram_markov,0.6
Baseline: bigram_markov,0.8
Baseline: bigram_markov,0.625
Baseline: bigram_markov,0.8333333333333334
Baseline: bigram_markov,0.6
Baseline: bigram_markov,0.8
Baseline: bigram_markov,0.8333333333333334
Baseline: bigram_markov,0.8
Baseline: bigram_markov,0.625
Baseline: bigram_markov,0.6666666666666666
Baseline: bigram_markov,0.8
Baseline: bigram_markov,0.8
Baseline: bigram_markov,0.8
Baseline: bigram_markov,0.6
Baseline: bigram_markov,0.8
Baseline: bigram_markov,0.8
Baseline: bigram_markov,0.8
Baseline: bigram_markov,0.5
Baseline: bigram_markov,0.625
Baseline: bigram_markov,0.6666666666666666
Baseline: bigram_markov,0.6
Baseline: bigram_markov,0.6666666666666666
Baseline: bigram_markov,0.6
Baseline: bigram_markov,0.8333333333333334
Baseline: bigram_markov,0.6
Baseline: bigram_markov,0.6
Baseline: bigram_markov,0.8333333333333334
Baseline: bigram_markov,0.7142857142857143
Baseline: bigram_markov,0.8333333333333334
Baseline: bigram_markov,0.6
Baseline: bigram_markov,0.42857142857142855
Baseline: bigram_markov,0.6
Baseline: bigram_markov,0.5
Baseline: bigram_markov,0.6
Baseline: bigram_markov,0.6
Baseline: bigram_markov,0.6
Baseline: bigram_markov,0.6
Baseline: bigram_markov,0.7142857142857143
Baseline: bigram_markov,0.6666666666666666
Baseline: bigram_markov,0.8571428571428571
Baseline: bigram_markov,0.8
Baseline: bigram_markov,0.6666666666666666
Baseline: bigram_markov,0.6
Baseline: bigram_markov,0.6
Baseline: bigram_markov,0.6666666666666666
Baseline: bigram_markov,0.6666666666666666
Baseline: bigram_markov,0.6
Baseline: bigram_markov,0.6
Baseline: bigram_markov,0.6666666666666666
Baseline: bigram_markov,0.5
Baseline: bigram_markov,0.6666666666666666
Baseline: bigram_markov,0.6666666666666666
Baseline: bigram_markov,0.625
Baseline: bigram_markov,0.6666666666666666
Baseline: bigram_markov,0.8333333333333334
Baseline: bigram_markov,0.5
Baseline: bigram_markov,0.6666666666666666
Baseline: bigram_markov,0.6
Baseline: bigram_markov,0.5
Baseline: bigram_markov,0.8333333333333334
Baseline: bigram_markov,0.6
Baseline: bigram_markov,0.8
Baseline: bigram_markov,0.7142857142857143
Baseline: bigram_markov,0.8
Baseline: bigram_markov,0.5
Baseline: bigram_markov,0.8333333333333334
Baseline: bigram_markov,0.6
Baseline: bigram_markov,0.8888888888888888
Baseline: bigram_markov,0.8
Baseline: bigram_markov,0.8
Baseline: bigram_markov,0.625
Baseline: bigram_markov,0.8
Baseline: bigram_markov,0.6666666666666666
Baseline: bigram_markov,0.6666666666666666
Baseline: bigram_markov,0.6
Baseline: bigram_markov,0.6666666666666666
Baseline: bigram_markov,0.6
Baseline: bigram_markov,0.8
Baseline: bigram_markov,0.8571428571428571
Baseline: bigram_markov,0.8
Baseline: bigram_markov,0.8
Baseline: bigram_markov,0.6666666666666666
Baseline: bigram_markov,0.8333333333333334
Baseline: bigram_markov,0.8
Baseline: bigram_markov,0.5714285714285714
Baseline: bigram_markov,0.6
Baseline: bigram_markov,0.8333333333333334
Baseline: bigram_markov,0.8
Baseline: bigram_markov,0.6666666666666666
Baseline: bigram_markov,0.6
Baseline: bigram_markov,0.5
Baseline: bigram_markov,0.7777777777777778
Baseline: bigram_markov,0.6666666666666666
Baseline: bigram_markov,0.7142857142857143
Baseline: bigram_markov,0.7142857142857143
Baseline: bigram_markov,0.8
Baseline: bigram_markov,0.6
Baseline: bigram_markov,0.625
Baseline: bigram_markov,0.75
Baseline: bigram_markov,0.8333333333333334
Baseline: bigram_markov,0.8
Baseline: bigram_markov,0.5
Baseline: bigram_markov,0.6
Baseline: bigram_markov,0.6666666666666666
Baseline: bigram_markov,0.6666666666666666
Baseline: bigram_markov,0.8333333333333334
Baseline: bigram_markov,0.6
Baseline: bigram_markov,0.6
Baseline: bigram_markov,0.6666666666666666
Baseline: bigram_markov,0.7142857142857143
Baseline: bigram_markov,0.6666666666666666
Baseline: bigram_markov,0.5
Baseline: bigram_markov,0.8
Baseline: bigram_markov,1.0
Baseline: bigram_markov,0.6153846153846154
Baseline: bigram_markov,0.6
Baseline: bigram_markov,0.6666666666666666
Baseline: bigram_markov,0.5
Baseline: bigram_markov,0.8333333333333334
Baseline: bigram_markov,0.7
Baseline: bigram_markov,0.8571428571428571
Baseline: bigram_markov,0.6
Baseline: bigram_markov,0.6
Baseline: bigram_markov,0.6666666666666666
Baseline: bigram_markov,0.8333333333333334
Baseline: bigram_markov,0.6666666666666666
Baseline: bigram_markov,0.8333333333333334
Baseline: bigram_markov,0.6
Baseline: bigram_markov,0.6666666666666666
Baseline: bigram_markov,0.8
Baseline: bigram_markov,0.6
Baseline: bigram_markov,0.8
Baseline: bigram_markov,0.8
Baseline: bigram_markov,0.6
Baseline: bigram_markov,0.6
Baseline: bigram_markov,0.6
Baseline: bigram_markov,0.8
Baseline: bigram_markov,0.8888888888888888
Baseline: bigram_markov,0.8
Baseline: bigram_markov,0.6
Baseline: bigram_markov,1.0
Baseline: bigram_markov,0.8
Baseline: bigram_markov,1.0
Baseline: bigram_markov,0.6153846153846154
Baseline: bigram_markov,0.8
Baseline: bigram_markov,0.8333333333333334
Baseline: bigram_markov,0.8
Baseline: bigram_markov,1.0
Baseline: bigram_markov,0.6666666666666666
Baseline: bigram_markov,0.6666666666666666
Baseline: bigram_markov,1.0
Baseline: bigram_markov,0.8333333333333334
Baseline: bigram_markov,0.8
Baseline: bigram_markov,0.6
Baseline: bigram_markov,0.6153846153846154
Baseline: bigram_markov,0.6
Baseline: bigram_markov,0.6
Baseline: bigram_markov,0.6
Baseline: bigram_markov,0.8333333333333334
Baseline: bigram_markov,0.7272727272727273
Baseline: bigram_markov,0.8333333333333334
Baseline: bigram_markov,0.6
Baseline: bigram_markov,0.5
Baseline: bigram_markov,0.8
Baseline: bigram_markov,0.7777777777777778
Baseline: bigram_markov,0.7777777777777778
Baseline: bigram_markov,0.8
Baseline: bigram_markov,0.625
Baseline: bigram_markov,0.5
Baseline: bigram_markov,0.8888888888888888
Baseline: bigram_markov,0.7142857142857143
Baseline: bigram_markov,0.8
Baseline: bigram_markov,0.8
Baseline: bigram_markov,0.8571428571428571
Baseline: bigram_markov,0.75
Baseline: bigram_markov,0.8333333333333334
Baseline: bigram_markov,0.8
Baseline: bigram_markov,0.6
Baseline: bigram_markov,0.6666666666666666
Baseline: bigram_markov,0.6666666666666666
Baseline: bigram_markov,0.8333333333333334
Baseline: bigram_markov,0.7
Baseline: bigram_markov,0.625
Baseline: bigram_markov,0.5
Baseline: bigram_markov,0.6
Baseline: bigram_markov,0.6666666666666666
Baseline: bigram_markov,0.5
Baseline: bigram_markov,0.6666666666666666
Baseline: bigram_markov,0.5
Baseline: bigram_markov,0.6666666666666666
Baseline: bigram_markov,0.6666666666666666
Baseline: bigram_markov,0.6666666666666666
Baseline: bigram_markov,0.625
Baseline: bigram_markov,0.6
Baseline: bigram_markov,0.6
Baseline: bigram_markov,0.6666666666666666
Baseline: bigram_markov,0.8
Baseline: bigram_markov,0.6
Baseline: bigram_markov,0.6
Baseline: bigram_markov,0.7142857142857143
Baseline: bigram_markov,0.6
Baseline: bigram_markov,0.8
Baseline: bigram_markov,0.6666666666666666
Baseline: bigram_markov,0.8
Baseline: bigram_markov,0.75
Baseline: bigram_markov,0.6666666666666666
Baseline: bigram_markov,0.8
Baseline: bigram_markov,0.8
Baseline: bigram_markov,0.8
Baseline: bigram_markov,0.6666666666666666
Baseline: bigram_markov,0.6
Baseline: bigram_markov,0.5
Baseline: bigram_markov,0.6
Baseline: bigram_markov,0.6
Baseline: bigram_markov,0.8
Baseline: bigram_markov,0.6666666666666666
Baseline: bigram_markov,0.6
Baseline: bigram_markov,0.6
Baseline: bigram_markov,0.6363636363636364
Baseline: bigram_markov,0.8571428571428571
Baseline: bigram_markov,0.7142857142857143
Baseline: bigram_markov,0.6666666666666666
Baseline: bigram_markov,0.6666666666666666
Baseline: bigram_markov,0.6666666666666666
Baseline: bigram_markov,0.8333333333333334
Baseline: bigram_markov,0.8
Baseline: bigram_markov,0.5833333333333334
Baseline: bigram_markov,0.8
Baseline: bigram_markov,0.6666666666666666
Baseline: bigram_markov,0.8
Baseline: bigram_markov,0.75
Baseline: bigram_markov,0.8
Baseline: bigram_markov,0.6666666666666666
Baseline: bigram_markov,0.6
Baseline: bigram_markov,0.6666666666666666
Baseline: bigram_markov,0.7
Baseline: bigram_markov,0.6666666666666666
Baseline: bigram_markov,0.8571428571428571
Baseline: bigram_markov,0.8333333333333334
Baseline: bigram_markov,0.46153846153846156
Baseline: bigram_markov,0.8
Baseline: bigram_markov,0.6666666666666666
Baseline: bigram_markov,0.8333333333333334
Baseline: bigram_markov,0.7142857142857143
Baseline: bigram_markov,0.6
Baseline: bigram_markov,0.6
Baseline: bigram_markov,0.6666666666666666
Baseline: bigram_markov,0.6
Baseline: bigram_markov,0.6666666666666666
Baseline: bigram_markov,0.8333333333333334
Baseline: bigram_markov,0.6666666666666666
Baseline: bigram_markov,0.625
Baseline: bigram_markov,0.5
Baseline: bigram_markov,0.8333333333333334
Baseline: bigram_markov,0.6666666666666666
Baseline: bigram_markov,0.625
Baseline: bigram_markov,0.6
Baseline: bigram_markov,0.6
Baseline: bigram_markov,0.8333333333333334
Baseline: bigram_markov,0.6666666666666666
Baseline: bigram_markov,0.8333333333333334
Baseline: bigram_markov,0.5714285714285714
Baseline: bigram_markov,0.8
Baseline: bigram_markov,0.6666666666666666
Baseline: bigram_markov,0.6
Baseline: bigram_markov,0.7142857142857143
Baseline: bigram_markov,0.7142857142857143
Baseline: bigram_markov,0.6
Baseline: bigram_markov,0.8333333333333334
Baseline: bigram_markov,0.6666666666666666
Baseline: bigram_markov,0.6
Baseline: bigram_markov,0.8333333333333334
Baseline: bigram_markov,0.6
Baseline: bigram_markov,0.8333333333333334
Baseline: bigram_markov,0.5714285714285714
Baseline: bigram_markov,0.6666666666666666
Baseline: bigram_markov,0.6
Baseline: bigram_markov,0.6666666666666666
Baseline: bigram_markov,0.625
Baseline: bigram_markov,0.6666666666666666
Baseline: bigram_markov,0.8333333333333334
Baseline: bigram_markov,0.5714285714285714
Baseline: bigram_markov,0.6
Baseline: bigram_markov,0.6666666666666666
Baseline: bigram_markov,0.6
Baseline: bigram_markov,0.8
Baseline: bigram_markov,0.8
Baseline: bigram_markov,0.6666666666666666
Baseline: bigram_markov,0.5384615384615384
Baseline: bigram_markov,0.6363636363636364
Baseline: bigram_markov,0.5
Baseline: bigram_markov,0.6666666666666666
Baseline: bigram_markov,0.8
Baseline: bigram_markov,0.6
Baseline: bigram_markov,0.8
Baseline: bigram_markov,0.625
Baseline: bigram_markov,0.7142857142857143
Baseline: bigram_markov,0.75
Baseline: bigram_markov,0.6
Baseline: bigram_markov,0.8
Baseline: bigram_markov,0.8
Baseline: bigram_markov,0.6
Baseline: bigram_markov,0.7142857142857143
Baseline: bigram_markov,0.8
Baseline: bigram_markov,0.8
Baseline: bigram_markov,0.6
Baseline: bigram_markov,0.6666666666666666
Baseline: bigram_markov,0.6666666666666666
Baseline: bigram_markov,0.8
Baseline: bigram_markov,0.7142857142857143
Baseline: bigram_markov,0.6666666666666666
Baseline: bigram_markov,0.8
Baseline: bigram_markov,0.6666666666666666
Baseline: bigram_markov,0.6
Baseline: bigram_markov,0.8
Baseline: bigram_markov,0.5
Baseline: bigram_markov,0.5
Baseline: bigram_markov,0.6666666666666666
Baseline: bigram_markov,0.8
Baseline: bigram_markov,0.8
Baseline: bigram_markov,0.6
Baseline: bigram_markov,0.6
Baseline: bigram_markov,0.6
Baseline: bigram_markov,0.6666666666666666
Baseline: bigram_markov,0.6666666666666666
Baseline: bigram_markov,0.6428571428571429
Baseline: bigram_markov,0.46153846153846156
Baseline: bigram_markov,0.6666666666666666
Baseline: bigram_markov,0.8571428571428571
Baseline: bigram_markov,0.6666666666666666
Baseline: bigram_markov,0.7777777777777778
Baseline: bigram_markov,0.8
Baseline: bigram_markov,0.7272727272727273
Baseline: bigram_markov,0.6666666666666666
Baseline: bigram_markov,0.6
Baseline: bigram_markov,0.6666666666666666
Baseline: bigram_markov,0.6
Baseline: bigram_markov,0.6
Baseline: bigram_markov,0.5384615384615384
Baseline: bigram_markov,0.6363636363636364
Baseline: bigram_markov,0.6666666666666666
Baseline: bigram_markov,0.6
Baseline: bigram_markov,0.7142857142857143
Baseline: bigram_markov,0.8
Baseline: bigram_markov,0.6
Baseline: bigram_markov,0.5
Baseline: bigram_markov,0.6
Baseline: bigram_markov,0.8
Baseline: bigram_markov,0.6
Baseline: bigram_markov,0.5
Baseline: bigram_markov,0.6
Baseline: bigram_markov,0.8
Baseline: bigram_markov,0.8
Baseline: bigram_markov,0.7777777777777778
Baseline: bigram_markov,0.8
Baseline: bigram_markov,0.875
Baseline: bigram_markov,0.7142857142857143
Baseline: bigram_markov,0.7142857142857143
Baseline: bigram_markov,0.6666666666666666
Baseline: bigram_markov,0.8
Baseline: bigram_markov,0.8
Baseline: bigram_markov,0.6153846153846154
Baseline: bigram_markov,0.6
Baseline: bigram_markov,0.6666666666666666
Baseline: bigram_markov,0.6
Baseline: bigram_markov,0.6666666666666666
Baseline: bigram_markov,0.6
Baseline: bigram_markov,0.8
Baseline: bigram_markov,0.8
Baseline: bigram_markov,0.5
Baseline: bigram_markov,0.6666666666666666
Baseline: bigram_markov,0.6666666666666666
Baseline: bigram_markov,0.8
Baseline: bigram_markov,0.8333333333333334
Baseline: bigram_markov,0.7142857142857143
Baseline: bigram_markov,0.6666666666666666
Baseline: bigram_markov,0.8
Baseline: bigram_markov,0.6666666666666666
Baseline: bigram_markov,0.8333333333333334
Baseline: bigram_markov,0.8
Baseline: bigram_markov,0.6666666666666666
Baseline: bigram_markov,0.6666666666666666
Baseline: bigram_markov,0.8
Baseline: bigram_markov,0.5714285714285714
Baseline: bigram_markov,0.8
Baseline: bigram_markov,0.7777777777777778
Baseline: bigram_markov,0.8
Baseline: bigram_markov,0.8333333333333334
Baseline: bigram_markov,0.8
Baseline: bigram_markov,0.5384615384615384
Baseline: bigram_markov,0.8571428571428571
Baseline: bigram_markov,0.875
Baseline: bigram_markov,0.6666666666666666
Baseline: bigram_markov,0.6363636363636364
Baseline: bigram_markov,0.8571428571428571
Baseline: bigram_markov,0.6
Baseline: bigram_markov,0.6666666666666666
Baseline: bigram_markov,0.8571428571428571
Baseline: bigram_markov,0.8
Baseline: bigram_markov,0.5384615384615384
Baseline: bigram_markov,0.6
Baseline: bigram_markov,0.5
Baseline: bigram_markov,0.6666666666666666
Baseline: bigram_markov,0.7142857142857143
Baseline: bigram_markov,0.6666666666666666
Baseline: bigram_markov,0.625
Baseline: bigram_markov,0.6
Baseline: bigram_markov,0.5333333333333333
Baseline: bigram_markov,0.6666666666666666
Baseline: bigram_markov,0.6
Baseline: bigram_markov,0.6666666666666666
Baseline: bigram_markov,0.6666666666666666
Baseline: bigram_markov,0.8
Baseline: bigram_markov,0.6
Baseline: bigram_markov,0.6666666666666666
Baseline: bigram_markov,0.6
Baseline: bigram_markov,0.8333333333333334
Baseline: bigram_markov,0.8
Baseline: bigram_markov,0.6666666666666666
Baseline: bigram_markov,0.8
Baseline: bigram_markov,0.6666666666666666
Baseline: bigram_markov,0.5
Baseline: bigram_markov,0.6666666666666666
Baseline: bigram_markov,0.8
Baseline: bigram_markov,0.7142857142857143
Baseline: bigram_markov,0.6
Baseline: bigram_markov,0.46153846153846156
Baseline: bigram_markov,0.6
Baseline: bigram_markov,0.6
Baseline: bigram_markov,0.7142857142857143
Baseline: bigram_markov,0.6
Baseline: bigram_markov,0.6
Baseline: bigram_markov,0.6666666666666666
Baseline: bigram_markov,0.7142857142857143
Baseline: bigram_markov,0.8
Baseline: bigram_markov,0.6
Baseline: bigram_markov,0.8
Baseline: bigram_markov,0.6
Baseline: bigram_markov,0.5555555555555556
Baseline: bigram_markov,0.5
Baseline: bigram_markov,0.6
Baseline: bigram_markov,0.6666666666666666
Baseline: bigram_markov,0.6363636363636364
Baseline: bigram_markov,0.7142857142857143
Baseline: bigram_markov,0.7142857142857143
Baseline: bigram_markov,0.6666666666666666
Baseline: bigram_markov,0.6666666666666666
Baseline: bigram_markov,0.5
Baseline: bigram_markov,0.7
Baseline: bigram_markov,0.7777777777777778
Baseline: bigram_markov,0.6
Baseline: bigram_markov,0.6666666666666666
Baseline: bigram_markov,0.6
Baseline: bigram_markov,0.6666666666666666
Baseline: bigram_markov,0.6
Baseline: bigram_markov,0.5714285714285714
Baseline: bigram_markov,0.8
Baseline: bigram_markov,0.6
Baseline: bigram_markov,0.6
Baseline: bigram_markov,0.5
Baseline: bigram_markov,0.6666666666666666
Baseline: bigram_markov,0.6666666666666666
Baseline: bigram_markov,0.5
Baseline: bigram_markov,0.6666666666666666
Baseline: bigram_markov,0.5714285714285714
Baseline: bigram_markov,0.8
Baseline: bigram_markov,0.6666666666666666
Baseline: bigram_markov,0.6666666666666666
Baseline: bigram_markov,0.6666666666666666
Baseline: bigram_markov,0.8
Baseline: bigram_markov,0.6
Baseline: bigram_markov,0.6
Baseline: bigram_markov,0.6
Baseline: bigram_markov,0.6
Baseline: bigram_markov,0.5454545454545454
Baseline: bigram_markov,0.6666666666666666
Baseline: bigram_markov,0.6
Baseline: bigram_markov,0.6666666666666666
Baseline: bigram_markov,0.8
Baseline: bigram_markov,0.6666666666666666
Baseline: bigram_markov,0.6666666666666666
Baseline: bigram_markov,0.8
Baseline: bigram_markov,0.6666666666666666
Baseline: bigram_markov,0.6666666666666666
Baseline: bigram_markov,0.6
Baseline: bigram_markov,0.6666666666666666
Baseline: bigram_markov,0.8333333333333334
Baseline: bigram_markov,0.6
Baseline: bigram_markov,0.7142857142857143
Baseline: bigram_markov,0.6666666666666666
Baseline: bigram_markov,0.6
Baseline: bigram_markov,1.0
Baseline: bigram_markov,0.6
Baseline: bigram_markov,0.6666666666666666
Baseline: bigram_markov,0.8333333333333334
Baseline: bigram_markov,0.8
Baseline: bigram_markov,0.6666666666666666
Baseline: bigram_markov,0.6666666666666666
Baseline: bigram_markov,0.6
Baseline: bigram_markov,0.6666666666666666
Baseline: bigram_markov,0.6
Baseline: bigram_markov,0.6
Baseline: bigram_markov,0.5833333333333334
Baseline: bigram_markov,0.6666666666666666
Baseline: bigram_markov,0.8333333333333334
Baseline: bigram_markov,0.6
Baseline: bigram_markov,0.6
Baseline: bigram_markov,0.6666666666666666
Baseline: bigram_markov,0.8
Baseline: bigram_markov,1.0
Baseline: bigram_markov,0.75
Baseline: bigram_markov,0.8
Baseline: bigram_markov,0.8571428571428571
Baseline: bigram_markov,0.8
Baseline: bigram_markov,0.8333333333333334
Baseline: bigram_markov,0.8
Baseline: bigram_markov,0.6666666666666666
Baseline: bigram_markov,0.6
Baseline: bigram_markov,0.6666666666666666
Baseline: bigram_markov,0.6666666666666666
Baseline: bigram_markov,0.6
Baseline: bigram_markov,0.5555555555555556
Baseline: bigram_markov,0.6666666666666666
Baseline: bigram_markov,0.6
Baseline: bigram_markov,1.0
Baseline: bigram_markov,0.5384615384615384
Baseline: bigram_markov,0.8
Baseline: bigram_markov,0.625
Baseline: bigram_markov,0.7142857142857143
Baseline: bigram_markov,0.6666666666666666
Baseline: bigram_markov,0.8333333333333334
Baseline: bigram_markov,0.6666666666666666
Baseline: bigram_markov,0.6
Baseline: bigram_markov,0.5
Baseline: bigram_markov,0.6666666666666666
Baseline: bigram_markov,0.8333333333333334
Baseline: bigram_markov,0.8
Baseline: bigram_markov,0.6666666666666666
Baseline: bigram_markov,0.6363636363636364
Baseline: bigram_markov,0.8333333333333334
Baseline: bigram_markov,0.6
Baseline: bigram_markov,0.6
Baseline: bigram_markov,0.6
Baseline: bigram_markov,0.8333333333333334
Baseline: bigram_markov,0.8
Baseline: bigram_markov,0.6
Baseline: bigram_markov,0.6666666666666666
Baseline: bigram_markov,0.6
Baseline: bigram_markov,0.6666666666666666
Baseline: bigram_markov,0.5555555555555556
Baseline: bigram_markov,0.5
Baseline: bigram_markov,0.8333333333333334
Baseline: bigram_markov,0.6666666666666666
Baseline: bigram_markov,0.75
Baseline: bigram_markov,0.75
Baseline: bigram_markov,0.6666666666666666
Baseline: bigram_markov,0.8
Baseline: bigram_markov,0.7142857142857143
Baseline: bigram_markov,0.5
Baseline: bigram_markov,0.8
Baseline: bigram_markov,0.8333333333333334
Baseline: bigram_markov,0.6666666666666666
Baseline: bigram_markov,0.7142857142857143
Baseline: bigram_markov,0.8333333333333334
Baseline: bigram_markov,1.0
Baseline: bigram_markov,0.8
Baseline: bigram_markov,0.6666666666666666
Baseline: bigram_markov,0.6666666666666666
Baseline: bigram_markov,0.6666666666666666
Baseline: bigram_markov,0.6666666666666666
Baseline: bigram_markov,0.8
Baseline: bigram_markov,0.8571428571428571
Baseline: bigram_markov,0.5
Baseline: bigram_markov,0.5555555555555556
Baseline: bigram_markov,0.8333333333333334
Baseline: bigram_markov,0.6
Baseline: bigram_markov,0.8
Baseline: bigram_markov,0.8333333333333334
Baseline: bigram_markov,0.6666666666666666
Baseline: bigram_markov,0.5
Baseline: bigram_markov,0.6666666666666666
Baseline: bigram_markov,0.8333333333333334
Baseline: bigram_markov,0.6666666666666666
Baseline: bigram_markov,0.7142857142857143
Baseline: bigram_markov,0.6
Baseline: bigram_markov,0.8
Baseline: bigram_markov,0.8333333333333334
Baseline: bigram_markov,0.6
Baseline: bigram_markov,0.6666666666666666
Baseline: bigram_markov,0.8
Baseline: bigram_markov,0.6
Baseline: bigram_markov,0.7142857142857143
Baseline: bigram_markov,0.7142857142857143
Baseline: bigram_markov,0.6666666666666666
Baseline: bigram_markov,0.6
Baseline: bigram_markov,0.6666666666666666
Baseline: bigram_markov,0.7142857142857143
Baseline: bigram_markov,0.8333333333333334
Baseline: bigram_markov,0.5555555555555556
Baseline: bigram_markov,0.6666666666666666
Baseline: bigram_markov,0.7272727272727273
Baseline: bigram_markov,0.8
Baseline: bigram_markov,0.46153846153846156
Baseline: bigram_markov,0.6666666666666666
Baseline: bigram_markov,0.6666666666666666
Baseline: bigram_markov,0.6666666666666666
Baseline: bigram_markov,0.6
Baseline: bigram_markov,0.6
Baseline: bigram_markov,0.6
Baseline: bigram_markov,0.7142857142857143
Baseline: bigram_markov,0.8
Baseline: bigram_markov,0.8
Baseline: bigram_markov,0.7142857142857143
Baseline: bigram_markov,0.8571428571428571
Baseline: bigram_markov,0.6
Baseline: bigram_markov,0.7142857142857143
Baseline: bigram_markov,0.625
Baseline: bigram_markov,0.8
Baseline: bigram_markov,0.8
Baseline: bigram_markov,0.6
Baseline: bigram_markov,0.5
Baseline: bigram_markov,0.6
Baseline: bigram_markov,0.7142857142857143
Baseline: bigram_markov,0.6
Baseline: bigram_markov,0.5
Baseline: bigram_markov,0.6666666666666666
Baseline: bigram_markov,0.5384615384615384
Baseline: bigram_markov,0.8333333333333334
Baseline: bigram_markov,0.8
Baseline: bigram_markov,0.8333333333333334
Baseline: bigram_markov,0.6
Baseline: bigram_markov,0.6875
Baseline: bigram_markov,0.6666666666666666
Baseline: bigram_markov,0.5
Baseline: bigram_markov,0.5555555555555556
Baseline: bigram_markov,0.6666666666666666
Baseline: bigram_markov,0.4444444444444444
Baseline: bigram_markov,0.5
Baseline: bigram_markov,0.6666666666666666
Baseline: bigram_markov,0.8
Baseline: bigram_markov,0.7142857142857143
Baseline: bigram_markov,0.8
Baseline: bigram_markov,0.6
Baseline: bigram_markov,0.5
Baseline: bigram_markov,0.5833333333333334
Baseline: bigram_markov,0.6666666666666666
Baseline: bigram_markov,0.6
Baseline: bigram_markov,0.8571428571428571
Baseline: bigram_markov,0.7142857142857143
Baseline: bigram_markov,0.7142857142857143
Baseline: bigram_markov,0.6666666666666666
Baseline: bigram_markov,0.5555555555555556
Baseline: bigram_markov,0.6666666666666666
Baseline: bigram_markov,0.8
Baseline: bigram_markov,0.6666666666666666
Baseline: bigram_markov,0.8
Baseline: bigram_markov,0.75
Baseline: bigram_markov,0.6
Baseline: bigram_markov,0.8333333333333334
Baseline: bigram_markov,0.8
Baseline: bigram_markov,0.6
Baseline: bigram_markov,0.6
Baseline: bigram_markov,0.8333333333333334
Baseline: bigram_markov,0.5
Baseline: bigram_markov,0.8
Baseline: bigram_markov,0.6666666666666666
Baseline: bigram_markov,0.625
Baseline: bigram_markov,0.6666666666666666
Baseline: bigram_markov,0.7777777777777778
Baseline: bigram_markov,0.6666666666666666
Baseline: bigram_markov,0.6666666666666666
Baseline: bigram_markov,0.8333333333333334
Baseline: bigram_markov,0.8
Baseline: bigram_markov,0.6666666666666666
Baseline: bigram_markov,0.6666666666666666
Baseline: bigram_markov,0.6
Baseline: bigram_markov,0.6666666666666666
Baseline: bigram_markov,0.5
Baseline: bigram_markov,0.6666666666666666
Baseline: bigram_markov,0.7142857142857143
Baseline: bigram_markov,0.6
Baseline: bigram_markov,0.8
Baseline: bigram_markov,0.6
Baseline: bigram_markov,0.6
Baseline: bigram_markov,0.6
Baseline: bigram_markov,0.7142857142857143
Baseline: bigram_markov,0.7142857142857143
Baseline: bigram_markov,0.8
Baseline: bigram_markov,0.75
Baseline: bigram_markov,0.6666666666666666
Baseline: bigram_markov,0.6
Baseline: bigram_markov,0.5714285714285714
Baseline: bigram_markov,0.625
Baseline: bigram_markov,0.6
Baseline: bigram_markov,0.5714285714285714
Baseline: bigram_markov,0.6153846153846154
Baseline: bigram_markov,0.6666666666666666
Baseline: bigram_markov,0.6666666666666666
Baseline: bigram_markov,0.45454545454545453
Baseline: bigram_markov,0.7777777777777778
Baseline: bigram_markov,0.8333333333333334
Baseline: bigram_markov,0.625
Baseline: bigram_markov,0.6666666666666666
Baseline: bigram_markov,0.6666666666666666
Baseline: bigram_markov,0.6666666666666666
Baseline: bigram_markov,0.5
Baseline: bigram_markov,0.46153846153846156
Baseline: bigram_markov,0.8
Baseline: bigram_markov,0.5714285714285714
Baseline: bigram_markov,1.0
Baseline: bigram_markov,0.6666666666666666
Baseline: bigram_markov,0.6
Baseline: bigram_markov,0.6666666666666666
Baseline: bigram_markov,0.6666666666666666
Baseline: bigram_markov,0.8333333333333334
Baseline: bigram_markov,0.7142857142857143
Baseline: bigram_markov,0.6666666666666666
Baseline: bigram_markov,0.875
Baseline: bigram_markov,0.5555555555555556
Baseline: bigram_markov,0.6666666666666666
Baseline: bigram_markov,0.7777777777777778
Baseline: bigram_markov,0.5714285714285714
Baseline: bigram_markov,0.6
Baseline: bigram_markov,0.6
Baseline: bigram_markov,0.8333333333333334
Baseline: bigram_markov,0.8333333333333334
Baseline: bigram_markov,0.6666666666666666
Baseline: bigram_markov,0.5714285714285714
Baseline: bigram_markov,0.8
Baseline: bigram_markov,0.6
Baseline: bigram_markov,0.625
Baseline: bigram_markov,0.6
Baseline: bigram_markov,0.8571428571428571
Baseline: bigram_markov,0.6
Baseline: bigram_markov,0.6
Baseline: bigram_markov,0.5555555555555556
Baseline: bigram_markov,0.6666666666666666
Baseline: bigram_markov,0.6
Baseline: bigram_markov,0.5
Baseline: bigram_markov,0.6666666666666666
Baseline: bigram_markov,0.5
Baseline: bigram_markov,0.75
Baseline: bigram_markov,0.5
Baseline: bigram_markov,0.6
Baseline: bigram_markov,0.6
Baseline: bigram_markov,0.8
Baseline: bigram_markov,0.75
Baseline: bigram_markov,0.8
Baseline: bigram_markov,0.8
Baseline: bigram_markov,0.6
Baseline: bigram_markov,0.6666666666666666
Baseline: bigram_markov,0.8571428571428571
Baseline: bigram_markov,0.6
Baseline: bigram_markov,0.6666666666666666
Baseline: bigram_markov,0.6666666666666666
Baseline: bigram_markov,0.6666666666666666
Baseline: bigram_markov,0.6666666666666666
Baseline: bigram_markov,0.8333333333333334
Baseline: bigram_markov,0.6
Baseline: bigram_markov,0.5454545454545454
Baseline: bigram_markov,0.8
Baseline: bigram_markov,0.6666666666666666
Baseline: bigram_markov,0.8
Baseline: bigram_markov,0.6
Baseline: bigram_markov,0.6666666666666666
Baseline: bigram_markov,0.8
Baseline: bigram_markov,0.6666666666666666
Baseline: bigram_markov,0.5833333333333334
Baseline: bigram_markov,0.8
Baseline: bigram_markov,0.6
Baseline: bigram_markov,0.6666666666666666
Baseline: bigram_markov,0.6666666666666666
Baseline: bigram_markov,0.6
Baseline: bigram_markov,0.625
Baseline: bigram_markov,0.7142857142857143
Baseline: bigram_markov,0.7142857142857143
Baseline: bigram_markov,0.8
Baseline: bigram_markov,0.8
Baseline: bigram_markov,0.6666666666666666
Baseline: bigram_markov,0.8
Baseline: bigram_markov,0.5
Baseline: bigram_markov,0.5
Baseline: bigram_markov,0.8
Baseline: bigram_markov,0.7777777777777778
Baseline: bigram_markov,0.6153846153846154
Baseline: bigram_markov,0.7
Baseline: bigram_markov,0.6
Baseline: bigram_markov,0.6
Baseline: bigram_markov,0.8
Baseline: bigram_markov,0.5
Baseline: bigram_markov,0.625
"Generated (GRU, T=0.8)",0.7692307692307693
"Generated (GRU, T=0.8)",0.78125
"Generated (GRU, T=0.8)",0.6363636363636364
"Generated (GRU, T=0.8)",0.6666666666666666
"Generated (GRU, T=0.8)",0.8333333333333334
"Generated (GRU, T=0.8)",0.9090909090909091
"Generated (GRU, T=0.8)",0.9411764705882353
"Generated (GRU, T=0.8)",0.7857142857142857
"Generated (GRU, T=0.8)",1.0
"Generated (GRU, T=0.8)",0.75
"Generated (GRU, T=0.8)",0.9333333333333333
"Generated (GRU, T=0.8)",0.6
"Generated (GRU, T=0.8)",0.8
"Generated (GRU, T=0.8)",0.8333333333333334
"Generated (GRU, T=0.8)",0.8888888888888888
"Generated (GRU, T=0.8)",0.6666666666666666
"Generated (GRU, T=0.8)",0.8
"Generated (GRU, T=0.8)",0.7692307692307693
"Generated (GRU, T=0.8)",0.8333333333333334
"Generated (GRU, T=0.8)",0.6666666666666666
"Generated (GRU, T=0.8)",0.7142857142857143
"Generated (GRU, T=0.8)",1.0
"Generated (GRU, T=0.8)",1.0
"Generated (GRU, T=0.8)",0.9444444444444444
"Generated (GRU, T=0.8)",0.9375
"Generated (GRU, T=0.8)",0.8181818181818182
"Generated (GRU, T=0.8)",1.0
"Generated (GRU, T=0.8)",1.0
"Generated (GRU, T=0.8)",0.6666666666666666
"Generated (GRU, T=0.8)",0.6
"Generated (GRU, T=0.8)",1.0
"Generated (GRU, T=0.8)",1.0
"Generated (GRU, T=0.8)",1.0
"Generated (GRU, T=0.8)",0.7777777777777778
"Generated (GRU, T=0.8)",0.6
"Generated (GRU, T=0.8)",1.0
"Generated (GRU, T=0.8)",1.0
"Generated (GRU, T=0.8)",1.0
"Generated (GRU, T=0.8)",0.7647058823529411
"Generated (GRU, T=0.8)",1.0
"Generated (GRU, T=0.8)",0.9411764705882353
"Generated (GRU, T=0.8)",1.0
"Generated (GRU, T=0.8)",1.0
"Generated (GRU, T=0.8)",1.0
"Generated (GRU, T=0.8)",1.0
"Generated (GRU, T=0.8)",1.0
"Generated (GRU, T=0.8)",0.8333333333333334
"Generated (GRU, T=0.8)",0.9090909090909091
"Generated (GRU, T=0.8)",1.0
"Generated (GRU, T=0.8)",0.8
"Generated (GRU, T=0.8)",0.7692307692307693
"Generated (GRU, T=0.8)",1.0
"Generated (GRU, T=0.8)",0.6666666666666666
"Generated (GRU, T=0.8)",0.9230769230769231
"Generated (GRU, T=0.8)",0.7142857142857143
"Generated (GRU, T=0.8)",1.0
"Generated (GRU, T=0.8)",0.875
"Generated (GRU, T=0.8)",0.9230769230769231
"Generated (GRU, T=0.8)",1.0
"Generated (GRU, T=0.8)",0.7727272727272727
"Generated (GRU, T=0.8)",1.0
"Generated (GRU, T=0.8)",1.0
"Generated (GRU, T=0.8)",0.8333333333333334
"Generated (GRU, T=0.8)",1.0
"Generated (GRU, T=0.8)",0.75
"Generated (GRU, T=0.8)",1.0
"Generated (GRU, T=0.8)",0.875
"Generated (GRU, T=0.8)",0.8333333333333334
"Generated (GRU, T=0.8)",0.8181818181818182
"Generated (GRU, T=0.8)",0.90625
"Generated (GRU, T=0.8)",0.7
"Generated (GRU, T=0.8)",0.7142857142857143
"Generated (GRU, T=0.8)",1.0
"Generated (GRU, T=0.8)",1.0
"Generated (GRU, T=0.8)",1.0
"Generated (GRU, T=0.8)",1.0
"Generated (GRU, T=0.8)",0.8
"Generated (GRU, T=0.8)",0.8333333333333334
"Generated (GRU, T=0.8)",0.6
"Generated (GRU, T=0.8)",1.0
"Generated (GRU, T=0.8)",0.8
"Generated (GRU, T=0.8)",1.0
"Generated (GRU, T=0.8)",1.0
"Generated (GRU, T=0.8)",0.8095238095238095
"Generated (GRU, T=0.8)",0.6
"Generated (GRU, T=0.8)",0.6666666666666666
"Generated (GRU, T=0.8)",0.7777777777777778
"Generated (GRU, T=0.8)",0.6666666666666666
"Generated (GRU, T=0.8)",0.9696969696969697
"Generated (GRU, T=0.8)",1.0
"Generated (GRU, T=0.8)",1.0
"Generated (GRU, T=0.8)",1.0
"Generated (GRU, T=0.8)",1.0
"Generated (GRU, T=0.8)",1.0
"Generated (GRU, T=0.8)",0.9166666666666666
"Generated (GRU, T=0.8)",0.7142857142857143
"Generated (GRU, T=0.8)",0.6666666666666666
"Generated (GRU, T=0.8)",0.8
"Generated (GRU, T=0.8)",0.6666666666666666
"Generated (GRU, T=0.8)",1.0
"Generated (GRU, T=0.8)",0.8
"Generated (GRU, T=0.8)",0.6923076923076923
"Generated (GRU, T=0.8)",0.7
"Generated (GRU, T=0.8)",0.7142857142857143
"Generated (GRU, T=0.8)",0.8888888888888888
"Generated (GRU, T=0.8)",0.6666666666666666
"Generated (GRU, T=0.8)",0.9583333333333334
"Generated (GRU, T=0.8)",1.0
"Generated (GRU, T=0.8)",0.8
"Generated (GRU, T=0.8)",1.0
"Generated (GRU, T=0.8)",0.5
"Generated (GRU, T=0.8)",0.7692307692307693
"Generated (GRU, T=0.8)",0.8571428571428571
"Generated (GRU, T=0.8)",1.0
"Generated (GRU, T=0.8)",0.7777777777777778
"Generated (GRU, T=0.8)",0.6
"Generated (GRU, T=0.8)",1.0
"Generated (GRU, T=0.8)",0.8
"Generated (GRU, T=0.8)",0.6
"Generated (GRU, T=0.8)",0.6666666666666666
"Generated (GRU, T=0.8)",0.6
"Generated (GRU, T=0.8)",0.8333333333333334
"Generated (GRU, T=0.8)",0.8888888888888888
"Generated (GRU, T=0.8)",0.7142857142857143
"Generated (GRU, T=0.8)",0.6666666666666666
"Generated (GRU, T=0.8)",0.6
"Generated (GRU, T=0.8)",1.0
"Generated (GRU, T=0.8)",0.75
"Generated (GRU, T=0.8)",1.0
"Generated (GRU, T=0.8)",1.0
"Generated (GRU, T=0.8)",1.0
"Generated (GRU, T=0.8)",1.0
"Generated (GRU, T=0.8)",0.6
"Generated (GRU, T=0.8)",1.0
"Generated (GRU, T=0.8)",1.0
"Generated (GRU, T=0.8)",1.0
"Generated (GRU, T=0.8)",0.7
"Generated (GRU, T=0.8)",1.0
"Generated (GRU, T=0.8)",1.0
"Generated (GRU, T=0.8)",0.8333333333333334
"Generated (GRU, T=0.8)",1.0
"Generated (GRU, T=0.8)",1.0
"Generated (GRU, T=0.8)",1.0
"Generated (GRU, T=0.8)",1.0
"Generated (GRU, T=0.8)",0.7142857142857143
"Generated (GRU, T=0.8)",1.0
"Generated (GRU, T=0.8)",0.95
"Generated (GRU, T=0.8)",0.6666666666666666
"Generated (GRU, T=0.8)",1.0
"Generated (GRU, T=0.8)",1.0
"Generated (GRU, T=0.8)",0.8
"Generated (GRU, T=0.8)",0.9
"Generated (GRU, T=0.8)",0.7894736842105263
"Generated (GRU, T=0.8)",0.8
"Generated (GRU, T=0.8)",0.9
"Generated (GRU, T=0.8)",0.8571428571428571
"Generated (GRU, T=0.8)",1.0
"Generated (GRU, T=0.8)",0.9
"Generated (GRU, T=0.8)",1.0
"Generated (GRU, T=0.8)",0.6
"Generated (GRU, T=0.8)",0.9333333333333333
"Generated (GRU, T=0.8)",0.6666666666666666
"Generated (GRU, T=0.8)",0.6
"Generated (GRU, T=0.8)",0.8
"Generated (GRU, T=0.8)",0.7142857142857143
"Generated (GRU, T=0.8)",0.75
"Generated (GRU, T=0.8)",0.75
"Generated (GRU, T=0.8)",0.6666666666666666
"Generated (GRU, T=0.8)",0.8
"Generated (GRU, T=0.8)",0.9
"Generated (GRU, T=0.8)",0.9230769230769231
"Generated (GRU, T=0.8)",0.8333333333333334
"Generated (GRU, T=0.8)",1.0
"Generated (GRU, T=0.8)",1.0
"Generated (GRU, T=0.8)",0.9047619047619048
"Generated (GRU, T=0.8)",0.8
"Generated (GRU, T=0.8)",1.0
"Generated (GRU, T=0.8)",0.9090909090909091
"Generated (GRU, T=0.8)",0.7857142857142857
"Generated (GRU, T=0.8)",0.7142857142857143
"Generated (GRU, T=0.8)",0.8181818181818182
"Generated (GRU, T=0.8)",0.8157894736842105
"Generated (GRU, T=0.8)",1.0
"Generated (GRU, T=0.8)",1.0
"Generated (GRU, T=0.8)",1.0
"Generated (GRU, T=0.8)",1.0
"Generated (GRU, T=0.8)",0.8571428571428571
"Generated (GRU, T=0.8)",1.0
"Generated (GRU, T=0.8)",0.8888888888888888
"Generated (GRU, T=0.8)",0.7
"Generated (GRU, T=0.8)",0.6
"Generated (GRU, T=0.8)",0.8
"Generated (GRU, T=0.8)",0.7142857142857143
"Generated (GRU, T=0.8)",1.0
"Generated (GRU, T=0.8)",1.0
"Generated (GRU, T=0.8)",0.8333333333333334
"Generated (GRU, T=0.8)",0.6666666666666666
"Generated (GRU, T=0.8)",1.0
"Generated (GRU, T=0.8)",1.0
"Generated (GRU, T=0.8)",0.95
"Generated (GRU, T=0.8)",0.9166666666666666
"Generated (GRU, T=0.8)",0.6
"Generated (GRU, T=0.8)",0.8
"Generated (GRU, T=0.8)",0.8
"Generated (GRU, T=0.8)",0.7857142857142857
"Generated (GRU, T=0.8)",0.8888888888888888
"Generated (GRU, T=0.8)",1.0
"Generated (GRU, T=0.8)",0.6666666666666666
"Generated (GRU, T=0.8)",1.0
"Generated (GRU, T=0.8)",0.9473684210526315
"Generated (GRU, T=0.8)",0.9166666666666666
"Generated (GRU, T=0.8)",0.8888888888888888
"Generated (GRU, T=0.8)",0.6666666666666666
"Generated (GRU, T=0.8)",0.9310344827586207
"Generated (GRU, T=0.8)",1.0
"Generated (GRU, T=0.8)",1.0
"Generated (GRU, T=0.8)",0.9333333333333333
"Generated (GRU, T=0.8)",0.6666666666666666
"Generated (GRU, T=0.8)",1.0
"Generated (GRU, T=0.8)",0.9
"Generated (GRU, T=0.8)",0.8181818181818182
"Generated (GRU, T=0.8)",1.0
"Generated (GRU, T=0.8)",0.9166666666666666
"Generated (GRU, T=0.8)",0.75
"Generated (GRU, T=0.8)",0.8333333333333334
"Generated (GRU, T=0.8)",1.0
"Generated (GRU, T=0.8)",1.0
"Generated (GRU, T=0.8)",0.9523809523809523
"Generated (GRU, T=0.8)",0.8
"Generated (GRU, T=0.8)",1.0
"Generated (GRU, T=0.8)",0.5882352941176471
"Generated (GRU, T=0.8)",0.7142857142857143
"Generated (GRU, T=0.8)",1.0
"Generated (GRU, T=0.8)",0.7777777777777778
"Generated (GRU, T=0.8)",0.8888888888888888
"Generated (GRU, T=0.8)",1.0
"Generated (GRU, T=0.8)",1.0
"Generated (GRU, T=0.8)",0.84375
"Generated (GRU, T=0.8)",0.7142857142857143
"Generated (GRU, T=0.8)",1.0
"Generated (GRU, T=0.8)",1.0
"Generated (GRU, T=0.8)",1.0
"Generated (GRU, T=0.8)",0.6666666666666666
"Generated (GRU, T=0.8)",0.8571428571428571
"Generated (GRU, T=0.8)",0.875
"Generated (GRU, T=0.8)",0.7
"Generated (GRU, T=0.8)",0.9166666666666666
"Generated (GRU, T=0.8)",0.7692307692307693
"Generated (GRU, T=0.8)",0.8
"Generated (GRU, T=0.8)",0.5
"Generated (GRU, T=0.8)",1.0
"Generated (GRU, T=0.8)",1.0
"Generated (GRU, T=0.8)",0.6666666666666666
"Generated (GRU, T=0.8)",0.9473684210526315
"Generated (GRU, T=0.8)",0.782608695652174
"Generated (GRU, T=0.8)",0.9545454545454546
"Generated (GRU, T=0.8)",0.8
"Generated (GRU, T=0.8)",0.8
"Generated (GRU, T=0.8)",0.75
"Generated (GRU, T=0.8)",1.0
"Generated (GRU, T=0.8)",0.9583333333333334
"Generated (GRU, T=0.8)",1.0
"Generated (GRU, T=0.8)",1.0
"Generated (GRU, T=0.8)",1.0
"Generated (GRU, T=0.8)",1.0
"Generated (GRU, T=0.8)",1.0
"Generated (GRU, T=0.8)",0.6666666666666666
"Generated (GRU, T=0.8)",0.8333333333333334
"Generated (GRU, T=0.8)",0.8571428571428571
"Generated (GRU, T=0.8)",0.7142857142857143
"Generated (GRU, T=0.8)",0.6666666666666666
"Generated (GRU, T=0.8)",0.7142857142857143
"Generated (GRU, T=0.8)",0.9473684210526315
"Generated (GRU, T=0.8)",0.8333333333333334
"Generated (GRU, T=0.8)",0.6363636363636364
"Generated (GRU, T=0.8)",0.6
"Generated (GRU, T=0.8)",0.8461538461538461
"Generated (GRU, T=0.8)",0.7307692307692307
"Generated (GRU, T=0.8)",0.8888888888888888
"Generated (GRU, T=0.8)",1.0
"Generated (GRU, T=0.8)",0.9473684210526315
"Generated (GRU, T=0.8)",1.0
"Generated (GRU, T=0.8)",0.8333333333333334
"Generated (GRU, T=0.8)",1.0
"Generated (GRU, T=0.8)",1.0
"Generated (GRU, T=0.8)",1.0
"Generated (GRU, T=0.8)",0.7
"Generated (GRU, T=0.8)",1.0
"Generated (GRU, T=0.8)",0.8333333333333334
"Generated (GRU, T=0.8)",0.8
"Generated (GRU, T=0.8)",0.9
"Generated (GRU, T=0.8)",0.6666666666666666
"Generated (GRU, T=0.8)",1.0
"Generated (GRU, T=0.8)",0.8
"Generated (GRU, T=0.8)",0.9333333333333333
"Generated (GRU, T=0.8)",0.6666666666666666
"Generated (GRU, T=0.8)",0.7142857142857143
"Generated (GRU, T=0.8)",0.6956521739130435
"Generated (GRU, T=0.8)",0.78125
"Generated (GRU, T=0.8)",1.0
"Generated (GRU, T=0.8)",1.0
"Generated (GRU, T=0.8)",0.7272727272727273
"Generated (GRU, T=0.8)",0.9743589743589743
"Generated (GRU, T=0.8)",0.8333333333333334
"Generated (GRU, T=0.8)",0.6666666666666666
"Generated (GRU, T=0.8)",0.6666666666666666
"Generated (GRU, T=0.8)",0.75
"Generated (GRU, T=0.8)",1.0
"Generated (GRU, T=0.8)",1.0
"Generated (GRU, T=0.8)",0.6666666666666666
"Generated (GRU, T=0.8)",0.8
"Generated (GRU, T=0.8)",0.8
"Generated (GRU, T=0.8)",1.0
"Generated (GRU, T=0.8)",1.0
"Generated (GRU, T=0.8)",0.6666666666666666
"Generated (GRU, T=0.8)",0.875
"Generated (GRU, T=0.8)",0.8
"Generated (GRU, T=0.8)",1.0
"Generated (GRU, T=0.8)",0.8333333333333334
"Generated (GRU, T=0.8)",1.0
"Generated (GRU, T=0.8)",0.6666666666666666
"Generated (GRU, T=0.8)",1.0
"Generated (GRU, T=0.8)",1.0
"Generated (GRU, T=0.8)",1.0
"Generated (GRU, T=0.8)",0.9285714285714286
"Generated (GRU, T=0.8)",0.9047619047619048
"Generated (GRU, T=0.8)",0.9285714285714286
"Generated (GRU, T=0.8)",1.0
"Generated (GRU, T=0.8)",0.8333333333333334
"Generated (GRU, T=0.8)",0.8888888888888888
"Generated (GRU, T=0.8)",0.8
"Generated (GRU, T=0.8)",1.0
"Generated (GRU, T=0.8)",1.0
"Generated (GRU, T=0.8)",0.9285714285714286
"Generated (GRU, T=0.8)",1.0
"Generated (GRU, T=0.8)",0.6
"Generated (GRU, T=0.8)",0.8571428571428571
"Generated (GRU, T=0.8)",0.6666666666666666
"Generated (GRU, T=0.8)",0.6666666666666666
"Generated (GRU, T=0.8)",0.625
"Generated (GRU, T=0.8)",0.8
"Generated (GRU, T=0.8)",0.8
"Generated (GRU, T=0.8)",0.7142857142857143
"Generated (GRU, T=0.8)",0.7777777777777778
"Generated (GRU, T=0.8)",0.8
"Generated (GRU, T=0.8)",0.8260869565217391
"Generated (GRU, T=0.8)",1.0
"Generated (GRU, T=0.8)",1.0
"Generated (GRU, T=0.8)",0.7272727272727273
"Generated (GRU, T=0.8)",1.0
"Generated (GRU, T=0.8)",1.0
"Generated (GRU, T=0.8)",0.7777777777777778
"Generated (GRU, T=0.8)",0.8333333333333334
"Generated (GRU, T=0.8)",0.8
"Generated (GRU, T=0.8)",0.6944444444444444
"Generated (GRU, T=0.8)",1.0
"Generated (GRU, T=0.8)",0.8333333333333334
"Generated (GRU, T=0.8)",1.0
"Generated (GRU, T=0.8)",0.8333333333333334
"Generated (GRU, T=0.8)",0.75
"Generated (GRU, T=0.8)",0.8
"Generated (GRU, T=0.8)",1.0
"Generated (GRU, T=0.8)",0.9285714285714286
"Generated (GRU, T=0.8)",0.8181818181818182
"Generated (GRU, T=0.8)",1.0
"Generated (GRU, T=0.8)",1.0
"Generated (GRU, T=0.8)",1.0
"Generated (GRU, T=0.8)",0.8571428571428571
"Generated (GRU, T=0.8)",0.75
"Generated (GRU, T=0.8)",1.0
"Generated (GRU, T=0.8)",1.0
"Generated (GRU, T=0.8)",1.0
"Generated (GRU, T=0.8)",0.8
"Generated (GRU, T=0.8)",0.7777777777777778
"Generated (GRU, T=0.8)",0.8571428571428571
"Generated (GRU, T=0.8)",1.0
"Generated (GRU, T=0.8)",0.8666666666666667
"Generated (GRU, T=0.8)",1.0
"Generated (GRU, T=0.8)",0.6666666666666666
"Generated (GRU, T=0.8)",0.8
"Generated (GRU, T=0.8)",0.8333333333333334
"Generated (GRU, T=0.8)",1.0
"Generated (GRU, T=0.8)",0.9090909090909091
"Generated (GRU, T=0.8)",0.6923076923076923
"Generated (GRU, T=0.8)",1.0
"Generated (GRU, T=0.8)",0.8461538461538461
"Generated (GRU, T=0.8)",0.875
"Generated (GRU, T=0.8)",0.7272727272727273
"Generated (GRU, T=0.8)",1.0
"Generated (GRU, T=0.8)",1.0
"Generated (GRU, T=0.8)",0.925
"Generated (GRU, T=0.8)",1.0
"Generated (GRU, T=0.8)",0.6153846153846154
"Generated (GRU, T=0.8)",0.8333333333333334
"Generated (GRU, T=0.8)",0.7
"Generated (GRU, T=0.8)",0.7777777777777778
"Generated (GRU, T=0.8)",0.9285714285714286
"Generated (GRU, T=0.8)",0.8571428571428571
"Generated (GRU, T=0.8)",0.9772727272727273
"Generated (GRU, T=0.8)",0.6666666666666666
"Generated (GRU, T=0.8)",0.6
"Generated (GRU, T=0.8)",0.9473684210526315
"Generated (GRU, T=0.8)",0.6666666666666666
"Generated (GRU, T=0.8)",1.0
"Generated (GRU, T=0.8)",0.8
"Generated (GRU, T=0.8)",1.0
"Generated (GRU, T=0.8)",1.0
"Generated (GRU, T=0.8)",1.0
"Generated (GRU, T=0.8)",1.0
"Generated (GRU, T=0.8)",0.6
"Generated (GRU, T=0.8)",0.6
"Generated (GRU, T=0.8)",0.9
"Generated (GRU, T=0.8)",0.6666666666666666
"Generated (GRU, T=0.8)",0.8333333333333334
"Generated (GRU, T=0.8)",0.8333333333333334
"Generated (GRU, T=0.8)",0.7857142857142857
"Generated (GRU, T=0.8)",1.0
"Generated (GRU, T=0.8)",0.7777777777777778
"Generated (GRU, T=0.8)",0.6666666666666666
"Generated (GRU, T=0.8)",0.6
"Generated (GRU, T=0.8)",1.0
"Generated (GRU, T=0.8)",1.0
"Generated (GRU, T=0.8)",1.0
"Generated (GRU, T=0.8)",1.0
"Generated (GRU, T=0.8)",1.0
"Generated (GRU, T=0.8)",1.0
"Generated (GRU, T=0.8)",1.0
"Generated (GRU, T=0.8)",0.8461538461538461
"Generated (GRU, T=0.8)",0.7777777777777778
"Generated (GRU, T=0.8)",1.0
"Generated (GRU, T=0.8)",1.0
"Generated (GRU, T=0.8)",1.0
"Generated (GRU, T=0.8)",1.0
"Generated (GRU, T=0.8)",1.0
"Generated (GRU, T=0.8)",0.8333333333333334
"Generated (GRU, T=0.8)",0.6
"Generated (GRU, T=0.8)",1.0
"Generated (GRU, T=0.8)",1.0
"Generated (GRU, T=0.8)",0.6666666666666666
"Generated (GRU, T=0.8)",0.8888888888888888
"Generated (GRU, T=0.8)",0.7777777777777778
"Generated (GRU, T=0.8)",0.8
"Generated (GRU, T=0.8)",1.0
"Generated (GRU, T=0.8)",0.8
"Generated (GRU, T=0.8)",1.0
"Generated (GRU, T=0.8)",0.75
"Generated (GRU, T=0.8)",1.0
"Generated (GRU, T=0.8)",0.9411764705882353
"Generated (GRU, T=0.8)",0.6923076923076923
"Generated (GRU, T=0.8)",0.8
"Generated (GRU, T=0.8)",0.5714285714285714
"Generated (GRU, T=0.8)",0.6
"Generated (GRU, T=0.8)",0.9666666666666667
"Generated (GRU, T=0.8)",0.7
"Generated (GRU, T=0.8)",0.6
"Generated (GRU, T=0.8)",1.0
"Generated (GRU, T=0.8)",0.6666666666666666
"Generated (GRU, T=0.8)",0.9285714285714286
"Generated (GRU, T=0.8)",0.7272727272727273
"Generated (GRU, T=0.8)",1.0
"Generated (GRU, T=0.8)",1.0
"Generated (GRU, T=0.8)",0.8571428571428571
"Generated (GRU, T=0.8)",0.6666666666666666
"Generated (GRU, T=0.8)",0.8
"Generated (GRU, T=0.8)",1.0
"Generated (GRU, T=0.8)",0.8
"Generated (GRU, T=0.8)",0.8
"Generated (GRU, T=0.8)",0.6666666666666666
"Generated (GRU, T=0.8)",1.0
"Generated (GRU, T=0.8)",1.0
"Generated (GRU, T=0.8)",1.0
"Generated (GRU, T=0.8)",0.6666666666666666
"Generated (GRU, T=0.8)",0.8235294117647058
"Generated (GRU, T=0.8)",0.95
"Generated (GRU, T=0.8)",1.0
"Generated (GRU, T=0.8)",1.0
"Generated (GRU, T=0.8)",0.8333333333333334
"Generated (GRU, T=0.8)",0.8
"Generated (GRU, T=0.8)",0.8
"Generated (GRU, T=0.8)",1.0
"Generated (GRU, T=0.8)",0.6666666666666666
"Generated (GRU, T=0.8)",0.8125
"Generated (GRU, T=0.8)",0.75
"Generated (GRU, T=0.8)",0.7777777777777778
"Generated (GRU, T=0.8)",1.0
"Generated (GRU, T=0.8)",1.0
"Generated (GRU, T=0.8)",0.8181818181818182
"Generated (GRU, T=0.8)",1.0
"Generated (GRU, T=0.8)",1.0
"Generated (GRU, T=0.8)",0.8333333333333334
"Generated (GRU, T=0.8)",1.0
"Generated (GRU, T=0.8)",1.0
"Generated (GRU, T=0.8)",1.0
"Generated (GRU, T=0.8)",1.0
"Generated (GRU, T=0.8)",0.6
"Generated (GRU, T=0.8)",0.75
"Generated (GRU, T=0.8)",0.9473684210526315
"Generated (GRU, T=0.8)",0.9310344827586207
"Generated (GRU, T=0.8)",0.8
"Generated (GRU, T=0.8)",0.8571428571428571
"Generated (GRU, T=0.8)",0.9
"Generated (GRU, T=0.8)",0.8
"Generated (GRU, T=0.8)",1.0
"Generated (GRU, T=0.8)",0.8461538461538461
"Generated (GRU, T=0.8)",0.8666666666666667
"Generated (GRU, T=0.8)",0.8
"Generated (GRU, T=0.8)",0.8571428571428571
"Generated (GRU, T=0.8)",1.0
"Generated (GRU, T=0.8)",1.0
"Generated (GRU, T=0.8)",0.625
"Generated (GRU, T=0.8)",0.5384615384615384
"Generated (GRU, T=0.8)",0.6
"Generated (GRU, T=0.8)",1.0
"Generated (GRU, T=0.8)",0.9696969696969697
"Generated (GRU, T=0.8)",0.8333333333333334
"Generated (GRU, T=0.8)",0.8
"Generated (GRU, T=0.8)",0.625
"Generated (GRU, T=0.8)",1.0
"Generated (GRU, T=0.8)",1.0
"Generated (GRU, T=0.8)",0.8333333333333334
"Generated (GRU, T=0.8)",0.6
"Generated (GRU, T=0.8)",0.875
"Generated (GRU, T=0.8)",0.6666666666666666
"Generated (GRU, T=0.8)",0.9090909090909091
"Generated (GRU, T=0.8)",0.78125
"Generated (GRU, T=0.8)",0.85
"Generated (GRU, T=0.8)",1.0
"Generated (GRU, T=0.8)",0.84375
"Generated (GRU, T=0.8)",0.6666666666666666
"Generated (GRU, T=0.8)",0.8
"Generated (GRU, T=0.8)",0.6666666666666666
"Generated (GRU, T=0.8)",0.7142857142857143
"Generated (GRU, T=0.8)",0.9
"Generated (GRU, T=0.8)",1.0
"Generated (GRU, T=0.8)",1.0
"Generated (GRU, T=0.8)",0.8
"Generated (GRU, T=0.8)",1.0
"Generated (GRU, T=0.8)",0.9230769230769231
"Generated (GRU, T=0.8)",0.7142857142857143
"Generated (GRU, T=0.8)",1.0
"Generated (GRU, T=0.8)",1.0
"Generated (GRU, T=0.8)",0.8
"Generated (GRU, T=0.8)",1.0
"Generated (GRU, T=0.8)",1.0
"Generated (GRU, T=0.8)",0.7894736842105263
"Generated (GRU, T=0.8)",1.0
"Generated (GRU, T=0.8)",0.6
"Generated (GRU, T=0.8)",1.0
"Generated (GRU, T=0.8)",0.6153846153846154
"Generated (GRU, T=0.8)",0.5833333333333334
"Generated (GRU, T=0.8)",1.0
"Generated (GRU, T=0.8)",1.0
"Generated (GRU, T=0.8)",1.0
"Generated (GRU, T=0.8)",0.8
"Generated (GRU, T=0.8)",1.0
"Generated (GRU, T=0.8)",1.0
"Generated (GRU, T=0.8)",1.0
"Generated (GRU, T=0.8)",0.7777777777777778
"Generated (GRU, T=0.8)",0.8
"Generated (GRU, T=0.8)",0.8461538461538461
"Generated (GRU, T=0.8)",0.95
"Generated (GRU, T=0.8)",0.8571428571428571
"Generated (GRU, T=0.8)",0.7272727272727273
"Generated (GRU, T=0.8)",0.8
"Generated (GRU, T=0.8)",0.7142857142857143
"Generated (GRU, T=0.8)",0.6
"Generated (GRU, T=0.8)",1.0
"Generated (GRU, T=0.8)",0.90625
"Generated (GRU, T=0.8)",1.0
"Generated (GRU, T=0.8)",0.8571428571428571
"Generated (GRU, T=0.8)",0.6666666666666666
"Generated (GRU, T=0.8)",0.95
"Generated (GRU, T=0.8)",0.6
"Generated (GRU, T=0.8)",0.8
"Generated (GRU, T=0.8)",0.8
"Generated (GRU, T=0.8)",1.0
"Generated (GRU, T=0.8)",0.8
"Generated (GRU, T=0.8)",0.8333333333333334
"Generated (GRU, T=0.8)",0.9166666666666666
"Generated (GRU, T=0.8)",0.7272727272727273
"Generated (GRU, T=0.8)",0.625
"Generated (GRU, T=0.8)",0.8333333333333334
"Generated (GRU, T=0.8)",0.8333333333333334
"Generated (GRU, T=0.8)",1.0
"Generated (GRU, T=0.8)",1.0
"Generated (GRU, T=0.8)",0.75
"Generated (GRU, T=0.8)",1.0
"Generated (GRU, T=0.8)",1.0
"Generated (GRU, T=0.8)",1.0
"Generated (GRU, T=0.8)",1.0
"Generated (GRU, T=0.8)",0.5833333333333334
"Generated (GRU, T=0.8)",0.8
"Generated (GRU, T=0.8)",0.6666666666666666
"Generated (GRU, T=0.8)",0.7741935483870968
"Generated (GRU, T=0.8)",0.6923076923076923
"Generated (GRU, T=0.8)",1.0
"Generated (GRU, T=0.8)",1.0
"Generated (GRU, T=0.8)",0.8571428571428571
"Generated (GRU, T=0.8)",0.6
"Generated (GRU, T=0.8)",0.6428571428571429
"Generated (GRU, T=0.8)",0.7142857142857143
"Generated (GRU, T=0.8)",0.95
"Generated (GRU, T=0.8)",0.625
"Generated (GRU, T=0.8)",0.6666666666666666
"Generated (GRU, T=0.8)",0.7272727272727273
"Generated (GRU, T=0.8)",0.8333333333333334
"Generated (GRU, T=0.8)",0.8260869565217391
"Generated (GRU, T=0.8)",0.9411764705882353
"Generated (GRU, T=0.8)",0.8333333333333334
"Generated (GRU, T=0.8)",0.8333333333333334
"Generated (GRU, T=0.8)",0.8333333333333334
"Generated (GRU, T=0.8)",1.0
"Generated (GRU, T=0.8)",0.7142857142857143
"Generated (GRU, T=0.8)",0.7142857142857143
"Generated (GRU, T=0.8)",0.8333333333333334
"Generated (GRU, T=0.8)",0.8055555555555556
"Generated (GRU, T=0.8)",0.75
"Generated (GRU, T=0.8)",0.6
"Generated (GRU, T=0.8)",0.6363636363636364
"Generated (GRU, T=0.8)",0.8333333333333334
"Generated (GRU, T=0.8)",1.0
"Generated (GRU, T=0.8)",1.0
"Generated (GRU, T=0.8)",1.0
"Generated (GRU, T=0.8)",1.0
"Generated (GRU, T=0.8)",0.8
"Generated (GRU, T=0.8)",0.8
"Generated (GRU, T=0.8)",0.9166666666666666
"Generated (GRU, T=0.8)",1.0
"Generated (GRU, T=0.8)",0.96
"Generated (GRU, T=0.8)",0.8
"Generated (GRU, T=0.8)",0.6666666666666666
"Generated (GRU, T=0.8)",0.8461538461538461
"Generated (GRU, T=0.8)",0.8409090909090909
"Generated (GRU, T=0.8)",0.8
"Generated (GRU, T=0.8)",1.0
"Generated (GRU, T=0.8)",1.0
"Generated (GRU, T=0.8)",0.9090909090909091
"Generated (GRU, T=0.8)",0.875
"Generated (GRU, T=0.8)",1.0
"Generated (GRU, T=0.8)",1.0
"Generated (GRU, T=0.8)",0.45454545454545453
"Generated (GRU, T=0.8)",0.8
"Generated (GRU, T=0.8)",1.0
"Generated (GRU, T=0.8)",0.6666666666666666
"Generated (GRU, T=0.8)",0.7142857142857143
"Generated (GRU, T=0.8)",0.6666666666666666
"Generated (GRU, T=0.8)",1.0
"Generated (GRU, T=0.8)",0.6666666666666666
"Generated (GRU, T=0.8)",1.0
"Generated (GRU, T=0.8)",1.0
"Generated (GRU, T=0.8)",0.8947368421052632
"Generated (GRU, T=0.8)",0.6666666666666666
"Generated (GRU, T=0.8)",0.7586206896551724
"Generated (GRU, T=0.8)",0.696969696969697
"Generated (GRU, T=0.8)",0.8
"Generated (GRU, T=0.8)",1.0
"Generated (GRU, T=0.8)",0.8
"Generated (GRU, T=0.8)",0.9782608695652174
"Generated (GRU, T=0.8)",0.6666666666666666
"Generated (GRU, T=0.8)",0.6
"Generated (GRU, T=0.8)",0.8333333333333334
"Generated (GRU, T=0.8)",0.8461538461538461
"Generated (GRU, T=0.8)",0.6
"Generated (GRU, T=0.8)",0.8
"Generated (GRU, T=0.8)",0.6
"Generated (GRU, T=0.8)",0.7142857142857143
"Generated (GRU, T=0.8)",1.0
"Generated (GRU, T=0.8)",1.0
"Generated (GRU, T=0.8)",1.0
"Generated (GRU, T=0.8)",0.6
"Generated (GRU, T=0.8)",0.967741935483871
"Generated (GRU, T=0.8)",0.8
"Generated (GRU, T=0.8)",0.75
"Generated (GRU, T=0.8)",0.5
"Generated (GRU, T=0.8)",0.7777777777777778
"Generated (GRU, T=0.8)",0.8
"Generated (GRU, T=0.8)",1.0
"Generated (GRU, T=0.8)",0.6153846153846154
"Generated (GRU, T=0.8)",0.9615384615384616
"Generated (GRU, T=0.8)",0.6
"Generated (GRU, T=0.8)",0.8
"Generated (GRU, T=0.8)",1.0
"Generated (GRU, T=0.8)",1.0
"Generated (GRU, T=0.8)",0.9
"Generated (GRU, T=0.8)",0.9166666666666666
"Generated (GRU, T=0.8)",0.625
"Generated (GRU, T=0.8)",0.6363636363636364
"Generated (GRU, T=0.8)",1.0
"Generated (GRU, T=0.8)",1.0
"Generated (GRU, T=0.8)",1.0
"Generated (GRU, T=0.8)",0.8
"Generated (GRU, T=0.8)",1.0
"Generated (GRU, T=0.8)",0.6923076923076923
"Generated (GRU, T=0.8)",0.8333333333333334
"Generated (GRU, T=0.8)",0.625
"Generated (GRU, T=0.8)",0.9090909090909091
"Generated (GRU, T=0.8)",0.9
"Generated (GRU, T=0.8)",1.0
"Generated (GRU, T=0.8)",1.0
"Generated (GRU, T=0.8)",0.8
"Generated (GRU, T=0.8)",1.0
"Generated (GRU, T=0.8)",1.0
"Generated (GRU, T=0.8)",1.0
"Generated (GRU, T=0.8)",0.8888888888888888
"Generated (GRU, T=0.8)",0.9090909090909091
"Generated (GRU, T=0.8)",0.6
"Generated (GRU, T=0.8)",0.8
"Generated (GRU, T=0.8)",0.75
"Generated (GRU, T=0.8)",1.0
"Generated (GRU, T=0.8)",1.0
"Generated (GRU, T=0.8)",1.0
"Generated (GRU, T=0.8)",1.0
"Generated (GRU, T=0.8)",0.6666666666666666
"Generated (GRU, T=0.8)",0.6666666666666666
"Generated (GRU, T=0.8)",0.9333333333333333
"Generated (GRU, T=0.8)",0.9583333333333334
"Generated (GRU, T=0.8)",0.7692307692307693
"Generated (GRU, T=0.8)",0.6666666666666666
"Generated (GRU, T=0.8)",0.6666666666666666
"Generated (GRU, T=0.8)",0.7
"Generated (GRU, T=0.8)",0.6666666666666666
"Generated (GRU, T=0.8)",0.9090909090909091
"Generated (GRU, T=0.8)",0.8333333333333334
"Generated (GRU, T=0.8)",0.8
"Generated (GRU, T=0.8)",0.6666666666666666
"Generated (GRU, T=0.8)",1.0
"Generated (GRU, T=0.8)",1.0
"Generated (GRU, T=0.8)",0.6666666666666666
"Generated (GRU, T=0.8)",0.75
"Generated (GRU, T=0.8)",1.0
"Generated (GRU, T=0.8)",1.0
"Generated (GRU, T=0.8)",0.7777777777777778
"Generated (GRU, T=0.8)",1.0
"Generated (GRU, T=0.8)",1.0
"Generated (GRU, T=0.8)",0.9090909090909091
"Generated (GRU, T=0.8)",0.8181818181818182
"Generated (GRU, T=0.8)",0.8
"Generated (GRU, T=0.8)",0.6666666666666666
"Generated (GRU, T=0.8)",1.0
"Generated (GRU, T=0.8)",0.6666666666666666
"Generated (GRU, T=0.8)",0.9230769230769231
"Generated (GRU, T=0.8)",1.0
"Generated (GRU, T=0.8)",0.9333333333333333
"Generated (GRU, T=0.8)",0.7272727272727273
"Generated (GRU, T=0.8)",0.8
"Generated (GRU, T=0.8)",0.8
"Generated (GRU, T=0.8)",1.0
"Generated (GRU, T=0.8)",0.9230769230769231
"Generated (GRU, T=0.8)",1.0
"Generated (GRU, T=0.8)",1.0
"Generated (GRU, T=0.8)",1.0
"Generated (GRU, T=0.8)",0.8
"Generated (GRU, T=0.8)",0.8
"Generated (GRU, T=0.8)",1.0
"Generated (GRU, T=0.8)",0.8
"Generated (GRU, T=0.8)",1.0
"Generated (GRU, T=0.8)",0.6206896551724138
"Generated (GRU, T=0.8)",1.0
"Generated (GRU, T=0.8)",0.6666666666666666
"Generated (GRU, T=0.8)",0.8666666666666667
"Generated (GRU, T=0.8)",0.8888888888888888
"Generated (GRU, T=0.8)",0.7142857142857143
"Generated (GRU, T=0.8)",0.6666666666666666
"Generated (GRU, T=0.8)",0.6
"Generated (GRU, T=0.8)",1.0
"Generated (GRU, T=0.8)",0.9230769230769231
"Generated (GRU, T=0.8)",1.0
"Generated (GRU, T=0.8)",1.0
"Generated (GRU, T=0.8)",0.5294117647058824
"Generated (GRU, T=0.8)",1.0
"Generated (GRU, T=0.8)",0.6666666666666666
"Generated (GRU, T=0.8)",0.8333333333333334
"Generated (GRU, T=0.8)",1.0
"Generated (GRU, T=0.8)",1.0
"Generated (GRU, T=0.8)",0.8
"Generated (GRU, T=0.8)",0.6
"Generated (GRU, T=0.8)",0.6666666666666666
"Generated (GRU, T=0.8)",1.0
"Generated (GRU, T=0.8)",1.0
"Generated (GRU, T=0.8)",0.9523809523809523
"Generated (GRU, T=0.8)",0.8
"Generated (GRU, T=0.8)",0.8333333333333334
"Generated (GRU, T=0.8)",0.8333333333333334
"Generated (GRU, T=0.8)",0.6666666666666666
"Generated (GRU, T=0.8)",0.9
"Generated (GRU, T=0.8)",1.0
"Generated (GRU, T=0.8)",0.8333333333333334
"Generated (GRU, T=0.8)",0.9428571428571428
"Generated (GRU, T=0.8)",0.7058823529411765
"Generated (GRU, T=0.8)",1.0
"Generated (GRU, T=0.8)",0.5714285714285714
"Generated (GRU, T=0.8)",0.8
"Generated (GRU, T=0.8)",0.6666666666666666
"Generated (GRU, T=0.8)",1.0
"Generated (GRU, T=0.8)",0.5714285714285714
"Generated (GRU, T=0.8)",1.0
"Generated (GRU, T=0.8)",0.6666666666666666
"Generated (GRU, T=0.8)",1.0
"Generated (GRU, T=0.8)",1.0
"Generated (GRU, T=0.8)",1.0
"Generated (GRU, T=0.8)",1.0
"Generated (GRU, T=0.8)",0.9666666666666667
"Generated (GRU, T=0.8)",0.6666666666666666
"Generated (GRU, T=0.8)",1.0
"Generated (GRU, T=0.8)",0.7777777777777778
"Generated (GRU, T=0.8)",1.0
"Generated (GRU, T=0.8)",0.8235294117647058
"Generated (GRU, T=0.8)",0.7142857142857143
"Generated (GRU, T=0.8)",0.6
"Generated (GRU, T=0.8)",1.0
"Generated (GRU, T=0.8)",0.7142857142857143
"Generated (GRU, T=0.8)",1.0
"Generated (GRU, T=0.8)",0.8
"Generated (GRU, T=0.8)",0.9333333333333333
"Generated (GRU, T=0.8)",0.8571428571428571
"Generated (GRU, T=0.8)",0.8
"Generated (GRU, T=0.8)",0.8333333333333334
"Generated (GRU, T=0.8)",0.8333333333333334
"Generated (GRU, T=0.8)",0.9523809523809523
"Generated (GRU, T=0.8)",0.6666666666666666
"Generated (GRU, T=0.8)",0.8888888888888888
"Generated (GRU, T=0.8)",0.6666666666666666
"Generated (GRU, T=0.8)",0.8095238095238095
"Generated (GRU, T=0.8)",1.0
"Generated (GRU, T=0.8)",0.6
"Generated (GRU, T=0.8)",1.0
"Generated (GRU, T=0.8)",0.75
"Generated (GRU, T=0.8)",0.8
"Generated (GRU, T=0.8)",0.6666666666666666
"Generated (GRU, T=0.8)",0.8333333333333334
"Generated (GRU, T=0.8)",0.8461538461538461
"Generated (GRU, T=0.8)",0.7142857142857143
"Generated (GRU, T=0.8)",0.6666666666666666
"Generated (GRU, T=0.8)",0.8
"Generated (GRU, T=0.8)",0.8888888888888888
"Generated (GRU, T=0.8)",0.8648648648648649
"Generated (GRU, T=0.8)",0.5555555555555556
"Generated (GRU, T=0.8)",0.95
"Generated (GRU, T=0.8)",0.6
"Generated (GRU, T=0.8)",0.6
"Generated (GRU, T=0.8)",0.75
"Generated (GRU, T=0.8)",0.8333333333333334
"Generated (GRU, T=0.8)",0.8571428571428571
"Generated (GRU, T=0.8)",0.8
"Generated (GRU, T=0.8)",0.8666666666666667
"Generated (GRU, T=0.8)",1.0
"Generated (GRU, T=0.8)",0.7368421052631579
"Generated (GRU, T=0.8)",0.7777777777777778
"Generated (GRU, T=0.8)",0.7142857142857143
"Generated (GRU, T=0.8)",0.6666666666666666
"Generated (GRU, T=0.8)",0.8378378378378378
"Generated (GRU, T=0.8)",0.7777777777777778
"Generated (GRU, T=0.8)",1.0
"Generated (GRU, T=0.8)",0.8
"Generated (GRU, T=0.8)",1.0
"Generated (GRU, T=0.8)",0.8571428571428571
"Generated (GRU, T=0.8)",0.7142857142857143
"Generated (GRU, T=0.8)",0.9166666666666666
"Generated (GRU, T=0.8)",1.0
"Generated (GRU, T=0.8)",0.8333333333333334
"Generated (GRU, T=0.8)",0.8571428571428571
"Generated (GRU, T=0.8)",0.6666666666666666
"Generated (GRU, T=0.8)",0.6666666666666666
"Generated (GRU, T=0.8)",0.6
"Generated (GRU, T=0.8)",0.975
"Generated (GRU, T=0.8)",1.0
"Generated (GRU, T=0.8)",0.88
"Generated (GRU, T=0.8)",0.9047619047619048
"Generated (GRU, T=0.8)",0.6428571428571429
"Generated (GRU, T=0.8)",0.7142857142857143
"Generated (GRU, T=0.8)",0.875
"Generated (GRU, T=0.8)",1.0
"Generated (GRU, T=0.8)",1.0
"Generated (GRU, T=0.8)",0.8
"Generated (GRU, T=0.8)",0.6428571428571429
"Generated (GRU, T=0.8)",0.8
"Generated (GRU, T=0.8)",0.7777777777777778
"Generated (GRU, T=0.8)",0.8333333333333334
"Generated (GRU, T=0.8)",0.8333333333333334
"Generated (GRU, T=0.8)",0.6666666666666666
"Generated (GRU, T=0.8)",1.0
"Generated (GRU, T=0.8)",0.8055555555555556
"Generated (GRU, T=0.8)",1.0
"Generated (GRU, T=0.8)",0.625
"Generated (GRU, T=0.8)",0.7333333333333333
"Generated (GRU, T=0.8)",0.8478260869565217
"Generated (GRU, T=0.8)",0.8333333333333334
"Generated (GRU, T=0.8)",0.7142857142857143
"Generated (GRU, T=0.8)",1.0
"Generated (GRU, T=0.8)",0.9166666666666666
"Generated (GRU, T=0.8)",1.0
"Generated (GRU, T=0.8)",1.0
"Generated (GRU, T=0.8)",0.6666666666666666
"Generated (GRU, T=0.8)",1.0
"Generated (GRU, T=0.8)",0.8
"Generated (GRU, T=0.8)",0.7777777777777778
"Generated (GRU, T=0.8)",0.625
"Generated (GRU, T=0.8)",0.6666666666666666
"Generated (GRU, T=0.8)",0.6
"Generated (GRU, T=0.8)",1.0
"Generated (GRU, T=0.8)",0.6666666666666666
"Generated (GRU, T=0.8)",1.0
"Generated (GRU, T=0.8)",0.7142857142857143
"Generated (GRU, T=0.8)",1.0
"Generated (GRU, T=0.8)",1.0
"Generated (GRU, T=0.8)",0.625
"Generated (GRU, T=0.8)",0.8076923076923077
"Generated (GRU, T=0.8)",0.8
"Generated (GRU, T=0.8)",1.0
"Generated (GRU, T=0.8)",0.8
"Generated (GRU, T=0.8)",0.9
"Generated (GRU, T=0.8)",0.8
"Generated (GRU, T=0.8)",0.8
"Generated (GRU, T=0.8)",0.7777777777777778
"Generated (GRU, T=0.8)",0.7272727272727273
"Generated (GRU, T=0.8)",1.0
"Generated (GRU, T=0.8)",0.6666666666666666
"Generated (GRU, T=0.8)",0.6666666666666666
"Generated (GRU, T=0.8)",1.0
"Generated (GRU, T=0.8)",0.6388888888888888
"Generated (GRU, T=0.8)",1.0
"Generated (GRU, T=0.8)",0.9166666666666666
"Generated (GRU, T=0.8)",1.0
"Generated (GRU, T=0.8)",1.0
"Generated (GRU, T=0.8)",0.9375
"Generated (GRU, T=0.8)",1.0
"Generated (GRU, T=0.8)",0.7
"Generated (GRU, T=0.8)",1.0
"Generated (GRU, T=0.8)",1.0
"Generated (GRU, T=0.8)",0.625
"Generated (GRU, T=0.8)",0.8
"Generated (GRU, T=0.8)",1.0
"Generated (GRU, T=0.8)",0.85
"Generated (GRU, T=0.8)",0.7857142857142857
"Generated (GRU, T=0.8)",0.9047619047619048
"Generated (GRU, T=0.8)",0.8181818181818182
"Generated (GRU, T=0.8)",0.8571428571428571
"Generated (GRU, T=0.8)",0.7692307692307693
"Generated (GRU, T=0.8)",1.0
"Generated (GRU, T=0.8)",0.8461538461538461
"Generated (GRU, T=0.8)",0.7272727272727273
"Generated (GRU, T=0.8)",0.9375
"Generated (GRU, T=0.8)",0.8
"Generated (GRU, T=0.8)",1.0
"Generated (GRU, T=0.8)",0.8
"Generated (GRU, T=0.8)",1.0
"Generated (GRU, T=0.8)",0.8333333333333334
"Generated (GRU, T=0.8)",1.0
"Generated (GRU, T=0.8)",0.75
"Generated (GRU, T=0.8)",1.0
"Generated (GRU, T=0.8)",0.8823529411764706
"Generated (GRU, T=0.8)",0.6666666666666666
"Generated (GRU, T=0.8)",0.6666666666666666
"Generated (GRU, T=0.8)",0.875
"Generated (GRU, T=0.8)",0.6666666666666666
"Generated (GRU, T=0.8)",0.8333333333333334
"Generated (GRU, T=0.8)",1.0
"Generated (GRU, T=0.8)",0.5555555555555556
"Generated (GRU, T=0.8)",1.0
"Generated (GRU, T=0.8)",1.0
"Generated (GRU, T=0.8)",1.0
"Generated (GRU, T=0.8)",0.9411764705882353
"Generated (GRU, T=0.8)",1.0
"Generated (GRU, T=0.8)",0.8461538461538461
"Generated (GRU, T=0.8)",0.8888888888888888
"Generated (GRU, T=0.8)",0.7222222222222222
"Generated (GRU, T=0.8)",1.0
"Generated (GRU, T=0.8)",1.0
"Generated (GRU, T=0.8)",1.0
"Generated (GRU, T=0.8)",0.8
"Generated (GRU, T=0.8)",0.9523809523809523
"Generated (GRU, T=0.8)",0.9473684210526315
"Generated (GRU, T=0.8)",0.8
"Generated (GRU, T=0.8)",0.8333333333333334
"Generated (GRU, T=0.8)",1.0
"Generated (GRU, T=0.8)",0.96
"Generated (GRU, T=0.8)",0.8636363636363636
"Generated (GRU, T=0.8)",0.6666666666666666
"Generated (GRU, T=0.8)",1.0
"Generated (GRU, T=0.8)",1.0
"Generated (GRU, T=0.8)",0.6666666666666666
"Generated (GRU, T=0.8)",0.75
"Generated (GRU, T=0.8)",0.9230769230769231
"Generated (GRU, T=0.8)",0.6
"Generated (GRU, T=0.8)",0.6923076923076923
"Generated (GRU, T=0.8)",0.7272727272727273
"Generated (GRU, T=0.8)",1.0
"Generated (GRU, T=0.8)",0.75
"Generated (GRU, T=0.8)",1.0
"Generated (GRU, T=0.8)",0.8333333333333334
"Generated (GRU, T=0.8)",0.8571428571428571
"Generated (GRU, T=0.8)",1.0
"Generated (GRU, T=0.8)",1.0
"Generated (GRU, T=0.8)",0.7272727272727273
"Generated (GRU, T=0.8)",0.6666666666666666
"Generated (GRU, T=0.8)",0.7142857142857143
"Generated (GRU, T=0.8)",0.6666666666666666
"Generated (GRU, T=0.8)",0.6666666666666666
"Generated (GRU, T=0.8)",1.0
"Generated (GRU, T=0.8)",1.0
"Generated (GRU, T=0.8)",0.8333333333333334
"Generated (GRU, T=0.8)",1.0
"Generated (GRU, T=0.8)",1.0
"Generated (GRU, T=0.8)",1.0
"Generated (GRU, T=0.8)",1.0
"Generated (GRU, T=0.8)",0.8
"Generated (GRU, T=0.8)",0.75
"Generated (GRU, T=0.8)",1.0
"Generated (GRU, T=0.8)",1.0
"Generated (GRU, T=0.8)",0.8421052631578947
"Generated (GRU, T=0.8)",0.75
"Generated (GRU, T=0.8)",0.9090909090909091
"Generated (GRU, T=0.8)",0.8888888888888888
"Generated (GRU, T=0.8)",0.8181818181818182
"Generated (GRU, T=0.8)",1.0
"Generated (GRU, T=0.8)",0.6666666666666666
"Generated (GRU, T=0.8)",0.8333333333333334
"Generated (GRU, T=0.8)",0.9230769230769231
"Generated (GRU, T=0.8)",1.0
"Generated (GRU, T=0.8)",1.0
"Generated (GRU, T=0.8)",0.6666666666666666
"Generated (GRU, T=0.8)",0.8
"Generated (GRU, T=0.8)",1.0
"Generated (GRU, T=0.8)",0.8
"Generated (GRU, T=0.8)",1.0
"Generated (GRU, T=0.8)",0.7058823529411765
"Generated (GRU, T=0.8)",1.0
"Generated (GRU, T=0.8)",0.7142857142857143
"Generated (GRU, T=0.8)",0.9411764705882353
"Generated (GRU, T=0.8)",1.0
"Generated (GRU, T=0.8)",1.0
"Generated (GRU, T=0.8)",1.0
"Generated (GRU, T=0.8)",1.0
"Generated (GRU, T=0.8)",0.8
"Generated (GRU, T=0.8)",0.75
"Generated (GRU, T=0.8)",0.6
"Generated (GRU, T=0.8)",1.0
"Generated (GRU, T=0.8)",1.0
"Generated (GRU, T=0.8)",0.9230769230769231
"Generated (GRU, T=0.8)",0.8
"Generated (GRU, T=0.8)",1.0
"Generated (GRU, T=0.8)",1.0
"Generated (GRU, T=0.8)",0.8571428571428571
"Generated (GRU, T=0.8)",0.75
"Generated (GRU, T=0.8)",0.8
"Generated (GRU, T=0.8)",0.875
"Generated (GRU, T=0.8)",0.7272727272727273
"Generated (GRU, T=0.8)",1.0
"Generated (GRU, T=0.8)",1.0
"Generated (GRU, T=0.8)",0.9
"Generated (GRU, T=0.8)",0.9333333333333333
"Generated (GRU, T=0.8)",1.0
"Generated (GRU, T=0.8)",0.8181818181818182
"Generated (GRU, T=0.8)",1.0
"Generated (GRU, T=0.8)",0.5
"Generated (GRU, T=0.8)",0.6666666666666666
"Generated (GRU, T=0.8)",0.7272727272727273
"Generated (GRU, T=0.8)",0.5555555555555556
"Generated (GRU, T=0.8)",0.8333333333333334
"Generated (GRU, T=0.8)",1.0
"Generated (GRU, T=0.8)",0.8
"Generated (GRU, T=0.8)",0.8571428571428571
"Generated (GRU, T=0.8)",0.7142857142857143
"Generated (GRU, T=0.8)",0.6363636363636364
"Generated (GRU, T=0.8)",0.7777777777777778
"Generated (GRU, T=0.8)",1.0
"Generated (GRU, T=0.8)",0.6
"Generated (GRU, T=0.8)",0.7142857142857143
"Generated (GRU, T=0.8)",1.0
"Generated (GRU, T=0.8)",0.8888888888888888
"Generated (GRU, T=0.8)",0.75
"Generated (GRU, T=0.8)",0.6666666666666666
"Generated (GRU, T=0.8)",0.7142857142857143
"Generated (GRU, T=0.8)",1.0
"Generated (GRU, T=0.8)",0.8
"Generated (GRU, T=0.8)",0.8
"Generated (GRU, T=0.8)",0.6923076923076923
"Generated (GRU, T=0.8)",1.0
"Generated (GRU, T=0.8)",0.8
"Generated (GRU, T=0.8)",1.0
"Generated (GRU, T=0.8)",0.7142857142857143
"Generated (GRU, T=0.8)",1.0
"Generated (GRU, T=0.8)",0.6
"Generated (GRU, T=0.8)",0.8461538461538461
"Generated (GRU, T=0.8)",0.9166666666666666
"Generated (GRU, T=0.8)",0.6666666666666666
"Generated (GRU, T=0.8)",0.875
"Generated (GRU, T=0.8)",0.7
"Generated (GRU, T=0.8)",0.9166666666666666
"Generated (GRU, T=0.8)",0.9166666666666666
"Generated (GRU, T=0.8)",0.8
"Generated (GRU, T=0.8)",0.6
"Generated (GRU, T=0.8)",1.0
"Generated (GRU, T=0.8)",0.6666666666666666
"Generated (GRU, T=0.8)",0.6
"Generated (GRU, T=0.8)",0.972972972972973
"Generated (GRU, T=0.8)",0.6956521739130435
"Generated (GRU, T=0.8)",0.8
"Generated (GRU, T=0.8)",0.90625
"Generated (GRU, T=0.8)",0.8
"Generated (GRU, T=0.8)",1.0
"Generated (GRU, T=0.8)",0.6
"Generated (GRU, T=0.8)",0.6
"Generated (GRU, T=0.8)",0.6923076923076923
"Generated (GRU, T=0.8)",0.7777777777777778
"Generated (GRU, T=0.8)",0.8571428571428571
"Generated (GRU, T=0.8)",0.6666666666666666
"Generated (GRU, T=0.8)",0.9166666666666666
"Generated (GRU, T=0.8)",0.7777777777777778
"Generated (GRU, T=0.8)",0.6666666666666666
"Generated (GRU, T=0.8)",0.9534883720930233
"Generated (GRU, T=0.8)",0.8
"Generated (GRU, T=0.8)",0.75
"Generated (GRU, T=0.8)",0.8
"Generated (GRU, T=0.8)",0.7142857142857143
"Generated (GRU, T=0.8)",0.8
"Generated (GRU, T=0.8)",0.875
"Generated (GRU, T=0.8)",1.0
"Generated (GRU, T=0.8)",1.0
"Generated (GRU, T=0.8)",1.0
"Generated (GRU, T=0.8)",1.0
"Generated (GRU, T=0.8)",0.8
"Generated (GRU, T=0.8)",1.0
"Generated (GRU, T=0.8)",0.8
"Generated (GRU, T=0.8)",1.0
"Generated (GRU, T=0.8)",0.8333333333333334
"Generated (GRU, T=0.8)",1.0
"Generated (GRU, T=0.8)",0.6190476190476191
"Generated (GRU, T=0.8)",0.8571428571428571
"Generated (GRU, T=0.8)",0.7272727272727273
"Generated (GRU, T=0.8)",0.6
"Generated (GRU, T=0.8)",0.6
"Generated (GRU, T=0.8)",0.6
"Generated (GRU, T=0.8)",0.9523809523809523
"Generated (GRU, T=0.8)",0.6857142857142857
"Generated (GRU, T=0.8)",1.0
"Generated (GRU, T=0.8)",0.8461538461538461
"Generated (GRU, T=0.8)",0.9230769230769231
"Generated (GRU, T=0.8)",0.6923076923076923
"Generated (GRU, T=0.8)",1.0
"Generated (GRU, T=0.8)",1.0
"Generated (GRU, T=0.8)",0.6666666666666666
"Generated (GRU, T=0.8)",1.0
"Generated (GRU, T=0.8)",0.7692307692307693
"Generated (GRU, T=0.8)",1.0
"Generated (GRU, T=0.8)",0.8
"Generated (GRU, T=0.8)",1.0
"Generated (GRU, T=0.8)",1.0
"Generated (GRU, T=0.8)",1.0
"Generated (GRU, T=0.8)",0.8
"Generated (GRU, T=0.8)",0.7142857142857143
"Generated (GRU, T=0.8)",0.5454545454545454
"Generated (GRU, T=0.8)",0.6
"Generated (GRU, T=0.8)",1.0
"Generated (GRU, T=0.8)",0.875
"Generated (GRU, T=0.8)",0.6428571428571429
"Generated (GRU, T=0.8)",0.8
"Generated (GRU, T=0.8)",0.7
"Generated (GRU, T=0.8)",0.6666666666666666
"Generated (GRU, T=0.8)",1.0
"Generated (GRU, T=0.8)",0.84
"Generated (GRU, T=0.8)",1.0
"Generated (GRU, T=0.8)",1.0
"Generated (GRU, T=0.8)",0.9
"Generated (GRU, T=0.8)",0.5
"Generated (GRU, T=0.8)",0.9090909090909091
"Generated (GRU, T=0.8)",0.95
"Generated (GRU, T=0.8)",0.625
"Generated (GRU, T=0.8)",1.0
"Generated (GRU, T=0.8)",0.7272727272727273
"Generated (GRU, T=0.8)",0.6
"Generated (GRU, T=0.8)",1.0
"Generated (GRU, T=0.8)",0.75
"Generated (GRU, T=0.8)",1.0
"Generated (GRU, T=0.8)",0.75
"Generated (GRU, T=0.8)",1.0
"Generated (GRU, T=0.8)",1.0
"Generated (GRU, T=0.8)",0.90625
"Generated (GRU, T=0.8)",1.0
"Generated (GRU, T=0.8)",1.0
"Generated (GRU, T=0.8)",0.8888888888888888
"Generated (GRU, T=0.8)",0.6666666666666666
"Generated (GRU, T=0.8)",1.0
"Generated (GRU, T=0.8)",1.0
"Generated (GRU, T=0.8)",0.8
"Generated (GRU, T=0.8)",0.875
"Generated (GRU, T=0.8)",0.5
"Generated (GRU, T=0.8)",0.8571428571428571
"Generated (GRU, T=0.8)",0.8
"Generated (GRU, T=0.8)",0.8
"Generated (GRU, T=0.8)",0.6
"Generated (GRU, T=0.8)",0.9411764705882353
"Generated (GRU, T=0.8)",0.9166666666666666
"Generated (GRU, T=0.8)",1.0
"Generated (GRU, T=0.8)",0.8
"Generated (GRU, T=0.8)",1.0
"Generated (GRU, T=0.8)",1.0
"Generated (GRU, T=0.8)",0.75
"Generated (GRU, T=0.8)",1.0
"Generated (GRU, T=0.8)",0.75
"Generated (GRU, T=0.8)",1.0
"Generated (GRU, T=0.8)",0.8333333333333334
"Generated (GRU, T=0.8)",0.9090909090909091
"Generated (GRU, T=0.8)",1.0
"Generated (GRU, T=0.8)",1.0
"Generated (GRU, T=0.8)",0.5
"Generated (GRU, T=0.8)",0.8333333333333334
"Generated (GRU, T=0.8)",0.8461538461538461
"Generated (GRU, T=0.8)",1.0
"Generated (GRU, T=0.8)",0.75
"Generated (GRU, T=0.8)",1.0
"Generated (GRU, T=0.8)",0.8571428571428571
"Generated (GRU, T=0.8)",0.6
"Generated (GRU, T=0.8)",0.9
"Generated (GRU, T=0.8)",0.75
"Generated (GRU, T=0.8)",1.0
"Generated (GRU, T=0.8)",1.0
"Generated (GRU, T=0.8)",1.0
"Generated (GRU, T=0.8)",0.7
"Generated (GRU, T=0.8)",1.0
"Generated (GRU, T=0.8)",0.9583333333333334
"Generated (GRU, T=0.8)",0.7777777777777778
"Generated (GRU, T=0.8)",0.6666666666666666
"Generated (GRU, T=0.8)",0.6666666666666666
"Generated (GRU, T=0.8)",0.9743589743589743
"Generated (GRU, T=0.8)",0.8571428571428571
"Generated (GRU, T=0.8)",0.6666666666666666
"Generated (GRU, T=0.8)",0.625
"Generated (GRU, T=0.8)",0.8
"Generated (GRU, T=0.8)",1.0
"Generated (GRU, T=0.8)",1.0
"Generated (GRU, T=0.8)",1.0
"Generated (GRU, T=0.8)",1.0
"Generated (GRU, T=0.8)",0.6666666666666666
"Generated (GRU, T=0.8)",1.0
"Generated (GRU, T=0.8)",1.0
"Generated (GRU, T=0.8)",1.0
"Generated (GRU, T=0.8)",1.0
"Generated (GRU, T=0.8)",0.8
"Generated (GRU, T=0.8)",1.0
"Generated (GRU, T=0.8)",1.0
"Generated (GRU, T=0.8)",0.8
"Generated (GRU, T=0.8)",0.8529411764705882
"Generated (GRU, T=0.8)",0.9166666666666666
"Generated (GRU, T=0.8)",1.0
"Generated (GRU, T=0.8)",1.0
"Generated (GRU, T=0.8)",0.6
"Generated (GRU, T=0.8)",1.0
"Generated (GRU, T=0.8)",0.6666666666666666
"Generated (GRU, T=0.8)",0.8378378378378378
"Generated (GRU, T=0.8)",1.0
"Generated (GRU, T=0.8)",1.0
"Generated (GRU, T=0.8)",0.6666666666666666
"Generated (GRU, T=0.8)",1.0
"Generated (GRU, T=0.8)",0.972972972972973
"Generated (GRU, T=0.8)",0.9411764705882353
"Generated (GRU, T=0.8)",0.6666666666666666
"Generated (GRU, T=0.8)",0.8888888888888888
"Generated (GRU, T=0.8)",1.0
"Generated (GRU, T=0.8)",0.8181818181818182
"Generated (GRU, T=0.8)",0.6666666666666666
"Generated (GRU, T=0.8)",1.0
"Generated (GRU, T=0.8)",0.9705882352941176
"Generated (GRU, T=0.8)",1.0
"Generated (GRU, T=0.8)",0.6666666666666666
"Generated (GRU, T=0.8)",0.6
"Generated (GRU, T=0.8)",0.8235294117647058
"Generated (GRU, T=0.8)",0.9375
"Generated (GRU, T=0.8)",1.0
"Generated (GRU, T=0.8)",0.6666666666666666
"Generated (GRU, T=0.8)",1.0
"Generated (GRU, T=0.8)",0.6666666666666666
"Generated (GRU, T=0.8)",0.7777777777777778
"Generated (GRU, T=0.8)",0.75
"Generated (GRU, T=0.8)",0.6666666666666666
"Generated (GRU, T=0.8)",1.0
"Generated (GRU, T=0.8)",0.8
"Generated (GRU, T=0.8)",0.6666666666666666
"Generated (GRU, T=0.8)",0.8
"Generated (GRU, T=0.8)",1.0
"Generated (GRU, T=0.8)",0.8461538461538461
"Generated (GRU, T=0.8)",0.7142857142857143
"Generated (GRU, T=0.8)",0.8
"Generated (GRU, T=0.8)",0.8
"Generated (GRU, T=0.8)",0.6666666666666666
"Generated (GRU, T=0.8)",0.875
"Generated (GRU, T=0.8)",0.75
"Generated (GRU, T=0.8)",1.0
"Generated (GRU, T=0.8)",0.8695652173913043
"Generated (GRU, T=0.8)",1.0
"Generated (GRU, T=0.8)",0.9411764705882353
"Generated (GRU, T=0.8)",1.0
"Generated (GRU, T=0.8)",1.0
"Generated (GRU, T=0.8)",1.0
"Generated (GRU, T=0.8)",0.7777777777777778
"Generated (GRU, T=0.8)",0.875
"Generated (GRU, T=0.8)",0.8
"Generated (GRU, T=0.8)",1.0
"Generated (GRU, T=0.8)",0.6666666666666666
"Generated (GRU, T=0.8)",1.0
"Generated (GRU, T=0.8)",1.0
"Generated (GRU, T=0.8)",1.0
"Generated (GRU, T=0.8)",0.8
"Generated (GRU, T=0.8)",0.8
"Generated (GRU, T=0.8)",0.6
"Generated (GRU, T=0.8)",0.8571428571428571
"Generated (GRU, T=0.8)",1.0
"Generated (GRU, T=0.8)",0.8
"Generated (GRU, T=0.8)",1.0
"Generated (GRU, T=0.8)",0.6666666666666666
"Generated (GRU, T=0.8)",0.9230769230769231
"Generated (GRU, T=0.8)",0.9090909090909091
"Generated (GRU, T=0.8)",0.6
"Generated (GRU, T=0.8)",1.0
"Generated (GRU, T=0.8)",0.9523809523809523
"Generated (GRU, T=0.8)",0.7142857142857143
"Generated (GRU, T=0.8)",0.7
"Generated (GRU, T=0.8)",1.0
"Generated (GRU, T=0.8)",0.8
"Generated (GRU, T=0.8)",1.0
"Generated (GRU, T=0.8)",0.8571428571428571
"Generated (GRU, T=0.8)",1.0
"Generated (GRU, T=0.8)",0.8666666666666667
"Generated (GRU, T=0.8)",0.7692307692307693
"Generated (GRU, T=0.8)",1.0
"Generated (GRU, T=0.8)",0.8
"Generated (GRU, T=0.8)",0.9285714285714286
"Generated (GRU, T=0.8)",0.6666666666666666
"Generated (GRU, T=0.8)",0.75
"Generated (GRU, T=0.8)",0.7142857142857143
"Generated (GRU, T=0.8)",0.9
"Generated (GRU, T=0.8)",0.6
"Generated (GRU, T=0.8)",0.7777777777777778
"Generated (GRU, T=0.8)",0.9166666666666666
"Generated (GRU, T=0.8)",1.0
"Generated (GRU, T=0.8)",0.6666666666666666
"Generated (GRU, T=0.8)",0.6666666666666666
"Generated (GRU, T=0.8)",0.9
"Generated (GRU, T=0.8)",1.0
"Generated (GRU, T=0.8)",0.8181818181818182
"Generated (GRU, T=0.8)",0.7142857142857143
"Generated (GRU, T=0.8)",1.0
"Generated (GRU, T=0.8)",1.0
"Generated (GRU, T=0.8)",0.7
"Generated (GRU, T=0.8)",0.6666666666666666
"Generated (GRU, T=0.8)",0.5714285714285714
"Generated (GRU, T=0.8)",0.6666666666666666
"Generated (GRU, T=0.8)",0.8
"Generated (GRU, T=0.8)",0.625
"Generated (GRU, T=0.8)",0.8
"Generated (GRU, T=0.8)",0.75
"Generated (GRU, T=0.8)",0.8333333333333334
"Generated (GRU, T=0.8)",0.9166666666666666
"Generated (GRU, T=0.8)",1.0
"Generated (GRU, T=0.8)",0.625
"Generated (GRU, T=0.8)",0.6666666666666666
"Generated (GRU, T=0.8)",0.6666666666666666
"Generated (GRU, T=0.8)",0.6666666666666666
"Generated (GRU, T=0.8)",1.0
"Generated (GRU, T=0.8)",0.8333333333333334
"Generated (GRU, T=0.8)",0.6666666666666666
"Generated (GRU, T=0.8)",0.6
"Generated (GRU, T=0.8)",0.8
"Generated (GRU, T=0.8)",0.8
"Generated (GRU, T=0.8)",0.8333333333333334
"Generated (GRU, T=0.8)",1.0
"Generated (GRU, T=0.8)",0.7333333333333333
"Generated (GRU, T=0.8)",1.0
"Generated (GRU, T=0.8)",0.6666666666666666
"Generated (GRU, T=0.8)",0.6
"Generated (GRU, T=0.8)",0.9583333333333334
"Generated (GRU, T=0.8)",1.0
"Generated (GRU, T=0.8)",0.6666666666666666
"Generated (GRU, T=0.8)",0.875
"Generated (GRU, T=0.8)",1.0
"Generated (GRU, T=0.8)",1.0
"Generated (GRU, T=0.8)",0.6666666666666666
"Generated (GRU, T=0.8)",1.0
"Generated (GRU, T=0.8)",0.8333333333333334
"Generated (GRU, T=0.8)",0.7
"Generated (GRU, T=0.8)",0.96
"Generated (GRU, T=0.8)",0.95
"Generated (GRU, T=0.8)",1.0
"Generated (GRU, T=0.8)",0.8235294117647058
"Generated (GRU, T=0.8)",0.8
"Generated (GRU, T=0.8)",1.0
"Generated (GRU, T=0.8)",0.8
"Generated (GRU, T=0.8)",1.0
"Generated (GRU, T=0.8)",1.0
"Generated (GRU, T=0.8)",0.8333333333333334
"Generated (GRU, T=0.8)",0.8
"Generated (GRU, T=0.8)",0.6923076923076923
"Generated (GRU, T=0.8)",0.8
"Generated (GRU, T=0.8)",0.6875
"Generated (GRU, T=0.8)",1.0
"Generated (GRU, T=0.8)",1.0
"Generated (GRU, T=0.8)",0.8333333333333334
"Generated (GRU, T=0.8)",1.0
"Generated (GRU, T=0.8)",0.6666666666666666
"Generated (GRU, T=0.8)",1.0
"Generated (GRU, T=0.8)",0.6666666666666666
"Generated (GRU, T=0.8)",0.75
"Generated (GRU, T=0.8)",1.0
"Generated (GRU, T=0.8)",0.9
"Generated (GRU, T=0.8)",0.9
"Generated (GRU, T=0.8)",0.6666666666666666
"Generated (GRU, T=0.8)",1.0
"Generated (GRU, T=0.8)",1.0
"Generated (GRU, T=0.8)",0.9
"Generated (GRU, T=0.8)",0.8333333333333334
"Generated (GRU, T=0.8)",1.0
"Generated (GRU, T=0.8)",0.8
"Generated (GRU, T=0.8)",0.8333333333333334
"Generated (GRU, T=0.8)",1.0
"Generated (GRU, T=0.8)",0.8571428571428571
"Generated (GRU, T=0.8)",0.6666666666666666
"Generated (GRU, T=0.8)",0.6428571428571429
"Generated (GRU, T=0.8)",0.5384615384615384
"Generated (GRU, T=0.8)",1.0
"Generated (GRU, T=0.8)",0.6666666666666666
"Generated (GRU, T=0.8)",1.0
"Generated (GRU, T=0.8)",0.6666666666666666
"Generated (GRU, T=0.8)",0.8
"Generated (GRU, T=0.8)",0.8333333333333334
"Generated (GRU, T=0.8)",0.9230769230769231
"Generated (GRU, T=0.8)",0.8461538461538461
"Generated (GRU, T=0.8)",0.8333333333333334
"Generated (GRU, T=0.8)",0.5714285714285714
"Generated (GRU, T=0.8)",0.7857142857142857
"Generated (GRU, T=0.8)",1.0
"Generated (GRU, T=0.8)",0.7
"Generated (GRU, T=0.8)",1.0
"Generated (GRU, T=0.8)",1.0
"Generated (GRU, T=0.8)",0.6
"Generated (GRU, T=0.8)",0.7692307692307693
"Generated (GRU, T=0.8)",1.0
"Generated (GRU, T=0.8)",1.0
"Generated (GRU, T=0.8)",0.75
"Generated (GRU, T=0.8)",1.0
"Generated (GRU, T=0.8)",1.0
"Generated (GRU, T=0.8)",0.9333333333333333
"Generated (GRU, T=0.8)",1.0
"Generated (GRU, T=0.8)",0.6666666666666666
"Generated (GRU, T=0.8)",1.0
"Generated (GRU, T=0.8)",1.0
"Generated (GRU, T=0.8)",0.8888888888888888
"Generated (GRU, T=0.8)",0.7714285714285715
"Generated (GRU, T=0.8)",0.8333333333333334
"Generated (GRU, T=0.8)",0.75
"Generated (GRU, T=0.8)",0.5
"Generated (GRU, T=0.8)",0.8333333333333334
"Generated (GRU, T=0.8)",0.6666666666666666
"Generated (GRU, T=0.8)",0.8888888888888888
"Generated (GRU, T=0.8)",1.0
"Generated (GRU, T=0.8)",0.7647058823529411
"Generated (GRU, T=0.8)",1.0
"Generated (GRU, T=0.8)",0.875
"Generated (GRU, T=0.8)",1.0
"Generated (GRU, T=0.8)",0.8
"Generated (GRU, T=0.8)",0.7142857142857143
"Generated (GRU, T=0.8)",0.9230769230769231
"Generated (GRU, T=0.8)",0.8461538461538461
"Generated (GRU, T=0.8)",0.6666666666666666
"Generated (GRU, T=0.8)",0.9
"Generated (GRU, T=0.8)",0.875
"Generated (GRU, T=0.8)",1.0
"Generated (GRU, T=0.8)",0.9166666666666666
"Generated (GRU, T=0.8)",0.6666666666666666
"Generated (GRU, T=0.8)",0.8333333333333334
"Generated (GRU, T=0.8)",1.0
"Generated (GRU, T=0.8)",1.0
"Generated (GRU, T=0.8)",0.6666666666666666
"Generated (GRU, T=0.8)",0.8
"Generated (GRU, T=0.8)",0.88
"Generated (GRU, T=0.8)",0.8333333333333334
"Generated (GRU, T=0.8)",1.0
"Generated (GRU, T=0.8)",0.6
"Generated (GRU, T=0.8)",0.6666666666666666
"Generated (GRU, T=0.8)",0.7272727272727273
"Generated (GRU, T=0.8)",0.7777777777777778
"Generated (GRU, T=0.8)",0.75
"Generated (GRU, T=0.8)",1.0
"Generated (GRU, T=0.8)",1.0
"Generated (GRU, T=0.8)",0.9166666666666666
"Generated (GRU, T=0.8)",1.0
"Generated (GRU, T=0.8)",0.7894736842105263
"Generated (GRU, T=0.8)",0.8
"Generated (GRU, T=0.8)",0.8571428571428571
"Generated (GRU, T=0.8)",0.7619047619047619
"Generated (GRU, T=0.8)",0.9615384615384616
"Generated (GRU, T=0.8)",1.0
"Generated (GRU, T=0.8)",0.6
"Generated (GRU, T=0.8)",0.8
"Generated (GRU, T=0.8)",1.0
"Generated (GRU, T=0.8)",0.8571428571428571
"Generated (GRU, T=0.8)",0.9038461538461539
"Generated (GRU, T=0.8)",1.0
"Generated (GRU, T=0.8)",0.9090909090909091
"Generated (GRU, T=0.8)",0.8181818181818182
"Generated (GRU, T=0.8)",0.8888888888888888
"Generated (GRU, T=0.8)",1.0
"Generated (GRU, T=0.8)",1.0
"Generated (GRU, T=0.8)",1.0
"Generated (GRU, T=0.8)",1.0
"Generated (GRU, T=0.8)",0.9583333333333334
"Generated (GRU, T=0.8)",0.6
"Generated (GRU, T=0.8)",0.6
"Generated (GRU, T=0.8)",0.6666666666666666
"Generated (GRU, T=0.8)",1.0
"Generated (GRU, T=0.8)",0.7142857142857143
"Generated (GRU, T=0.8)",1.0
"Generated (GRU, T=0.8)",0.8571428571428571
"Generated (GRU, T=0.8)",0.8333333333333334
"Generated (GRU, T=0.8)",0.8
"Generated (GRU, T=0.8)",0.6
"Generated (GRU, T=0.8)",0.9444444444444444
"Generated (GRU, T=0.8)",1.0
"Generated (GRU, T=0.8)",0.8571428571428571
"Generated (GRU, T=0.8)",1.0
"Generated (GRU, T=0.8)",0.6666666666666666
"Generated (GRU, T=0.8)",0.8333333333333334
"Generated (GRU, T=0.8)",1.0
"Generated (GRU, T=0.8)",0.8
"Generated (GRU, T=0.8)",1.0
"Generated (GRU, T=0.8)",0.6666666666666666
"Generated (GRU, T=0.8)",0.9411764705882353
"Generated (GRU, T=0.8)",0.8571428571428571
"Generated (GRU, T=0.8)",0.8333333333333334
"Generated (GRU, T=0.8)",0.6
"Generated (GRU, T=0.8)",0.6875
"Generated (GRU, T=0.8)",0.7777777777777778
"Generated (GRU, T=0.8)",0.6666666666666666
"Generated (GRU, T=0.8)",1.0
"Generated (GRU, T=0.8)",0.9166666666666666
"Generated (GRU, T=0.8)",1.0
"Generated (GRU, T=0.8)",0.625
"Generated (GRU, T=0.8)",0.8076923076923077
"Generated (GRU, T=0.8)",0.7777777777777778
"Generated (GRU, T=0.8)",0.7142857142857143
"Generated (GRU, T=0.8)",0.7142857142857143
"Generated (GRU, T=0.8)",0.9166666666666666
"Generated (GRU, T=0.8)",0.88
"Generated (GRU, T=0.8)",1.0
"Generated (GRU, T=0.8)",1.0
"Generated (GRU, T=0.8)",0.875
"Generated (GRU, T=0.8)",0.6296296296296297
"Generated (GRU, T=0.8)",0.6
"Generated (GRU, T=0.8)",0.6666666666666666
"Generated (GRU, T=0.8)",1.0
"Generated (GRU, T=0.8)",0.9285714285714286
"Generated (GRU, T=0.8)",0.6
"Generated (GRU, T=0.8)",0.6666666666666666
"Generated (GRU, T=0.8)",0.75
"Generated (GRU, T=0.8)",0.9444444444444444
"Generated (GRU, T=0.8)",0.75
"Generated (GRU, T=0.8)",0.8888888888888888
"Generated (GRU, T=0.8)",1.0
"Generated (GRU, T=0.8)",0.6666666666666666
"Generated (GRU, T=0.8)",0.8
"Generated (GRU, T=0.8)",1.0
"Generated (GRU, T=0.8)",1.0
"Generated (GRU, T=0.8)",0.8571428571428571
"Generated (GRU, T=0.8)",0.8
"Generated (GRU, T=0.8)",0.75
"Generated (GRU, T=0.8)",0.9166666666666666
"Generated (GRU, T=0.8)",1.0
"Generated (GRU, T=0.8)",1.0
"Generated (GRU, T=0.8)",0.6666666666666666
"Generated (GRU, T=0.8)",0.9375
"Generated (GRU, T=0.8)",1.0
"Generated (GRU, T=0.8)",0.8333333333333334
"Generated (GRU, T=0.8)",1.0
"Generated (GRU, T=0.8)",1.0
"Generated (GRU, T=0.8)",0.7777777777777778
"Generated (GRU, T=0.8)",0.71875
"Generated (GRU, T=0.8)",0.5833333333333334
"Generated (GRU, T=0.8)",0.8333333333333334
"Generated (GRU, T=0.8)",0.8461538461538461
"Generated (GRU, T=0.8)",0.8333333333333334
"Generated (GRU, T=0.8)",1.0
"Generated (GRU, T=0.8)",1.0
"Generated (GRU, T=0.8)",1.0
"Generated (GRU, T=0.8)",0.625
"Generated (GRU, T=0.8)",0.7142857142857143
"Generated (GRU, T=0.8)",0.5
"Generated (GRU, T=0.8)",0.6
"Generated (GRU, T=0.8)",0.8333333333333334
"Generated (GRU, T=0.8)",0.8333333333333334
"Generated (GRU, T=0.8)",1.0
"Generated (GRU, T=0.8)",1.0
"Generated (GRU, T=0.8)",1.0
"Generated (GRU, T=0.8)",1.0
"Generated (GRU, T=0.8)",0.8709677419354839
"Generated (GRU, T=0.8)",0.75
"Generated (GRU, T=0.8)",0.75
"Generated (GRU, T=0.8)",1.0
"Generated (GRU, T=0.8)",0.8
"Generated (GRU, T=0.8)",1.0
"Generated (GRU, T=0.8)",0.6666666666666666
"Generated (GRU, T=0.8)",1.0
"Generated (GRU, T=0.8)",0.8
"Generated (GRU, T=0.8)",0.6666666666666666
"Generated (GRU, T=0.8)",0.875
"Generated (GRU, T=0.8)",1.0
"Generated (GRU, T=0.8)",0.9166666666666666
"Generated (GRU, T=0.8)",0.8
"Generated (GRU, T=0.8)",1.0
"Generated (GRU, T=0.8)",0.8
"Generated (GRU, T=0.8)",1.0
"Generated (GRU, T=0.8)",1.0
"Generated (GRU, T=0.8)",0.75
"Generated (GRU, T=0.8)",0.8
"Generated (GRU, T=0.8)",0.84
"Generated (GRU, T=0.8)",0.6
"Generated (GRU, T=0.8)",0.9
"Generated (GRU, T=0.8)",0.6666666666666666
"Generated (GRU, T=0.8)",0.9111111111111111
"Generated (GRU, T=0.8)",1.0
"Generated (GRU, T=0.8)",1.0
"Generated (GRU, T=0.8)",1.0
"Generated (GRU, T=0.8)",0.8571428571428571
"Generated (GRU, T=0.8)",0.6666666666666666
"Generated (GRU, T=0.8)",0.9782608695652174
"Generated (GRU, T=0.8)",1.0
"Generated (GRU, T=0.8)",1.0
"Generated (GRU, T=0.8)",1.0
"Generated (GRU, T=0.8)",0.6153846153846154
"Generated (GRU, T=0.8)",0.8333333333333334
"Generated (GRU, T=0.8)",0.75
"Generated (GRU, T=0.8)",0.8333333333333334
"Generated (GRU, T=0.8)",0.6666666666666666
"Generated (GRU, T=0.8)",1.0
"Generated (GRU, T=0.8)",0.9523809523809523
"Generated (GRU, T=0.8)",0.8888888888888888
"Generated (GRU, T=0.8)",0.8571428571428571
"Generated (GRU, T=0.8)",1.0
"Generated (GRU, T=0.8)",1.0
"Generated (GRU, T=0.8)",0.7857142857142857
"Generated (GRU, T=0.8)",1.0
"Generated (GRU, T=0.8)",0.6
"Generated (GRU, T=0.8)",1.0
"Generated (GRU, T=0.8)",1.0
"Generated (GRU, T=0.8)",1.0
"Generated (GRU, T=0.8)",0.7391304347826086
"Generated (GRU, T=0.8)",0.8333333333333334
"Generated (GRU, T=0.8)",1.0
"Generated (GRU, T=0.8)",1.0
"Generated (GRU, T=0.8)",0.7142857142857143
"Generated (GRU, T=0.8)",0.6666666666666666
"Generated (GRU, T=0.8)",1.0
"Generated (GRU, T=0.8)",1.0
"Generated (GRU, T=0.8)",0.8181818181818182
"Generated (GRU, T=0.8)",1.0
"Generated (GRU, T=0.8)",1.0
"Generated (GRU, T=0.8)",0.8
"Generated (GRU, T=0.8)",0.9696969696969697
"Generated (GRU, T=0.8)",1.0
"Generated (GRU, T=0.8)",0.6666666666666666
"Generated (GRU, T=0.8)",0.8571428571428571
"Generated (GRU, T=0.8)",1.0
"Generated (GRU, T=0.8)",0.7142857142857143
"Generated (GRU, T=0.8)",0.6666666666666666
"Generated (GRU, T=0.8)",0.625
"Generated (GRU, T=0.8)",1.0
"Generated (GRU, T=0.8)",0.6666666666666666
"Generated (GRU, T=0.8)",0.8
"Generated (GRU, T=0.8)",1.0
"Generated (GRU, T=0.8)",1.0
"Generated (GRU, T=0.8)",0.5833333333333334
"Generated (GRU, T=0.8)",0.5294117647058824
"Generated (GRU, T=0.8)",0.6666666666666666
"Generated (GRU, T=0.8)",0.9583333333333334
"Generated (GRU, T=0.8)",1.0
"Generated (GRU, T=0.8)",1.0
"Generated (GRU, T=0.8)",1.0
"Generated (GRU, T=0.8)",0.8333333333333334
"Generated (GRU, T=0.8)",0.7142857142857143
"Generated (GRU, T=0.8)",0.8333333333333334
"Generated (GRU, T=0.8)",0.75
"Generated (GRU, T=0.8)",1.0
"Generated (GRU, T=0.8)",0.8
"Generated (GRU, T=0.8)",1.0
"Generated (GRU, T=0.8)",0.7
"Generated (GRU, T=0.8)",0.8461538461538461
"Generated (GRU, T=0.8)",0.75
"Generated (GRU, T=0.8)",0.8461538461538461
"Generated (GRU, T=0.8)",1.0
"Generated (GRU, T=0.8)",0.9230769230769231
"Generated (GRU, T=0.8)",0.8
"Generated (GRU, T=0.8)",0.8
"Generated (GRU, T=0.8)",0.8846153846153846
"Generated (GRU, T=0.8)",1.0
"Generated (GRU, T=0.8)",1.0
"Generated (GRU, T=0.8)",1.0
"Generated (GRU, T=0.8)",1.0
"Generated (GRU, T=0.8)",1.0
"Generated (GRU, T=0.8)",0.6666666666666666
"Generated (GRU, T=0.8)",0.8
"Generated (GRU, T=0.8)",0.8
"Generated (GRU, T=0.8)",1.0
"Generated (GRU, T=0.8)",0.8823529411764706
"Generated (GRU, T=0.8)",1.0
"Generated (GRU, T=0.8)",0.8
"Generated (GRU, T=0.8)",1.0
"Generated (GRU, T=0.8)",0.9
"Generated (GRU, T=0.8)",0.8571428571428571
"Generated (GRU, T=0.8)",0.6666666666666666
"Generated (GRU, T=0.8)",0.8333333333333334
"Generated (GRU, T=0.8)",0.8
"Generated (GRU, T=0.8)",0.8
"Generated (GRU, T=0.8)",0.6666666666666666
"Generated (GRU, T=0.8)",0.7272727272727273
"Generated (GRU, T=0.8)",0.9782608695652174
"Generated (GRU, T=0.8)",0.8
"Generated (GRU, T=0.8)",0.8333333333333334
"Generated (GRU, T=0.8)",1.0
"Generated (GRU, T=0.8)",1.0
"Generated (GRU, T=0.8)",0.6
"Generated (GRU, T=0.8)",1.0
"Generated (GRU, T=0.8)",0.7142857142857143
"Generated (GRU, T=0.8)",0.875
"Generated (GRU, T=0.8)",0.9259259259259259
"Generated (GRU, T=0.8)",0.8
"Generated (GRU, T=0.8)",0.875
"Generated (GRU, T=0.8)",1.0
"Generated (GRU, T=0.8)",0.7142857142857143
"Generated (GRU, T=0.8)",1.0
"Generated (GRU, T=0.8)",1.0
"Generated (GRU, T=0.8)",1.0
"Generated (GRU, T=0.8)",0.9
"Generated (GRU, T=0.8)",1.0
"Generated (GRU, T=0.8)",0.6666666666666666
"Generated (GRU, T=0.8)",0.8333333333333334
"Generated (GRU, T=0.8)",1.0
"Generated (GRU, T=0.8)",0.9629629629629629
"Generated (GRU, T=0.8)",0.9090909090909091
"Generated (GRU, T=0.8)",1.0
"Generated (GRU, T=0.8)",0.9230769230769231
"Generated (GRU, T=0.8)",0.9615384615384616
"Generated (GRU, T=0.8)",0.8
"Generated (GRU, T=0.8)",1.0
"Generated (GRU, T=0.8)",0.9523809523809523
"Generated (GRU, T=0.8)",0.8
"Generated (GRU, T=0.8)",0.6
"Generated (GRU, T=0.8)",0.8333333333333334
"Generated (GRU, T=0.8)",0.8
"Generated (GRU, T=0.8)",1.0
"Generated (GRU, T=0.8)",1.0
"Generated (GRU, T=0.8)",1.0
"Generated (GRU, T=0.8)",1.0
"Generated (GRU, T=0.8)",0.7777777777777778
"Generated (GRU, T=0.8)",0.8181818181818182
"Generated (GRU, T=0.8)",0.7692307692307693
"Generated (GRU, T=0.8)",0.7777777777777778
"Generated (GRU, T=0.8)",1.0
"Generated (GRU, T=0.8)",0.75
"Generated (GRU, T=0.8)",0.8
"Generated (GRU, T=0.8)",0.6
"Generated (GRU, T=0.8)",0.6666666666666666
"Generated (GRU, T=0.8)",0.8181818181818182
"Generated (GRU, T=0.8)",0.9642857142857143
"Generated (GRU, T=0.8)",0.5
"Generated (GRU, T=0.8)",0.7692307692307693
"Generated (GRU, T=0.8)",0.8928571428571429
"Generated (GRU, T=0.8)",0.9
"Generated (GRU, T=0.8)",0.6666666666666666
"Generated (GRU, T=0.8)",1.0
"Generated (GRU, T=0.8)",0.6923076923076923
"Generated (GRU, T=0.8)",0.6
"Generated (GRU, T=0.8)",1.0
"Generated (GRU, T=0.8)",0.8888888888888888
"Generated (GRU, T=0.8)",1.0
"Generated (GRU, T=0.8)",0.8333333333333334
"Generated (GRU, T=0.8)",0.7272727272727273
"Generated (GRU, T=0.8)",0.75
"Generated (GRU, T=0.8)",0.6
"Generated (GRU, T=0.8)",0.8333333333333334
"Generated (GRU, T=0.8)",0.8181818181818182
"Generated (GRU, T=0.8)",0.6666666666666666
"Generated (GRU, T=0.8)",0.8
"Generated (GRU, T=0.8)",0.673469387755102
"Generated (GRU, T=0.8)",0.8
"Generated (GRU, T=0.8)",0.9285714285714286
"Generated (GRU, T=0.8)",0.6896551724137931
"Generated (GRU, T=0.8)",0.8333333333333334
"Generated (GRU, T=0.8)",0.8235294117647058
"Generated (GRU, T=0.8)",1.0
"Generated (GRU, T=0.8)",0.8
"Generated (GRU, T=0.8)",0.6666666666666666
"Generated (GRU, T=0.8)",1.0
"Generated (GRU, T=0.8)",0.8333333333333334
"Generated (GRU, T=0.8)",0.6666666666666666
"Generated (GRU, T=0.8)",0.8
"Generated (GRU, T=0.8)",1.0
"Generated (GRU, T=0.8)",0.75
"Generated (GRU, T=0.8)",0.75
"Generated (GRU, T=0.8)",0.875
"Generated (GRU, T=0.8)",1.0
"Generated (GRU, T=0.8)",0.5714285714285714
"Generated (GRU, T=0.8)",1.0
"Generated (GRU, T=0.8)",0.6666666666666666
"Generated (GRU, T=0.8)",0.7272727272727273
"Generated (GRU, T=0.8)",0.9710144927536232
"Generated (GRU, T=0.8)",0.8
"Generated (GRU, T=0.8)",0.7692307692307693
"Generated (GRU, T=0.8)",0.9230769230769231
"Generated (GRU, T=0.8)",0.7
"Generated (GRU, T=0.8)",0.7
"Generated (GRU, T=0.8)",1.0
"Generated (GRU, T=0.8)",0.9714285714285714
"Generated (GRU, T=0.8)",1.0
"Generated (GRU, T=0.8)",0.75
"Generated (GRU, T=0.8)",0.5714285714285714
"Generated (GRU, T=0.8)",0.8823529411764706
"Generated (GRU, T=0.8)",1.0
"Generated (GRU, T=0.8)",1.0
"Generated (GRU, T=0.8)",0.7777777777777778
"Generated (GRU, T=0.8)",1.0
"Generated (GRU, T=0.8)",0.6666666666666666
"Generated (GRU, T=0.8)",0.9473684210526315
"Generated (GRU, T=0.8)",1.0
"Generated (GRU, T=0.8)",0.7142857142857143
"Generated (GRU, T=0.8)",1.0
"Generated (GRU, T=0.8)",0.7
"Generated (GRU, T=0.8)",0.95
"Generated (GRU, T=0.8)",0.9523809523809523
"Generated (GRU, T=0.8)",1.0
"Generated (GRU, T=0.8)",0.5454545454545454
"Generated (GRU, T=0.8)",0.8
"Generated (GRU, T=0.8)",0.6666666666666666
"Generated (GRU, T=0.8)",0.625
"Generated (GRU, T=0.8)",1.0
"Generated (GRU, T=0.8)",1.0
"Generated (GRU, T=0.8)",0.9333333333333333
"Generated (GRU, T=0.8)",1.0
"Generated (GRU, T=0.8)",0.9615384615384616
"Generated (GRU, T=0.8)",1.0
"Generated (GRU, T=0.8)",1.0
"Generated (GRU, T=0.8)",1.0
"Generated (GRU, T=0.8)",1.0
"Generated (GRU, T=0.8)",0.8
"Generated (GRU, T=0.8)",0.8333333333333334
"Generated (GRU, T=0.8)",0.6153846153846154
"Generated (GRU, T=0.8)",0.6
"Generated (GRU, T=0.8)",1.0
"Generated (GRU, T=0.8)",1.0
"Generated (GRU, T=0.8)",0.8333333333333334
"Generated (GRU, T=0.8)",1.0
"Generated (GRU, T=0.8)",0.6666666666666666
"Generated (GRU, T=0.8)",0.6666666666666666
"Generated (GRU, T=0.8)",0.6666666666666666
"Generated (GRU, T=0.8)",0.6666666666666666
"Generated (GRU, T=0.8)",1.0
"Generated (GRU, T=0.8)",0.9523809523809523
"Generated (GRU, T=0.8)",1.0
"Generated (GRU, T=0.8)",0.9523809523809523
"Generated (GRU, T=0.8)",0.8
"Generated (GRU, T=0.8)",0.8888888888888888
"Generated (GRU, T=0.8)",1.0
"Generated (GRU, T=0.8)",1.0
"Generated (GRU, T=0.8)",1.0
"Generated (GRU, T=0.8)",1.0
"Generated (GRU, T=0.8)",1.0
"Generated (GRU, T=0.8)",1.0
"Generated (GRU, T=0.8)",1.0
"Generated (GRU, T=0.8)",1.0
"Generated (GRU, T=0.8)",0.8235294117647058
"Generated (GRU, T=0.8)",0.75
"Generated (GRU, T=0.8)",0.6666666666666666
"Generated (GRU, T=0.8)",0.6666666666666666
"Generated (GRU, T=0.8)",1.0
"Generated (GRU, T=0.8)",0.95
"Generated (GRU, T=0.8)",1.0
"Generated (GRU, T=0.8)",0.6666666666666666
"Generated (GRU, T=0.8)",0.8333333333333334
"Generated (GRU, T=0.8)",0.9230769230769231
"Generated (GRU, T=0.8)",0.6
"Generated (GRU, T=0.8)",1.0
"Generated (GRU, T=0.8)",1.0
"Generated (GRU, T=0.8)",0.8333333333333334
"Generated (GRU, T=0.8)",1.0
"Generated (GRU, T=0.8)",1.0
"Generated (GRU, T=0.8)",0.5384615384615384
"Generated (GRU, T=0.8)",0.8571428571428571
"Generated (GRU, T=0.8)",1.0
"Generated (GRU, T=0.8)",1.0
"Generated (GRU, T=0.8)",0.8
"Generated (GRU, T=0.8)",1.0
"Generated (GRU, T=0.8)",0.7931034482758621
"Generated (GRU, T=0.8)",0.8333333333333334
"Generated (GRU, T=0.8)",0.8571428571428571
"Generated (GRU, T=0.8)",0.6153846153846154
"Generated (GRU, T=0.8)",0.8571428571428571
"Generated (GRU, T=0.8)",0.6666666666666666
"Generated (GRU, T=0.8)",1.0
"Generated (GRU, T=0.8)",0.9333333333333333
"Generated (GRU, T=0.8)",1.0
"Generated (GRU, T=0.8)",0.8571428571428571
"Generated (GRU, T=0.8)",0.875
"Generated (GRU, T=0.8)",0.95
"Generated (GRU, T=0.8)",1.0
"Generated (GRU, T=0.8)",0.6666666666666666
"Generated (GRU, T=0.8)",0.7142857142857143
"Generated (GRU, T=0.8)",0.8
"Generated (GRU, T=0.8)",0.875
"Generated (GRU, T=0.8)",0.7
"Generated (GRU, T=0.8)",1.0
"Generated (GRU, T=0.8)",0.8
"Generated (GRU, T=0.8)",0.8
"Generated (GRU, T=0.8)",1.0
"Generated (GRU, T=0.8)",0.9166666666666666
"Generated (GRU, T=0.8)",0.75
"Generated (GRU, T=0.8)",1.0
"Generated (GRU, T=0.8)",0.9090909090909091
"Generated (GRU, T=0.8)",0.8
"Generated (GRU, T=0.8)",1.0
"Generated (GRU, T=0.8)",0.8
"Generated (GRU, T=0.8)",0.8125
"Generated (GRU, T=0.8)",1.0
"Generated (GRU, T=0.8)",0.5
"Generated (GRU, T=0.8)",1.0
"Generated (GRU, T=0.8)",0.6
"Generated (GRU, T=0.8)",0.9090909090909091
"Generated (GRU, T=0.8)",0.8333333333333334
"Generated (GRU, T=0.8)",0.625
"Generated (GRU, T=0.8)",1.0
"Generated (GRU, T=0.8)",1.0
"Generated (GRU, T=0.8)",1.0
"Generated (GRU, T=0.8)",1.0
"Generated (GRU, T=0.8)",1.0
"Generated (GRU, T=0.8)",0.8333333333333334
"Generated (GRU, T=0.8)",0.7777777777777778
"Generated (GRU, T=0.8)",1.0
"Generated (GRU, T=0.8)",0.8888888888888888
"Generated (GRU, T=0.8)",1.0
"Generated (GRU, T=0.8)",0.9230769230769231
"Generated (GRU, T=0.8)",1.0
"Generated (GRU, T=0.8)",1.0
"Generated (GRU, T=0.8)",0.7777777777777778
"Generated (GRU, T=0.8)",0.8181818181818182
"Generated (GRU, T=0.8)",1.0
"Generated (GRU, T=0.8)",0.8
"Generated (GRU, T=0.8)",0.8571428571428571
"Generated (GRU, T=0.8)",1.0
"Generated (GRU, T=0.8)",0.7142857142857143
"Generated (GRU, T=0.8)",0.6666666666666666
"Generated (GRU, T=0.8)",1.0
"Generated (GRU, T=0.8)",1.0
"Generated (GRU, T=0.8)",0.8
"Generated (GRU, T=0.8)",0.75
"Generated (GRU, T=0.8)",1.0
"Generated (GRU, T=0.8)",0.7837837837837838
"Generated (GRU, T=0.8)",1.0
"Generated (GRU, T=0.8)",1.0
"Generated (GRU, T=0.8)",1.0
"Generated (GRU, T=0.8)",1.0
"Generated (GRU, T=0.8)",1.0
"Generated (GRU, T=0.8)",1.0
"Generated (GRU, T=0.8)",0.75
"Generated (GRU, T=0.8)",1.0
"Generated (GRU, T=0.8)",0.7058823529411765
"Generated (GRU, T=0.8)",0.8
"Generated (GRU, T=0.8)",0.7142857142857143
"Generated (GRU, T=0.8)",0.6666666666666666
"Generated (GRU, T=0.8)",0.8333333333333334
"Generated (GRU, T=0.8)",1.0
"Generated (GRU, T=0.8)",1.0
"Generated (GRU, T=0.8)",0.8
"Generated (GRU, T=0.8)",0.6585365853658537
"Generated (GRU, T=0.8)",0.9285714285714286
"Generated (GRU, T=0.8)",1.0
"Generated (GRU, T=0.8)",0.7692307692307693
"Generated (GRU, T=0.8)",1.0
"Generated (GRU, T=0.8)",0.8
"Generated (GRU, T=0.8)",0.7
"Generated (GRU, T=0.8)",0.6666666666666666
"Generated (GRU, T=0.8)",0.6
"Generated (GRU, T=0.8)",0.6
"Generated (GRU, T=0.8)",0.8
"Generated (GRU, T=0.8)",1.0
"Generated (GRU, T=0.8)",1.0
"Generated (GRU, T=0.8)",0.8
"Generated (GRU, T=0.8)",1.0
"Generated (GRU, T=0.8)",0.6153846153846154
"Generated (GRU, T=0.8)",1.0
"Generated (GRU, T=0.8)",0.9285714285714286
"Generated (GRU, T=1.2)",0.8333333333333334
"Generated (GRU, T=1.2)",0.9523809523809523
"Generated (GRU, T=1.2)",1.0
"Generated (GRU, T=1.2)",0.8333333333333334
"Generated (GRU, T=1.2)",0.6666666666666666
"Generated (GRU, T=1.2)",0.7
"Generated (GRU, T=1.2)",0.6153846153846154
"Generated (GRU, T=1.2)",0.7857142857142857
"Generated (GRU, T=1.2)",0.6666666666666666
"Generated (GRU, T=1.2)",0.6666666666666666
"Generated (GRU, T=1.2)",0.6666666666666666
"Generated (GRU, T=1.2)",0.6
"Generated (GRU, T=1.2)",0.6296296296296297
"Generated (GRU, T=1.2)",0.7142857142857143
"Generated (GRU, T=1.2)",0.6428571428571429
"Generated (GRU, T=1.2)",0.6666666666666666
"Generated (GRU, T=1.2)",0.8
"Generated (GRU, T=1.2)",1.0
"Generated (GRU, T=1.2)",0.8
"Generated (GRU, T=1.2)",0.5
"Generated (GRU, T=1.2)",0.8
"Generated (GRU, T=1.2)",0.9411764705882353
"Generated (GRU, T=1.2)",0.75
"Generated (GRU, T=1.2)",0.75
"Generated (GRU, T=1.2)",0.8
"Generated (GRU, T=1.2)",0.7272727272727273
"Generated (GRU, T=1.2)",1.0
"Generated (GRU, T=1.2)",0.8
"Generated (GRU, T=1.2)",0.6
"Generated (GRU, T=1.2)",0.6
"Generated (GRU, T=1.2)",1.0
"Generated (GRU, T=1.2)",0.5
"Generated (GRU, T=1.2)",0.9285714285714286
"Generated (GRU, T=1.2)",0.7272727272727273
"Generated (GRU, T=1.2)",0.5555555555555556
"Generated (GRU, T=1.2)",1.0
"Generated (GRU, T=1.2)",1.0
"Generated (GRU, T=1.2)",0.8
"Generated (GRU, T=1.2)",0.8
"Generated (GRU, T=1.2)",1.0
"Generated (GRU, T=1.2)",0.9411764705882353
"Generated (GRU, T=1.2)",0.7142857142857143
"Generated (GRU, T=1.2)",0.6153846153846154
"Generated (GRU, T=1.2)",0.5
"Generated (GRU, T=1.2)",0.75
"Generated (GRU, T=1.2)",1.0
"Generated (GRU, T=1.2)",0.5454545454545454
"Generated (GRU, T=1.2)",0.8888888888888888
"Generated (GRU, T=1.2)",0.6666666666666666
"Generated (GRU, T=1.2)",1.0
"Generated (GRU, T=1.2)",0.6875
"Generated (GRU, T=1.2)",0.6666666666666666
"Generated (GRU, T=1.2)",0.6
"Generated (GRU, T=1.2)",0.9230769230769231
"Generated (GRU, T=1.2)",0.6666666666666666
"Generated (GRU, T=1.2)",0.8
"Generated (GRU, T=1.2)",0.8125
"Generated (GRU, T=1.2)",0.7142857142857143
"Generated (GRU, T=1.2)",0.6666666666666666
"Generated (GRU, T=1.2)",0.6666666666666666
"Generated (GRU, T=1.2)",0.8
"Generated (GRU, T=1.2)",0.6666666666666666
"Generated (GRU, T=1.2)",0.6666666666666666
"Generated (GRU, T=1.2)",1.0
"Generated (GRU, T=1.2)",0.8333333333333334
"Generated (GRU, T=1.2)",1.0
"Generated (GRU, T=1.2)",0.8
"Generated (GRU, T=1.2)",0.5714285714285714
"Generated (GRU, T=1.2)",0.875
"Generated (GRU, T=1.2)",0.7142857142857143
"Generated (GRU, T=1.2)",0.7692307692307693
"Generated (GRU, T=1.2)",0.6666666666666666
"Generated (GRU, T=1.2)",1.0
"Generated (GRU, T=1.2)",1.0
"Generated (GRU, T=1.2)",0.75
"Generated (GRU, T=1.2)",0.6
"Generated (GRU, T=1.2)",0.7777777777777778
"Generated (GRU, T=1.2)",0.8333333333333334
"Generated (GRU, T=1.2)",0.5714285714285714
"Generated (GRU, T=1.2)",0.5714285714285714
"Generated (GRU, T=1.2)",0.8
"Generated (GRU, T=1.2)",0.6
"Generated (GRU, T=1.2)",0.875
"Generated (GRU, T=1.2)",0.7272727272727273
"Generated (GRU, T=1.2)",0.6666666666666666
"Generated (GRU, T=1.2)",0.6666666666666666
"Generated (GRU, T=1.2)",0.5555555555555556
"Generated (GRU, T=1.2)",0.5714285714285714
"Generated (GRU, T=1.2)",0.6666666666666666
"Generated (GRU, T=1.2)",0.7142857142857143
"Generated (GRU, T=1.2)",0.7142857142857143
"Generated (GRU, T=1.2)",1.0
"Generated (GRU, T=1.2)",0.8
"Generated (GRU, T=1.2)",1.0
"Generated (GRU, T=1.2)",0.6
"Generated (GRU, T=1.2)",0.6666666666666666
"Generated (GRU, T=1.2)",0.6666666666666666
"Generated (GRU, T=1.2)",0.8
"Generated (GRU, T=1.2)",0.6666666666666666
"Generated (GRU, T=1.2)",0.6666666666666666
"Generated (GRU, T=1.2)",0.8333333333333334
"Generated (GRU, T=1.2)",0.6666666666666666
"Generated (GRU, T=1.2)",0.7
"Generated (GRU, T=1.2)",0.7142857142857143
"Generated (GRU, T=1.2)",0.9523809523809523
"Generated (GRU, T=1.2)",0.6666666666666666
"Generated (GRU, T=1.2)",0.6666666666666666
"Generated (GRU, T=1.2)",0.8
"Generated (GRU, T=1.2)",0.625
"Generated (GRU, T=1.2)",0.5
"Generated (GRU, T=1.2)",0.75
"Generated (GRU, T=1.2)",0.7692307692307693
"Generated (GRU, T=1.2)",0.8
"Generated (GRU, T=1.2)",1.0
"Generated (GRU, T=1.2)",0.6666666666666666
"Generated (GRU, T=1.2)",0.6
"Generated (GRU, T=1.2)",0.8333333333333334
"Generated (GRU, T=1.2)",0.8
"Generated (GRU, T=1.2)",0.6
"Generated (GRU, T=1.2)",0.8
"Generated (GRU, T=1.2)",0.8333333333333334
"Generated (GRU, T=1.2)",0.75
"Generated (GRU, T=1.2)",0.5
"Generated (GRU, T=1.2)",0.6666666666666666
"Generated (GRU, T=1.2)",0.6666666666666666
"Generated (GRU, T=1.2)",0.7272727272727273
"Generated (GRU, T=1.2)",0.6666666666666666
"Generated (GRU, T=1.2)",0.6
"Generated (GRU, T=1.2)",0.5
"Generated (GRU, T=1.2)",0.8333333333333334
"Generated (GRU, T=1.2)",0.8
"Generated (GRU, T=1.2)",0.6363636363636364
"Generated (GRU, T=1.2)",0.9
"Generated (GRU, T=1.2)",0.6666666666666666
"Generated (GRU, T=1.2)",0.75
"Generated (GRU, T=1.2)",0.6428571428571429
"Generated (GRU, T=1.2)",1.0
"Generated (GRU, T=1.2)",0.8333333333333334
"Generated (GRU, T=1.2)",0.7272727272727273
"Generated (GRU, T=1.2)",1.0
"Generated (GRU, T=1.2)",0.6
"Generated (GRU, T=1.2)",0.6666666666666666
"Generated (GRU, T=1.2)",0.6
"Generated (GRU, T=1.2)",0.8
"Generated (GRU, T=1.2)",0.6
"Generated (GRU, T=1.2)",0.8
"Generated (GRU, T=1.2)",0.6666666666666666
"Generated (GRU, T=1.2)",0.7272727272727273
"Generated (GRU, T=1.2)",0.7777777777777778
"Generated (GRU, T=1.2)",0.9166666666666666
"Generated (GRU, T=1.2)",1.0
"Generated (GRU, T=1.2)",0.6666666666666666
"Generated (GRU, T=1.2)",0.8
"Generated (GRU, T=1.2)",0.6666666666666666
"Generated (GRU, T=1.2)",0.8
"Generated (GRU, T=1.2)",0.8333333333333334
"Generated (GRU, T=1.2)",0.8
"Generated (GRU, T=1.2)",1.0
"Generated (GRU, T=1.2)",0.8
"Generated (GRU, T=1.2)",1.0
"Generated (GRU, T=1.2)",0.6666666666666666
"Generated (GRU, T=1.2)",0.8
"Generated (GRU, T=1.2)",0.6666666666666666
"Generated (GRU, T=1.2)",0.6
"Generated (GRU, T=1.2)",0.6
"Generated (GRU, T=1.2)",0.7142857142857143
"Generated (GRU, T=1.2)",0.8333333333333334
"Generated (GRU, T=1.2)",0.6428571428571429
"Generated (GRU, T=1.2)",0.8
"Generated (GRU, T=1.2)",0.7142857142857143
"Generated (GRU, T=1.2)",0.8
"Generated (GRU, T=1.2)",0.6666666666666666
"Generated (GRU, T=1.2)",0.9230769230769231
"Generated (GRU, T=1.2)",0.8333333333333334
"Generated (GRU, T=1.2)",0.8
"Generated (GRU, T=1.2)",0.85
"Generated (GRU, T=1.2)",0.8
"Generated (GRU, T=1.2)",0.5714285714285714
"Generated (GRU, T=1.2)",0.75
"Generated (GRU, T=1.2)",0.6666666666666666
"Generated (GRU, T=1.2)",0.6666666666666666
"Generated (GRU, T=1.2)",0.8571428571428571
"Generated (GRU, T=1.2)",0.6666666666666666
"Generated (GRU, T=1.2)",1.0
"Generated (GRU, T=1.2)",0.6875
"Generated (GRU, T=1.2)",0.7647058823529411
"Generated (GRU, T=1.2)",0.8333333333333334
"Generated (GRU, T=1.2)",0.8571428571428571
"Generated (GRU, T=1.2)",0.8333333333333334
"Generated (GRU, T=1.2)",0.875
"Generated (GRU, T=1.2)",0.6
"Generated (GRU, T=1.2)",0.6
"Generated (GRU, T=1.2)",0.7142857142857143
"Generated (GRU, T=1.2)",0.7272727272727273
"Generated (GRU, T=1.2)",1.0
"Generated (GRU, T=1.2)",0.7142857142857143
"Generated (GRU, T=1.2)",0.625
"Generated (GRU, T=1.2)",0.8
"Generated (GRU, T=1.2)",0.8333333333333334
"Generated (GRU, T=1.2)",0.9090909090909091
"Generated (GRU, T=1.2)",0.46153846153846156
"Generated (GRU, T=1.2)",0.6666666666666666
"Generated (GRU, T=1.2)",0.8
"Generated (GRU, T=1.2)",0.9285714285714286
"Generated (GRU, T=1.2)",0.7777777777777778
"Generated (GRU, T=1.2)",0.6
"Generated (GRU, T=1.2)",0.6
"Generated (GRU, T=1.2)",0.7142857142857143
"Generated (GRU, T=1.2)",0.6
"Generated (GRU, T=1.2)",0.6666666666666666
"Generated (GRU, T=1.2)",0.8333333333333334
"Generated (GRU, T=1.2)",0.8
"Generated (GRU, T=1.2)",0.6666666666666666
"Generated (GRU, T=1.2)",0.6666666666666666
"Generated (GRU, T=1.2)",0.8
"Generated (GRU, T=1.2)",0.875
"Generated (GRU, T=1.2)",0.875
"Generated (GRU, T=1.2)",0.7
"Generated (GRU, T=1.2)",0.7
"Generated (GRU, T=1.2)",0.8571428571428571
"Generated (GRU, T=1.2)",0.7368421052631579
"Generated (GRU, T=1.2)",0.8461538461538461
"Generated (GRU, T=1.2)",0.9666666666666667
"Generated (GRU, T=1.2)",0.8235294117647058
"Generated (GRU, T=1.2)",0.6666666666666666
"Generated (GRU, T=1.2)",0.6666666666666666
"Generated (GRU, T=1.2)",0.9090909090909091
"Generated (GRU, T=1.2)",0.8
"Generated (GRU, T=1.2)",0.8
"Generated (GRU, T=1.2)",0.6666666666666666
"Generated (GRU, T=1.2)",0.6
"Generated (GRU, T=1.2)",0.6666666666666666
"Generated (GRU, T=1.2)",0.8
"Generated (GRU, T=1.2)",0.8333333333333334
"Generated (GRU, T=1.2)",0.8
"Generated (GRU, T=1.2)",0.5454545454545454
"Generated (GRU, T=1.2)",0.8333333333333334
"Generated (GRU, T=1.2)",0.625
"Generated (GRU, T=1.2)",0.8461538461538461
"Generated (GRU, T=1.2)",0.8333333333333334
"Generated (GRU, T=1.2)",0.6
"Generated (GRU, T=1.2)",0.6
"Generated (GRU, T=1.2)",0.8333333333333334
"Generated (GRU, T=1.2)",0.6
"Generated (GRU, T=1.2)",0.6
"Generated (GRU, T=1.2)",0.8571428571428571
"Generated (GRU, T=1.2)",0.75
"Generated (GRU, T=1.2)",0.625
"Generated (GRU, T=1.2)",0.5555555555555556
"Generated (GRU, T=1.2)",0.6
"Generated (GRU, T=1.2)",0.5
"Generated (GRU, T=1.2)",0.6
"Generated (GRU, T=1.2)",0.9230769230769231
"Generated (GRU, T=1.2)",0.75
"Generated (GRU, T=1.2)",1.0
"Generated (GRU, T=1.2)",0.5
"Generated (GRU, T=1.2)",0.625
"Generated (GRU, T=1.2)",0.6666666666666666
"Generated (GRU, T=1.2)",1.0
"Generated (GRU, T=1.2)",0.8
"Generated (GRU, T=1.2)",0.8888888888888888
"Generated (GRU, T=1.2)",0.7142857142857143
"Generated (GRU, T=1.2)",1.0
"Generated (GRU, T=1.2)",0.8571428571428571
"Generated (GRU, T=1.2)",0.875
"Generated (GRU, T=1.2)",0.6
"Generated (GRU, T=1.2)",0.8
"Generated (GRU, T=1.2)",1.0
"Generated (GRU, T=1.2)",0.5
"Generated (GRU, T=1.2)",0.5
"Generated (GRU, T=1.2)",0.8
"Generated (GRU, T=1.2)",0.7777777777777778
"Generated (GRU, T=1.2)",0.6666666666666666
"Generated (GRU, T=1.2)",0.6666666666666666
"Generated (GRU, T=1.2)",0.6666666666666666
"Generated (GRU, T=1.2)",0.5
"Generated (GRU, T=1.2)",0.8
"Generated (GRU, T=1.2)",0.6666666666666666
"Generated (GRU, T=1.2)",0.8
"Generated (GRU, T=1.2)",0.6666666666666666
"Generated (GRU, T=1.2)",1.0
"Generated (GRU, T=1.2)",0.6666666666666666
"Generated (GRU, T=1.2)",0.6666666666666666
"Generated (GRU, T=1.2)",1.0
"Generated (GRU, T=1.2)",1.0
"Generated (GRU, T=1.2)",0.6666666666666666
"Generated (GRU, T=1.2)",0.8
"Generated (GRU, T=1.2)",0.625
"Generated (GRU, T=1.2)",0.8
"Generated (GRU, T=1.2)",0.8333333333333334
"Generated (GRU, T=1.2)",0.8
"Generated (GRU, T=1.2)",0.5384615384615384
"Generated (GRU, T=1.2)",0.7692307692307693
"Generated (GRU, T=1.2)",1.0
"Generated (GRU, T=1.2)",0.7777777777777778
"Generated (GRU, T=1.2)",0.9473684210526315
"Generated (GRU, T=1.2)",0.5
"Generated (GRU, T=1.2)",0.6363636363636364
"Generated (GRU, T=1.2)",0.6666666666666666
"Generated (GRU, T=1.2)",0.8
"Generated (GRU, T=1.2)",0.6666666666666666
"Generated (GRU, T=1.2)",0.8
"Generated (GRU, T=1.2)",0.6666666666666666
"Generated (GRU, T=1.2)",0.6666666666666666
"Generated (GRU, T=1.2)",0.8571428571428571
"Generated (GRU, T=1.2)",0.6666666666666666
"Generated (GRU, T=1.2)",0.75
"Generated (GRU, T=1.2)",0.5
"Generated (GRU, T=1.2)",0.7272727272727273
"Generated (GRU, T=1.2)",0.7777777777777778
"Generated (GRU, T=1.2)",0.6
"Generated (GRU, T=1.2)",0.8333333333333334
"Generated (GRU, T=1.2)",0.6
"Generated (GRU, T=1.2)",0.6666666666666666
"Generated (GRU, T=1.2)",0.6666666666666666
"Generated (GRU, T=1.2)",0.8571428571428571
"Generated (GRU, T=1.2)",0.6666666666666666
"Generated (GRU, T=1.2)",0.6
"Generated (GRU, T=1.2)",0.6
"Generated (GRU, T=1.2)",0.6666666666666666
"Generated (GRU, T=1.2)",0.896551724137931
"Generated (GRU, T=1.2)",0.6666666666666666
"Generated (GRU, T=1.2)",0.8571428571428571
"Generated (GRU, T=1.2)",0.5
"Generated (GRU, T=1.2)",0.6666666666666666
"Generated (GRU, T=1.2)",0.8
"Generated (GRU, T=1.2)",0.75
"Generated (GRU, T=1.2)",0.75
"Generated (GRU, T=1.2)",0.8620689655172413
"Generated (GRU, T=1.2)",0.7
"Generated (GRU, T=1.2)",1.0
"Generated (GRU, T=1.2)",0.6666666666666666
"Generated (GRU, T=1.2)",0.6
"Generated (GRU, T=1.2)",0.9130434782608695
"Generated (GRU, T=1.2)",0.6
"Generated (GRU, T=1.2)",1.0
"Generated (GRU, T=1.2)",0.8571428571428571
"Generated (GRU, T=1.2)",0.5714285714285714
"Generated (GRU, T=1.2)",0.7777777777777778
"Generated (GRU, T=1.2)",0.6
"Generated (GRU, T=1.2)",0.7272727272727273
"Generated (GRU, T=1.2)",0.75
"Generated (GRU, T=1.2)",0.8571428571428571
"Generated (GRU, T=1.2)",0.9444444444444444
"Generated (GRU, T=1.2)",0.6
"Generated (GRU, T=1.2)",1.0
"Generated (GRU, T=1.2)",0.6
"Generated (GRU, T=1.2)",0.7142857142857143
"Generated (GRU, T=1.2)",0.6
"Generated (GRU, T=1.2)",0.6666666666666666
"Generated (GRU, T=1.2)",0.6666666666666666
"Generated (GRU, T=1.2)",0.9
"Generated (GRU, T=1.2)",0.6
"Generated (GRU, T=1.2)",0.8
"Generated (GRU, T=1.2)",0.8
"Generated (GRU, T=1.2)",0.6666666666666666
"Generated (GRU, T=1.2)",0.6
"Generated (GRU, T=1.2)",0.7619047619047619
"Generated (GRU, T=1.2)",1.0
"Generated (GRU, T=1.2)",0.6
"Generated (GRU, T=1.2)",0.6
"Generated (GRU, T=1.2)",0.6
"Generated (GRU, T=1.2)",0.8333333333333334
"Generated (GRU, T=1.2)",0.9
"Generated (GRU, T=1.2)",1.0
"Generated (GRU, T=1.2)",1.0
"Generated (GRU, T=1.2)",0.8
"Generated (GRU, T=1.2)",0.9
"Generated (GRU, T=1.2)",0.42857142857142855
"Generated (GRU, T=1.2)",0.6
"Generated (GRU, T=1.2)",0.6
"Generated (GRU, T=1.2)",0.8333333333333334
"Generated (GRU, T=1.2)",0.9285714285714286
"Generated (GRU, T=1.2)",0.6666666666666666
"Generated (GRU, T=1.2)",0.625
"Generated (GRU, T=1.2)",0.6
"Generated (GRU, T=1.2)",0.8
"Generated (GRU, T=1.2)",0.5714285714285714
"Generated (GRU, T=1.2)",0.8
"Generated (GRU, T=1.2)",0.8333333333333334
"Generated (GRU, T=1.2)",1.0
"Generated (GRU, T=1.2)",1.0
"Generated (GRU, T=1.2)",0.7142857142857143
"Generated (GRU, T=1.2)",0.8
"Generated (GRU, T=1.2)",0.8
"Generated (GRU, T=1.2)",0.8
"Generated (GRU, T=1.2)",0.6
"Generated (GRU, T=1.2)",0.7142857142857143
"Generated (GRU, T=1.2)",0.7142857142857143
"Generated (GRU, T=1.2)",0.7777777777777778
"Generated (GRU, T=1.2)",0.625
"Generated (GRU, T=1.2)",0.46153846153846156
"Generated (GRU, T=1.2)",0.6666666666666666
"Generated (GRU, T=1.2)",0.9
"Generated (GRU, T=1.2)",0.6666666666666666
"Generated (GRU, T=1.2)",0.9090909090909091
"Generated (GRU, T=1.2)",0.6666666666666666
"Generated (GRU, T=1.2)",0.8
"Generated (GRU, T=1.2)",0.8571428571428571
"Generated (GRU, T=1.2)",0.6
"Generated (GRU, T=1.2)",0.8
"Generated (GRU, T=1.2)",1.0
"Generated (GRU, T=1.2)",0.6
"Generated (GRU, T=1.2)",0.6
"Generated (GRU, T=1.2)",0.8333333333333334
"Generated (GRU, T=1.2)",0.6666666666666666
"Generated (GRU, T=1.2)",0.6
"Generated (GRU, T=1.2)",1.0
"Generated (GRU, T=1.2)",1.0
"Generated (GRU, T=1.2)",0.782608695652174
"Generated (GRU, T=1.2)",0.6
"Generated (GRU, T=1.2)",1.0
"Generated (GRU, T=1.2)",0.6
"Generated (GRU, T=1.2)",1.0
"Generated (GRU, T=1.2)",0.6666666666666666
"Generated (GRU, T=1.2)",0.8
"Generated (GRU, T=1.2)",0.7777777777777778
"Generated (GRU, T=1.2)",0.6666666666666666
"Generated (GRU, T=1.2)",0.6666666666666666
"Generated (GRU, T=1.2)",0.7142857142857143
"Generated (GRU, T=1.2)",0.625
"Generated (GRU, T=1.2)",0.7142857142857143
"Generated (GRU, T=1.2)",0.5833333333333334
"Generated (GRU, T=1.2)",0.7333333333333333
"Generated (GRU, T=1.2)",0.6
"Generated (GRU, T=1.2)",0.75
"Generated (GRU, T=1.2)",1.0
"Generated (GRU, T=1.2)",0.8333333333333334
"Generated (GRU, T=1.2)",0.8
"Generated (GRU, T=1.2)",0.7777777777777778
"Generated (GRU, T=1.2)",1.0
"Generated (GRU, T=1.2)",0.6666666666666666
"Generated (GRU, T=1.2)",0.8
"Generated (GRU, T=1.2)",0.75
"Generated (GRU, T=1.2)",0.6
"Generated (GRU, T=1.2)",0.8
"Generated (GRU, T=1.2)",0.7692307692307693
"Generated (GRU, T=1.2)",0.8
"Generated (GRU, T=1.2)",1.0
"Generated (GRU, T=1.2)",0.8
"Generated (GRU, T=1.2)",0.5
"Generated (GRU, T=1.2)",0.8571428571428571
"Generated (GRU, T=1.2)",0.8571428571428571
"Generated (GRU, T=1.2)",0.6666666666666666
"Generated (GRU, T=1.2)",0.8571428571428571
"Generated (GRU, T=1.2)",0.7777777777777778
"Generated (GRU, T=1.2)",0.9545454545454546
"Generated (GRU, T=1.2)",0.7692307692307693
"Generated (GRU, T=1.2)",0.7142857142857143
"Generated (GRU, T=1.2)",0.6
"Generated (GRU, T=1.2)",0.6
"Generated (GRU, T=1.2)",0.5
"Generated (GRU, T=1.2)",0.6
"Generated (GRU, T=1.2)",0.6
"Generated (GRU, T=1.2)",0.8571428571428571
"Generated (GRU, T=1.2)",0.5714285714285714
"Generated (GRU, T=1.2)",0.6
"Generated (GRU, T=1.2)",0.5714285714285714
"Generated (GRU, T=1.2)",0.75
"Generated (GRU, T=1.2)",0.75
"Generated (GRU, T=1.2)",0.8
"Generated (GRU, T=1.2)",0.8
"Generated (GRU, T=1.2)",0.7142857142857143
"Generated (GRU, T=1.2)",0.6666666666666666
"Generated (GRU, T=1.2)",0.75
"Generated (GRU, T=1.2)",0.6
"Generated (GRU, T=1.2)",0.9090909090909091
"Generated (GRU, T=1.2)",0.9354838709677419
"Generated (GRU, T=1.2)",0.6666666666666666
"Generated (GRU, T=1.2)",0.8333333333333334
"Generated (GRU, T=1.2)",1.0
"Generated (GRU, T=1.2)",0.68
"Generated (GRU, T=1.2)",0.9166666666666666
"Generated (GRU, T=1.2)",0.625
"Generated (GRU, T=1.2)",0.6
"Generated (GRU, T=1.2)",0.5714285714285714
"Generated (GRU, T=1.2)",0.9411764705882353
"Generated (GRU, T=1.2)",0.6666666666666666
"Generated (GRU, T=1.2)",0.8
"Generated (GRU, T=1.2)",0.6363636363636364
"Generated (GRU, T=1.2)",0.6
"Generated (GRU, T=1.2)",0.7
"Generated (GRU, T=1.2)",0.5714285714285714
"Generated (GRU, T=1.2)",0.875
"Generated (GRU, T=1.2)",0.8
"Generated (GRU, T=1.2)",0.8
"Generated (GRU, T=1.2)",0.6
"Generated (GRU, T=1.2)",0.6666666666666666
"Generated (GRU, T=1.2)",0.7777777777777778
"Generated (GRU, T=1.2)",0.8
"Generated (GRU, T=1.2)",0.9166666666666666
"Generated (GRU, T=1.2)",0.6
"Generated (GRU, T=1.2)",0.8333333333333334
"Generated (GRU, T=1.2)",0.5
"Generated (GRU, T=1.2)",1.0
"Generated (GRU, T=1.2)",0.75
"Generated (GRU, T=1.2)",0.8
"Generated (GRU, T=1.2)",0.8
"Generated (GRU, T=1.2)",1.0
"Generated (GRU, T=1.2)",0.4444444444444444
"Generated (GRU, T=1.2)",0.9285714285714286
"Generated (GRU, T=1.2)",0.6666666666666666
"Generated (GRU, T=1.2)",1.0
"Generated (GRU, T=1.2)",0.6
"Generated (GRU, T=1.2)",0.6666666666666666
"Generated (GRU, T=1.2)",0.9583333333333334
"Generated (GRU, T=1.2)",0.6
"Generated (GRU, T=1.2)",0.7692307692307693
"Generated (GRU, T=1.2)",0.8
"Generated (GRU, T=1.2)",0.42857142857142855
"Generated (GRU, T=1.2)",0.6666666666666666
"Generated (GRU, T=1.2)",0.6666666666666666
"Generated (GRU, T=1.2)",0.5833333333333334
"Generated (GRU, T=1.2)",0.5
"Generated (GRU, T=1.2)",0.8333333333333334
"Generated (GRU, T=1.2)",0.9166666666666666
"Generated (GRU, T=1.2)",0.6666666666666666
"Generated (GRU, T=1.2)",0.6
"Generated (GRU, T=1.2)",0.6666666666666666
"Generated (GRU, T=1.2)",0.6666666666666666
"Generated (GRU, T=1.2)",0.8333333333333334
"Generated (GRU, T=1.2)",0.6666666666666666
"Generated (GRU, T=1.2)",0.8
"Generated (GRU, T=1.2)",0.8571428571428571
"Generated (GRU, T=1.2)",0.8333333333333334
"Generated (GRU, T=1.2)",0.8
"Generated (GRU, T=1.2)",0.9545454545454546
"Generated (GRU, T=1.2)",0.8
"Generated (GRU, T=1.2)",0.6666666666666666
"Generated (GRU, T=1.2)",0.8
"Generated (GRU, T=1.2)",0.6363636363636364
"Generated (GRU, T=1.2)",0.875
"Generated (GRU, T=1.2)",0.8
"Generated (GRU, T=1.2)",0.6
"Generated (GRU, T=1.2)",1.0
"Generated (GRU, T=1.2)",0.6666666666666666
"Generated (GRU, T=1.2)",0.7692307692307693
"Generated (GRU, T=1.2)",1.0
"Generated (GRU, T=1.2)",1.0
"Generated (GRU, T=1.2)",0.8
"Generated (GRU, T=1.2)",0.6
"Generated (GRU, T=1.2)",0.6666666666666666
"Generated (GRU, T=1.2)",0.6666666666666666
"Generated (GRU, T=1.2)",0.5
"Generated (GRU, T=1.2)",1.0
"Generated (GRU, T=1.2)",0.8
"Generated (GRU, T=1.2)",0.75
"Generated (GRU, T=1.2)",0.6666666666666666
"Generated (GRU, T=1.2)",0.7142857142857143
"Generated (GRU, T=1.2)",0.84
"Generated (GRU, T=1.2)",1.0
"Generated (GRU, T=1.2)",0.8571428571428571
"Generated (GRU, T=1.2)",0.8
"Generated (GRU, T=1.2)",0.8
"Generated (GRU, T=1.2)",0.5
"Generated (GRU, T=1.2)",0.8888888888888888
"Generated (GRU, T=1.2)",1.0
"Generated (GRU, T=1.2)",0.7142857142857143
"Generated (GRU, T=1.2)",1.0
"Generated (GRU, T=1.2)",0.6
"Generated (GRU, T=1.2)",0.8571428571428571
"Generated (GRU, T=1.2)",0.75
"Generated (GRU, T=1.2)",0.6666666666666666
"Generated (GRU, T=1.2)",0.5
"Generated (GRU, T=1.2)",0.8
"Generated (GRU, T=1.2)",0.6666666666666666
"Generated (GRU, T=1.2)",0.9411764705882353
"Generated (GRU, T=1.2)",0.6666666666666666
"Generated (GRU, T=1.2)",0.6666666666666666
"Generated (GRU, T=1.2)",1.0
"Generated (GRU, T=1.2)",0.6
"Generated (GRU, T=1.2)",0.6666666666666666
"Generated (GRU, T=1.2)",0.5833333333333334
"Generated (GRU, T=1.2)",0.8
"Generated (GRU, T=1.2)",0.6666666666666666
"Generated (GRU, T=1.2)",0.6666666666666666
"Generated (GRU, T=1.2)",0.7
"Generated (GRU, T=1.2)",0.6666666666666666
"Generated (GRU, T=1.2)",0.7142857142857143
"Generated (GRU, T=1.2)",0.8
"Generated (GRU, T=1.2)",0.6666666666666666
"Generated (GRU, T=1.2)",0.6666666666666666
"Generated (GRU, T=1.2)",0.6666666666666666
"Generated (GRU, T=1.2)",0.625
"Generated (GRU, T=1.2)",0.7
"Generated (GRU, T=1.2)",0.8
"Generated (GRU, T=1.2)",0.7142857142857143
"Generated (GRU, T=1.2)",0.875
"Generated (GRU, T=1.2)",0.6923076923076923
"Generated (GRU, T=1.2)",0.7777777777777778
"Generated (GRU, T=1.2)",0.6666666666666666
"Generated (GRU, T=1.2)",0.875
"Generated (GRU, T=1.2)",1.0
"Generated (GRU, T=1.2)",0.8333333333333334
"Generated (GRU, T=1.2)",0.8571428571428571
"Generated (GRU, T=1.2)",0.8
"Generated (GRU, T=1.2)",0.6666666666666666
"Generated (GRU, T=1.2)",0.8
"Generated (GRU, T=1.2)",0.8
"Generated (GRU, T=1.2)",1.0
"Generated (GRU, T=1.2)",0.7777777777777778
"Generated (GRU, T=1.2)",0.6153846153846154
"Generated (GRU, T=1.2)",0.6666666666666666
"Generated (GRU, T=1.2)",1.0
"Generated (GRU, T=1.2)",0.8181818181818182
"Generated (GRU, T=1.2)",1.0
"Generated (GRU, T=1.2)",0.6666666666666666
"Generated (GRU, T=1.2)",0.8
"Generated (GRU, T=1.2)",0.7142857142857143
"Generated (GRU, T=1.2)",0.8
"Generated (GRU, T=1.2)",0.8333333333333334
"Generated (GRU, T=1.2)",0.8
"Generated (GRU, T=1.2)",0.6666666666666666
"Generated (GRU, T=1.2)",0.8888888888888888
"Generated (GRU, T=1.2)",0.6666666666666666
"Generated (GRU, T=1.2)",1.0
"Generated (GRU, T=1.2)",0.875
"Generated (GRU, T=1.2)",0.5
"Generated (GRU, T=1.2)",0.75
"Generated (GRU, T=1.2)",0.6666666666666666
"Generated (GRU, T=1.2)",0.6
"Generated (GRU, T=1.2)",0.8
"Generated (GRU, T=1.2)",0.8
"Generated (GRU, T=1.2)",1.0
"Generated (GRU, T=1.2)",0.8888888888888888
"Generated (GRU, T=1.2)",0.9090909090909091
"Generated (GRU, T=1.2)",0.5
"Generated (GRU, T=1.2)",1.0
"Generated (GRU, T=1.2)",0.7647058823529411
"Generated (GRU, T=1.2)",0.6666666666666666
"Generated (GRU, T=1.2)",0.6
"Generated (GRU, T=1.2)",0.6
"Generated (GRU, T=1.2)",0.6666666666666666
"Generated (GRU, T=1.2)",0.7142857142857143
"Generated (GRU, T=1.2)",0.6666666666666666
"Generated (GRU, T=1.2)",0.4444444444444444
"Generated (GRU, T=1.2)",0.6666666666666666
"Generated (GRU, T=1.2)",1.0
"Generated (GRU, T=1.2)",1.0
"Generated (GRU, T=1.2)",1.0
"Generated (GRU, T=1.2)",0.6
"Generated (GRU, T=1.2)",0.7272727272727273
"Generated (GRU, T=1.2)",0.7272727272727273
"Generated (GRU, T=1.2)",0.8
"Generated (GRU, T=1.2)",0.6
"Generated (GRU, T=1.2)",0.7
"Generated (GRU, T=1.2)",0.8461538461538461
"Generated (GRU, T=1.2)",0.875
"Generated (GRU, T=1.2)",0.7142857142857143
"Generated (GRU, T=1.2)",0.875
"Generated (GRU, T=1.2)",0.8
"Generated (GRU, T=1.2)",0.6666666666666666
"Generated (GRU, T=1.2)",0.8
"Generated (GRU, T=1.2)",0.8571428571428571
"Generated (GRU, T=1.2)",1.0
"Generated (GRU, T=1.2)",0.8666666666666667
"Generated (GRU, T=1.2)",0.7142857142857143
"Generated (GRU, T=1.2)",0.6
"Generated (GRU, T=1.2)",0.8
"Generated (GRU, T=1.2)",0.7142857142857143
"Generated (GRU, T=1.2)",0.6
"Generated (GRU, T=1.2)",1.0
"Generated (GRU, T=1.2)",0.7142857142857143
"Generated (GRU, T=1.2)",0.7142857142857143
"Generated (GRU, T=1.2)",0.7142857142857143
"Generated (GRU, T=1.2)",1.0
"Generated (GRU, T=1.2)",0.6666666666666666
"Generated (GRU, T=1.2)",0.6666666666666666
"Generated (GRU, T=1.2)",0.6666666666666666
"Generated (GRU, T=1.2)",0.5
"Generated (GRU, T=1.2)",0.7272727272727273
"Generated (GRU, T=1.2)",1.0
"Generated (GRU, T=1.2)",0.8
"Generated (GRU, T=1.2)",0.6
"Generated (GRU, T=1.2)",1.0
"Generated (GRU, T=1.2)",0.6666666666666666
"Generated (GRU, T=1.2)",0.8
"Generated (GRU, T=1.2)",0.8
"Generated (GRU, T=1.2)",1.0
"Generated (GRU, T=1.2)",0.75
"Generated (GRU, T=1.2)",0.8333333333333334
"Generated (GRU, T=1.2)",0.6
"Generated (GRU, T=1.2)",0.8333333333333334
"Generated (GRU, T=1.2)",0.7142857142857143
"Generated (GRU, T=1.2)",1.0
"Generated (GRU, T=1.2)",0.8888888888888888
"Generated (GRU, T=1.2)",0.6666666666666666
"Generated (GRU, T=1.2)",0.8
"Generated (GRU, T=1.2)",0.6
"Generated (GRU, T=1.2)",0.8333333333333334
"Generated (GRU, T=1.2)",0.75
"Generated (GRU, T=1.2)",0.7
"Generated (GRU, T=1.2)",0.5
"Generated (GRU, T=1.2)",0.7
"Generated (GRU, T=1.2)",0.8571428571428571
"Generated (GRU, T=1.2)",0.8333333333333334
"Generated (GRU, T=1.2)",0.7272727272727273
"Generated (GRU, T=1.2)",0.7142857142857143
"Generated (GRU, T=1.2)",0.6
"Generated (GRU, T=1.2)",0.8571428571428571
"Generated (GRU, T=1.2)",0.8
"Generated (GRU, T=1.2)",1.0
"Generated (GRU, T=1.2)",0.6875
"Generated (GRU, T=1.2)",0.6666666666666666
"Generated (GRU, T=1.2)",0.75
"Generated (GRU, T=1.2)",0.6
"Generated (GRU, T=1.2)",0.7272727272727273
"Generated (GRU, T=1.2)",0.8333333333333334
"Generated (GRU, T=1.2)",0.75
"Generated (GRU, T=1.2)",0.6666666666666666
"Generated (GRU, T=1.2)",0.6666666666666666
"Generated (GRU, T=1.2)",0.6
"Generated (GRU, T=1.2)",1.0
"Generated (GRU, T=1.2)",0.6666666666666666
"Generated (GRU, T=1.2)",0.8
"Generated (GRU, T=1.2)",0.875
"Generated (GRU, T=1.2)",0.6666666666666666
"Generated (GRU, T=1.2)",0.6666666666666666
"Generated (GRU, T=1.2)",0.8
"Generated (GRU, T=1.2)",0.7777777777777778
"Generated (GRU, T=1.2)",1.0
"Generated (GRU, T=1.2)",0.5
"Generated (GRU, T=1.2)",0.6666666666666666
"Generated (GRU, T=1.2)",0.8888888888888888
"Generated (GRU, T=1.2)",0.8333333333333334
"Generated (GRU, T=1.2)",0.6666666666666666
"Generated (GRU, T=1.2)",0.8
"Generated (GRU, T=1.2)",0.6666666666666666
"Generated (GRU, T=1.2)",0.8
"Generated (GRU, T=1.2)",0.6
"Generated (GRU, T=1.2)",0.8
"Generated (GRU, T=1.2)",1.0
"Generated (GRU, T=1.2)",0.8333333333333334
"Generated (GRU, T=1.2)",0.6
"Generated (GRU, T=1.2)",0.8
"Generated (GRU, T=1.2)",1.0
"Generated (GRU, T=1.2)",0.8333333333333334
"Generated (GRU, T=1.2)",0.6
"Generated (GRU, T=1.2)",0.5714285714285714
"Generated (GRU, T=1.2)",0.6666666666666666
"Generated (GRU, T=1.2)",0.7142857142857143
"Generated (GRU, T=1.2)",1.0
"Generated (GRU, T=1.2)",0.9090909090909091
"Generated (GRU, T=1.2)",0.7272727272727273
"Generated (GRU, T=1.2)",0.6
"Generated (GRU, T=1.2)",0.95
"Generated (GRU, T=1.2)",0.9473684210526315
"Generated (GRU, T=1.2)",0.8
"Generated (GRU, T=1.2)",0.6666666666666666
"Generated (GRU, T=1.2)",0.8571428571428571
"Generated (GRU, T=1.2)",0.6
"Generated (GRU, T=1.2)",1.0
"Generated (GRU, T=1.2)",0.5
"Generated (GRU, T=1.2)",0.8
"Generated (GRU, T=1.2)",0.65
"Generated (GRU, T=1.2)",0.6666666666666666
"Generated (GRU, T=1.2)",0.6
"Generated (GRU, T=1.2)",0.6666666666666666
"Generated (GRU, T=1.2)",0.6363636363636364
"Generated (GRU, T=1.2)",0.6
"Generated (GRU, T=1.2)",0.5
"Generated (GRU, T=1.2)",0.6666666666666666
"Generated (GRU, T=1.2)",0.6666666666666666
"Generated (GRU, T=1.2)",0.8571428571428571
"Generated (GRU, T=1.2)",0.9230769230769231
"Generated (GRU, T=1.2)",0.8
"Generated (GRU, T=1.2)",0.6666666666666666
"Generated (GRU, T=1.2)",0.6666666666666666
"Generated (GRU, T=1.2)",0.875
"Generated (GRU, T=1.2)",0.6666666666666666
"Generated (GRU, T=1.2)",0.6666666666666666
"Generated (GRU, T=1.2)",0.75
"Generated (GRU, T=1.2)",0.5263157894736842
"Generated (GRU, T=1.2)",0.5714285714285714
"Generated (GRU, T=1.2)",0.6
"Generated (GRU, T=1.2)",1.0
"Generated (GRU, T=1.2)",0.5
"Generated (GRU, T=1.2)",0.6666666666666666
"Generated (GRU, T=1.2)",0.8333333333333334
"Generated (GRU, T=1.2)",0.6666666666666666
"Generated (GRU, T=1.2)",0.8333333333333334
"Generated (GRU, T=1.2)",1.0
"Generated (GRU, T=1.2)",0.5
"Generated (GRU, T=1.2)",0.7692307692307693
"Generated (GRU, T=1.2)",0.8
"Generated (GRU, T=1.2)",0.6
"Generated (GRU, T=1.2)",0.6666666666666666
"Generated (GRU, T=1.2)",0.8571428571428571
"Generated (GRU, T=1.2)",0.6666666666666666
"Generated (GRU, T=1.2)",0.8
"Generated (GRU, T=1.2)",1.0
"Generated (GRU, T=1.2)",0.875
"Generated (GRU, T=1.2)",0.6666666666666666
"Generated (GRU, T=1.2)",0.6
"Generated (GRU, T=1.2)",0.625
"Generated (GRU, T=1.2)",0.6
"Generated (GRU, T=1.2)",0.6666666666666666
"Generated (GRU, T=1.2)",0.7
"Generated (GRU, T=1.2)",0.8
"Generated (GRU, T=1.2)",1.0
"Generated (GRU, T=1.2)",1.0
"Generated (GRU, T=1.2)",0.8181818181818182
"Generated (GRU, T=1.2)",0.6666666666666666
"Generated (GRU, T=1.2)",0.7
"Generated (GRU, T=1.2)",0.6
"Generated (GRU, T=1.2)",0.6
"Generated (GRU, T=1.2)",0.6666666666666666
"Generated (GRU, T=1.2)",0.6428571428571429
"Generated (GRU, T=1.2)",0.6666666666666666
"Generated (GRU, T=1.2)",0.95
"Generated (GRU, T=1.2)",0.8888888888888888
"Generated (GRU, T=1.2)",0.6666666666666666
"Generated (GRU, T=1.2)",0.5714285714285714
"Generated (GRU, T=1.2)",0.7142857142857143
"Generated (GRU, T=1.2)",0.7142857142857143
"Generated (GRU, T=1.2)",0.8333333333333334
"Generated (GRU, T=1.2)",0.8
"Generated (GRU, T=1.2)",0.6666666666666666
"Generated (GRU, T=1.2)",1.0
"Generated (GRU, T=1.2)",0.6666666666666666
"Generated (GRU, T=1.2)",0.9166666666666666
"Generated (GRU, T=1.2)",0.9090909090909091
"Generated (GRU, T=1.2)",0.6
"Generated (GRU, T=1.2)",0.8888888888888888
"Generated (GRU, T=1.2)",1.0
"Generated (GRU, T=1.2)",0.6923076923076923
"Generated (GRU, T=1.2)",0.85
"Generated (GRU, T=1.2)",0.5
"Generated (GRU, T=1.2)",0.9166666666666666
"Generated (GRU, T=1.2)",0.6666666666666666
"Generated (GRU, T=1.2)",0.8888888888888888
"Generated (GRU, T=1.2)",0.8333333333333334
"Generated (GRU, T=1.2)",0.7142857142857143
"Generated (GRU, T=1.2)",0.7142857142857143
"Generated (GRU, T=1.2)",0.6666666666666666
"Generated (GRU, T=1.2)",0.5
"Generated (GRU, T=1.2)",0.6
"Generated (GRU, T=1.2)",0.5384615384615384
"Generated (GRU, T=1.2)",0.96
"Generated (GRU, T=1.2)",0.625
"Generated (GRU, T=1.2)",0.6666666666666666
"Generated (GRU, T=1.2)",0.75
"Generated (GRU, T=1.2)",0.6
"Generated (GRU, T=1.2)",0.6153846153846154
"Generated (GRU, T=1.2)",0.6086956521739131
"Generated (GRU, T=1.2)",0.8
"Generated (GRU, T=1.2)",0.625
"Generated (GRU, T=1.2)",0.7142857142857143
"Generated (GRU, T=1.2)",0.8571428571428571
"Generated (GRU, T=1.2)",0.8333333333333334
"Generated (GRU, T=1.2)",0.7142857142857143
"Generated (GRU, T=1.2)",0.625
"Generated (GRU, T=1.2)",0.6
"Generated (GRU, T=1.2)",0.8
"Generated (GRU, T=1.2)",1.0
"Generated (GRU, T=1.2)",0.75
"Generated (GRU, T=1.2)",0.6923076923076923
"Generated (GRU, T=1.2)",0.6666666666666666
"Generated (GRU, T=1.2)",0.7142857142857143
"Generated (GRU, T=1.2)",0.6
"Generated (GRU, T=1.2)",0.7142857142857143
"Generated (GRU, T=1.2)",0.8888888888888888
"Generated (GRU, T=1.2)",1.0
"Generated (GRU, T=1.2)",0.7777777777777778
"Generated (GRU, T=1.2)",0.8571428571428571
"Generated (GRU, T=1.2)",0.6666666666666666
"Generated (GRU, T=1.2)",0.625
"Generated (GRU, T=1.2)",0.6666666666666666
"Generated (GRU, T=1.2)",0.6
"Generated (GRU, T=1.2)",0.6666666666666666
"Generated (GRU, T=1.2)",1.0
"Generated (GRU, T=1.2)",0.6
"Generated (GRU, T=1.2)",0.5
"Generated (GRU, T=1.2)",0.8
"Generated (GRU, T=1.2)",0.6666666666666666
"Generated (GRU, T=1.2)",0.6
"Generated (GRU, T=1.2)",0.6
"Generated (GRU, T=1.2)",0.8333333333333334
"Generated (GRU, T=1.2)",0.6666666666666666
"Generated (GRU, T=1.2)",0.6666666666666666
"Generated (GRU, T=1.2)",0.6
"Generated (GRU, T=1.2)",0.8
"Generated (GRU, T=1.2)",0.8571428571428571
"Generated (GRU, T=1.2)",0.5555555555555556
"Generated (GRU, T=1.2)",0.6
"Generated (GRU, T=1.2)",0.6666666666666666
"Generated (GRU, T=1.2)",0.6666666666666666
"Generated (GRU, T=1.2)",0.75
"Generated (GRU, T=1.2)",0.6
"Generated (GRU, T=1.2)",0.8333333333333334
"Generated (GRU, T=1.2)",0.5714285714285714
"Generated (GRU, T=1.2)",0.8333333333333334
"Generated (GRU, T=1.2)",0.6153846153846154
"Generated (GRU, T=1.2)",0.6
"Generated (GRU, T=1.2)",1.0
"Generated (GRU, T=1.2)",0.5555555555555556
"Generated (GRU, T=1.2)",0.6
"Generated (GRU, T=1.2)",0.75
"Generated (GRU, T=1.2)",0.8
"Generated (GRU, T=1.2)",0.5
"Generated (GRU, T=1.2)",1.0
"Generated (GRU, T=1.2)",0.6923076923076923
"Generated (GRU, T=1.2)",1.0
"Generated (GRU, T=1.2)",0.625
"Generated (GRU, T=1.2)",0.8
"Generated (GRU, T=1.2)",0.6
"Generated (GRU, T=1.2)",0.8
"Generated (GRU, T=1.2)",0.8
"Generated (GRU, T=1.2)",0.6666666666666666
"Generated (GRU, T=1.2)",0.7777777777777778
"Generated (GRU, T=1.2)",1.0
"Generated (GRU, T=1.2)",0.8333333333333334
"Generated (GRU, T=1.2)",0.5
"Generated (GRU, T=1.2)",0.6
"Generated (GRU, T=1.2)",0.6666666666666666
"Generated (GRU, T=1.2)",0.6666666666666666
"Generated (GRU, T=1.2)",0.6
"Generated (GRU, T=1.2)",0.8333333333333334
"Generated (GRU, T=1.2)",0.6153846153846154
"Generated (GRU, T=1.2)",0.6
"Generated (GRU, T=1.2)",0.8888888888888888
"Generated (GRU, T=1.2)",0.6
"Generated (GRU, T=1.2)",0.6666666666666666
"Generated (GRU, T=1.2)",0.6666666666666666
"Generated (GRU, T=1.2)",0.8333333333333334
"Generated (GRU, T=1.2)",0.75
"Generated (GRU, T=1.2)",0.6
"Generated (GRU, T=1.2)",0.6666666666666666
"Generated (GRU, T=1.2)",0.8333333333333334
"Generated (GRU, T=1.2)",0.5714285714285714
"Generated (GRU, T=1.2)",0.8333333333333334
"Generated (GRU, T=1.2)",0.7142857142857143
"Generated (GRU, T=1.2)",0.6
"Generated (GRU, T=1.2)",0.8333333333333334
"Generated (GRU, T=1.2)",0.5714285714285714
"Generated (GRU, T=1.2)",0.8333333333333334
"Generated (GRU, T=1.2)",0.6666666666666666
"Generated (GRU, T=1.2)",0.6
"Generated (GRU, T=1.2)",0.6666666666666666
"Generated (GRU, T=1.2)",0.5263157894736842
"Generated (GRU, T=1.2)",0.625
"Generated (GRU, T=1.2)",1.0
"Generated (GRU, T=1.2)",0.8
"Generated (GRU, T=1.2)",1.0
"Generated (GRU, T=1.2)",0.6666666666666666
"Generated (GRU, T=1.2)",1.0
"Generated (GRU, T=1.2)",0.8888888888888888
"Generated (GRU, T=1.2)",0.625
"Generated (GRU, T=1.2)",1.0
"Generated (GRU, T=1.2)",0.8
"Generated (GRU, T=1.2)",1.0
"Generated (GRU, T=1.2)",0.6666666666666666
"Generated (GRU, T=1.2)",0.625
"Generated (GRU, T=1.2)",0.5714285714285714
"Generated (GRU, T=1.2)",0.8
"Generated (GRU, T=1.2)",0.9
"Generated (GRU, T=1.2)",0.8571428571428571
"Generated (GRU, T=1.2)",0.6666666666666666
"Generated (GRU, T=1.2)",0.8333333333333334
"Generated (GRU, T=1.2)",0.6
"Generated (GRU, T=1.2)",0.6666666666666666
"Generated (GRU, T=1.2)",0.7777777777777778
"Generated (GRU, T=1.2)",0.7272727272727273
"Generated (GRU, T=1.2)",0.8421052631578947
"Generated (GRU, T=1.2)",0.8181818181818182
"Generated (GRU, T=1.2)",0.6
"Generated (GRU, T=1.2)",0.7142857142857143
"Generated (GRU, T=1.2)",0.6
"Generated (GRU, T=1.2)",0.8181818181818182
"Generated (GRU, T=1.2)",0.6666666666666666
"Generated (GRU, T=1.2)",1.0
"Generated (GRU, T=1.2)",0.8
"Generated (GRU, T=1.2)",0.8
"Generated (GRU, T=1.2)",0.6666666666666666
"Generated (GRU, T=1.2)",0.6666666666666666
"Generated (GRU, T=1.2)",0.5555555555555556
"Generated (GRU, T=1.2)",0.6666666666666666
"Generated (GRU, T=1.2)",1.0
"Generated (GRU, T=1.2)",0.8571428571428571
"Generated (GRU, T=1.2)",1.0
"Generated (GRU, T=1.2)",0.6666666666666666
"Generated (GRU, T=1.2)",0.9166666666666666
"Generated (GRU, T=1.2)",0.8
"Generated (GRU, T=1.2)",0.8333333333333334
"Generated (GRU, T=1.2)",0.5
"Generated (GRU, T=1.2)",0.8
"Generated (GRU, T=1.2)",0.8
"Generated (GRU, T=1.2)",0.6666666666666666
"Generated (GRU, T=1.2)",0.9230769230769231
"Generated (GRU, T=1.2)",0.8
"Generated (GRU, T=1.2)",0.5
"Generated (GRU, T=1.2)",0.6153846153846154
"Generated (GRU, T=1.2)",0.8
"Generated (GRU, T=1.2)",0.8888888888888888
"Generated (GRU, T=1.2)",0.6666666666666666
"Generated (GRU, T=1.2)",0.6
"Generated (GRU, T=1.2)",1.0
"Generated (GRU, T=1.2)",0.7
"Generated (GRU, T=1.2)",0.8
"Generated (GRU, T=1.2)",0.8636363636363636
"Generated (GRU, T=1.2)",0.9090909090909091
"Generated (GRU, T=1.2)",0.8333333333333334
"Generated (GRU, T=1.2)",0.8571428571428571
"Generated (GRU, T=1.2)",0.6
"Generated (GRU, T=1.2)",0.8
"Generated (GRU, T=1.2)",0.7142857142857143
"Generated (GRU, T=1.2)",0.6
"Generated (GRU, T=1.2)",0.625
"Generated (GRU, T=1.2)",0.8
"Generated (GRU, T=1.2)",0.6666666666666666
"Generated (GRU, T=1.2)",0.6666666666666666
"Generated (GRU, T=1.2)",0.9
"Generated (GRU, T=1.2)",0.8571428571428571
"Generated (GRU, T=1.2)",0.8571428571428571
"Generated (GRU, T=1.2)",0.5
"Generated (GRU, T=1.2)",0.5555555555555556
"Generated (GRU, T=1.2)",0.6666666666666666
"Generated (GRU, T=1.2)",0.8888888888888888
"Generated (GRU, T=1.2)",0.6666666666666666
"Generated (GRU, T=1.2)",0.6
"Generated (GRU, T=1.2)",0.6666666666666666
"Generated (GRU, T=1.2)",0.6
"Generated (GRU, T=1.2)",0.6666666666666666
"Generated (GRU, T=1.2)",0.6666666666666666
"Generated (GRU, T=1.2)",0.7142857142857143
"Generated (GRU, T=1.2)",0.6666666666666666
"Generated (GRU, T=1.2)",0.8333333333333334
"Generated (GRU, T=1.2)",0.6363636363636364
"Generated (GRU, T=1.2)",0.8
"Generated (GRU, T=1.2)",0.7142857142857143
"Generated (GRU, T=1.2)",0.5555555555555556
"Generated (GRU, T=1.2)",0.75
"Generated (GRU, T=1.2)",0.6363636363636364
"Generated (GRU, T=1.2)",0.6
"Generated (GRU, T=1.2)",0.6666666666666666
"Generated (GRU, T=1.2)",0.6
"Generated (GRU, T=1.2)",0.8
"Generated (GRU, T=1.2)",0.8333333333333334
"Generated (GRU, T=1.2)",1.0
"Generated (GRU, T=1.2)",0.6
"Generated (GRU, T=1.2)",0.8
"Generated (GRU, T=1.2)",0.6
"Generated (GRU, T=1.2)",1.0
"Generated (GRU, T=1.2)",0.5
"Generated (GRU, T=1.2)",0.75
"Generated (GRU, T=1.2)",0.6
"Generated (GRU, T=1.2)",0.5714285714285714
"Generated (GRU, T=1.2)",0.6666666666666666
"Generated (GRU, T=1.2)",0.75
"Generated (GRU, T=1.2)",0.6666666666666666
"Generated (GRU, T=1.2)",0.8333333333333334
"Generated (GRU, T=1.2)",0.6
"Generated (GRU, T=1.2)",1.0
"Generated (GRU, T=1.2)",0.6666666666666666
"Generated (GRU, T=1.2)",0.8571428571428571
"Generated (GRU, T=1.2)",0.6666666666666666
"Generated (GRU, T=1.2)",0.6666666666666666
"Generated (GRU, T=1.2)",0.6666666666666666
"Generated (GRU, T=1.2)",0.9166666666666666
"Generated (GRU, T=1.2)",0.8
"Generated (GRU, T=1.2)",0.8
"Generated (GRU, T=1.2)",0.6666666666666666
"Generated (GRU, T=1.2)",0.7777777777777778
"Generated (GRU, T=1.2)",0.6666666666666666
"Generated (GRU, T=1.2)",0.75
"Generated (GRU, T=1.2)",0.6666666666666666
"Generated (GRU, T=1.2)",0.6
"Generated (GRU, T=1.2)",0.6666666666666666
"Generated (GRU, T=1.2)",0.5714285714285714
"Generated (GRU, T=1.2)",0.6666666666666666
"Generated (GRU, T=1.2)",0.6666666666666666
"Generated (GRU, T=1.2)",1.0
"Generated (GRU, T=1.2)",0.8
"Generated (GRU, T=1.2)",0.8
"Generated (GRU, T=1.2)",0.8
"Generated (GRU, T=1.2)",0.9090909090909091
"Generated (GRU, T=1.2)",0.6
"Generated (GRU, T=1.2)",0.6923076923076923
"Generated (GRU, T=1.2)",0.8
"Generated (GRU, T=1.2)",1.0
"Generated (GRU, T=1.2)",0.7142857142857143
"Generated (GRU, T=1.2)",0.7
"Generated (GRU, T=1.2)",1.0
"Generated (GRU, T=1.2)",0.8333333333333334
"Generated (GRU, T=1.2)",0.5555555555555556
"Generated (GRU, T=1.2)",0.6666666666666666
"Generated (GRU, T=1.2)",0.8888888888888888
"Generated (GRU, T=1.2)",1.0
"Generated (GRU, T=1.2)",0.7777777777777778
"Generated (GRU, T=1.2)",0.8
"Generated (GRU, T=1.2)",0.875
"Generated (GRU, T=1.2)",0.6666666666666666
"Generated (GRU, T=1.2)",0.8333333333333334
"Generated (GRU, T=1.2)",0.8571428571428571
"Generated (GRU, T=1.2)",0.8333333333333334
"Generated (GRU, T=1.2)",0.9
"Generated (GRU, T=1.2)",0.8571428571428571
"Generated (GRU, T=1.2)",1.0
"Generated (GRU, T=1.2)",0.7777777777777778
"Generated (GRU, T=1.2)",0.6666666666666666
"Generated (GRU, T=1.2)",0.6666666666666666
"Generated (GRU, T=1.2)",0.6666666666666666
"Generated (GRU, T=1.2)",0.6666666666666666
"Generated (GRU, T=1.2)",0.8
"Generated (GRU, T=1.2)",1.0
"Generated (GRU, T=1.2)",0.9
"Generated (GRU, T=1.2)",1.0
"Generated (GRU, T=1.2)",0.6
"Generated (GRU, T=1.2)",0.5714285714285714
"Generated (GRU, T=1.2)",1.0
"Generated (GRU, T=1.2)",0.75
"Generated (GRU, T=1.2)",0.8
"Generated (GRU, T=1.2)",0.6666666666666666
"Generated (GRU, T=1.2)",0.8333333333333334
"Generated (GRU, T=1.2)",0.8333333333333334
"Generated (GRU, T=1.2)",0.7142857142857143
"Generated (GRU, T=1.2)",0.7
"Generated (GRU, T=1.2)",0.5714285714285714
"Generated (GRU, T=1.2)",0.6666666666666666
"Generated (GRU, T=1.2)",1.0
"Generated (GRU, T=1.2)",0.8333333333333334
"Generated (GRU, T=1.2)",1.0
"Generated (GRU, T=1.2)",0.8333333333333334
"Generated (GRU, T=1.2)",0.8461538461538461
"Generated (GRU, T=1.2)",0.5
"Generated (GRU, T=1.2)",0.7142857142857143
"Generated (GRU, T=1.2)",0.5555555555555556
"Generated (GRU, T=1.2)",0.5
"Generated (GRU, T=1.2)",0.8
"Generated (GRU, T=1.2)",0.8
"Generated (GRU, T=1.2)",0.7894736842105263
"Generated (GRU, T=1.2)",0.6
"Generated (GRU, T=1.2)",0.8
"Generated (GRU, T=1.2)",0.8461538461538461
"Generated (GRU, T=1.2)",0.7142857142857143
"Generated (GRU, T=1.2)",0.7777777777777778
"Generated (GRU, T=1.2)",1.0
"Generated (GRU, T=1.2)",0.6153846153846154
"Generated (GRU, T=1.2)",0.6666666666666666
"Generated (GRU, T=1.2)",0.6666666666666666
"Generated (GRU, T=1.2)",0.6666666666666666
"Generated (GRU, T=1.2)",0.6666666666666666
"Generated (GRU, T=1.2)",0.8333333333333334
"Generated (GRU, T=1.2)",0.8571428571428571
"Generated (GRU, T=1.2)",1.0
"Generated (GRU, T=1.2)",0.85
"Generated (GRU, T=1.2)",0.6666666666666666
"Generated (GRU, T=1.2)",0.625
"Generated (GRU, T=1.2)",0.8461538461538461
"Generated (GRU, T=1.2)",0.5
"Generated (GRU, T=1.2)",0.7142857142857143
"Generated (GRU, T=1.2)",0.6666666666666666
"Generated (GRU, T=1.2)",0.6
"Generated (GRU, T=1.2)",0.7142857142857143
"Generated (GRU, T=1.2)",0.7
"Generated (GRU, T=1.2)",0.5714285714285714
"Generated (GRU, T=1.2)",0.8
"Generated (GRU, T=1.2)",1.0
"Generated (GRU, T=1.2)",0.8125
"Generated (GRU, T=1.2)",0.7142857142857143
"Generated (GRU, T=1.2)",0.6666666666666666
"Generated (GRU, T=1.2)",1.0
"Generated (GRU, T=1.2)",0.8
"Generated (GRU, T=1.2)",0.5
"Generated (GRU, T=1.2)",0.7142857142857143
"Generated (GRU, T=1.2)",0.6
"Generated (GRU, T=1.2)",0.6666666666666666
"Generated (GRU, T=1.2)",0.75
"Generated (GRU, T=1.2)",0.6666666666666666
"Generated (GRU, T=1.2)",0.8333333333333334
"Generated (GRU, T=1.2)",0.8
"Generated (GRU, T=1.2)",0.8888888888888888
"Generated (GRU, T=1.2)",1.0
"Generated (GRU, T=1.2)",0.6923076923076923
"Generated (GRU, T=1.2)",0.85
"Generated (GRU, T=1.2)",0.6
"Generated (GRU, T=1.2)",0.6
"Generated (GRU, T=1.2)",0.8
"Generated (GRU, T=1.2)",0.75
"Generated (GRU, T=1.2)",0.5
"Generated (GRU, T=1.2)",0.6
"Generated (GRU, T=1.2)",0.6
"Generated (GRU, T=1.2)",0.6
"Generated (GRU, T=1.2)",0.6
"Generated (GRU, T=1.2)",1.0
"Generated (GRU, T=1.2)",0.6666666666666666
"Generated (GRU, T=1.2)",0.8
"Generated (GRU, T=1.2)",0.8
"Generated (GRU, T=1.2)",0.9230769230769231
"Generated (GRU, T=1.2)",0.6666666666666666
"Generated (GRU, T=1.2)",0.7777777777777778
"Generated (GRU, T=1.2)",0.6666666666666666
"Generated (GRU, T=1.2)",1.0
"Generated (GRU, T=1.2)",0.7142857142857143
"Generated (GRU, T=1.2)",0.8333333333333334
"Generated (GRU, T=1.2)",0.6666666666666666
"Generated (GRU, T=1.2)",1.0
"Generated (GRU, T=1.2)",0.6666666666666666
"Generated (GRU, T=1.2)",0.6666666666666666
"Generated (GRU, T=1.2)",0.7142857142857143
"Generated (GRU, T=1.2)",0.4444444444444444
"Generated (GRU, T=1.2)",0.8
"Generated (GRU, T=1.2)",0.7777777777777778
"Generated (GRU, T=1.2)",0.8333333333333334
"Generated (GRU, T=1.2)",0.625
"Generated (GRU, T=1.2)",0.6
"Generated (GRU, T=1.2)",0.5789473684210527
"Generated (GRU, T=1.2)",0.7142857142857143
"Generated (GRU, T=1.2)",0.8947368421052632
"Generated (GRU, T=1.2)",0.6666666666666666
"Generated (GRU, T=1.2)",0.6
"Generated (GRU, T=1.2)",0.8333333333333334
"Generated (GRU, T=1.2)",0.7142857142857143
"Generated (GRU, T=1.2)",0.6
"Generated (GRU, T=1.2)",0.6666666666666666
"Generated (GRU, T=1.2)",0.7272727272727273
"Generated (GRU, T=1.2)",0.8571428571428571
"Generated (GRU, T=1.2)",0.6666666666666666
"Generated (GRU, T=1.2)",0.8333333333333334
"Generated (GRU, T=1.2)",0.6
"Generated (GRU, T=1.2)",0.6666666666666666
"Generated (GRU, T=1.2)",0.6666666666666666
"Generated (GRU, T=1.2)",0.6
"Generated (GRU, T=1.2)",0.7142857142857143
"Generated (GRU, T=1.2)",0.8
"Generated (GRU, T=1.2)",0.6
"Generated (GRU, T=1.2)",0.8
"Generated (GRU, T=1.2)",0.6470588235294118
"Generated (GRU, T=1.2)",0.7142857142857143
"Generated (GRU, T=1.2)",0.6666666666666666
"Generated (GRU, T=1.2)",0.8
"Generated (GRU, T=1.2)",0.625
"Generated (GRU, T=1.2)",0.6666666666666666
"Generated (GRU, T=1.2)",0.625
"Generated (GRU, T=1.2)",0.6521739130434783
"Generated (GRU, T=1.2)",1.0
"Generated (GRU, T=1.2)",0.7333333333333333
"Generated (GRU, T=1.2)",0.6
"Generated (GRU, T=1.2)",0.6666666666666666
"Generated (GRU, T=1.2)",0.7272727272727273
"Generated (GRU, T=1.2)",0.8
"Generated (GRU, T=1.2)",0.6666666666666666
"Generated (GRU, T=1.2)",0.9090909090909091
"Generated (GRU, T=1.2)",0.8333333333333334
"Generated (GRU, T=1.2)",0.7142857142857143
"Generated (GRU, T=1.2)",0.7
"Generated (GRU, T=1.2)",0.5714285714285714
"Generated (GRU, T=1.2)",0.6666666666666666
"Generated (GRU, T=1.2)",0.6
"Generated (GRU, T=1.2)",1.0
"Generated (GRU, T=1.2)",0.8571428571428571
"Generated (GRU, T=1.2)",1.0
"Generated (GRU, T=1.2)",0.7142857142857143
"Generated (GRU, T=1.2)",0.7142857142857143
"Generated (GRU, T=1.2)",0.967741935483871
"Generated (GRU, T=1.2)",1.0
"Generated (GRU, T=1.2)",0.6
"Generated (GRU, T=1.2)",0.6666666666666666
"Generated (GRU, T=1.2)",0.7
"Generated (GRU, T=1.2)",0.6666666666666666
"Generated (GRU, T=1.2)",0.8333333333333334
"Generated (GRU, T=1.2)",0.8333333333333334
"Generated (GRU, T=1.2)",0.875
"Generated (GRU, T=1.2)",0.875
"Generated (GRU, T=1.2)",0.6666666666666666
"Generated (GRU, T=1.2)",0.7
"Generated (GRU, T=1.2)",0.6666666666666666
"Generated (GRU, T=1.2)",0.7692307692307693
"Generated (GRU, T=1.2)",0.6363636363636364
"Generated (GRU, T=1.2)",0.6666666666666666
"Generated (GRU, T=1.2)",0.8333333333333334
"Generated (GRU, T=1.2)",0.875
"Generated (GRU, T=1.2)",0.6666666666666666
"Generated (GRU, T=1.2)",0.7142857142857143
"Generated (GRU, T=1.2)",0.8571428571428571
"Generated (GRU, T=1.2)",1.0
"Generated (GRU, T=1.2)",0.6
"Generated (GRU, T=1.2)",0.8333333333333334
"Generated (GRU, T=1.2)",0.6666666666666666
"Generated (GRU, T=1.2)",0.7777777777777778
"Generated (GRU, T=1.2)",0.8333333333333334
"Generated (GRU, T=1.2)",0.6666666666666666
"Generated (GRU, T=1.2)",0.6
"Generated (GRU, T=1.2)",1.0
"Generated (GRU, T=1.2)",0.5
"Generated (GRU, T=1.2)",0.6
"Generated (GRU, T=1.2)",0.8
"Generated (GRU, T=1.2)",0.6
"Generated (GRU, T=1.2)",0.6923076923076923
"Generated (GRU, T=1.2)",0.8
"Generated (GRU, T=1.2)",0.8
"Generated (GRU, T=1.2)",0.7142857142857143
"Generated (GRU, T=1.2)",0.6
"Generated (GRU, T=1.2)",1.0
"Generated (GRU, T=1.2)",0.75
"Generated (GRU, T=1.2)",1.0
"Generated (GRU, T=1.2)",0.6
"Generated (GRU, T=1.2)",0.6153846153846154
"Generated (GRU, T=1.2)",0.8
"Generated (GRU, T=1.2)",0.7777777777777778
"Generated (GRU, T=1.2)",0.6153846153846154
"Generated (GRU, T=1.2)",0.6666666666666666
"Generated (GRU, T=1.2)",0.8
"Generated (GRU, T=1.2)",0.8571428571428571
"Generated (GRU, T=1.2)",0.8571428571428571
"Generated (GRU, T=1.2)",0.8
"Generated (GRU, T=1.2)",1.0
"Generated (GRU, T=1.2)",1.0
"Generated (GRU, T=1.2)",1.0
"Generated (GRU, T=1.2)",0.6666666666666666
"Generated (GRU, T=1.2)",0.8
"Generated (GRU, T=1.2)",0.6666666666666666
"Generated (GRU, T=1.2)",1.0
"Generated (GRU, T=1.2)",1.0
"Generated (GRU, T=1.2)",0.7272727272727273
"Generated (GRU, T=1.2)",0.6666666666666666
"Generated (GRU, T=1.2)",0.7
"Generated (GRU, T=1.2)",0.8333333333333334
"Generated (GRU, T=1.2)",0.6666666666666666
"Generated (GRU, T=1.2)",0.7142857142857143
"Generated (GRU, T=1.2)",0.8
"Generated (GRU, T=1.2)",0.6
"Generated (GRU, T=1.2)",0.625
"Generated (GRU, T=1.2)",0.8571428571428571
"Generated (GRU, T=1.2)",0.5714285714285714
"Generated (GRU, T=1.2)",0.6
"Generated (GRU, T=1.2)",0.6
"Generated (GRU, T=1.2)",0.8
"Generated (GRU, T=1.2)",0.46153846153846156
"Generated (GRU, T=1.2)",1.0
"Generated (GRU, T=1.2)",0.625
"Generated (GRU, T=1.2)",0.8333333333333334
"Generated (GRU, T=1.2)",0.6
"Generated (GRU, T=1.2)",0.875
"Generated (GRU, T=1.2)",0.8
"Generated (GRU, T=1.2)",0.8571428571428571
"Generated (GRU, T=1.2)",1.0
"Generated (GRU, T=1.2)",0.6666666666666666
"Generated (GRU, T=1.2)",0.6
"Generated (GRU, T=1.2)",0.9473684210526315
"Generated (GRU, T=1.2)",0.8
"Generated (GRU, T=1.2)",0.8
"Generated (GRU, T=1.2)",0.6
"Generated (GRU, T=1.2)",0.8
"Generated (GRU, T=1.2)",0.8
"Generated (GRU, T=1.2)",0.7
"Generated (GRU, T=1.2)",0.7142857142857143
"Generated (GRU, T=1.2)",0.8
"Generated (GRU, T=1.2)",0.8
"Generated (GRU, T=1.2)",0.7333333333333333
"Generated (GRU, T=1.2)",0.6666666666666666
"Generated (GRU, T=1.2)",0.7777777777777778
"Generated (GRU, T=1.2)",0.5714285714285714
"Generated (GRU, T=1.2)",0.7142857142857143
"Generated (GRU, T=1.2)",0.8
"Generated (GRU, T=1.2)",0.8
"Generated (GRU, T=1.2)",0.8
"Generated (GRU, T=1.2)",0.6363636363636364
"Generated (GRU, T=1.2)",0.7142857142857143
"Generated (GRU, T=1.2)",0.6666666666666666
"Generated (GRU, T=1.2)",0.8
"Generated (GRU, T=1.2)",0.6
"Generated (GRU, T=1.2)",1.0
"Generated (GRU, T=1.2)",0.8
"Generated (GRU, T=1.2)",0.6666666666666666
"Generated (GRU, T=1.2)",0.7272727272727273
"Generated (GRU, T=1.2)",0.6363636363636364
"Generated (GRU, T=1.2)",0.7692307692307693
"Generated (GRU, T=1.2)",1.0
"Generated (GRU, T=1.2)",0.9
"Generated (GRU, T=1.2)",0.8888888888888888
"Generated (GRU, T=1.2)",0.8333333333333334
"Generated (GRU, T=1.2)",0.8571428571428571
"Generated (GRU, T=1.2)",0.8
"Generated (GRU, T=1.2)",0.5
"Generated (GRU, T=1.2)",0.9
"Generated (GRU, T=1.2)",0.6
"Generated (GRU, T=1.2)",0.6
"Generated (GRU, T=1.2)",0.8
"Generated (GRU, T=1.2)",0.75
"Generated (GRU, T=1.2)",0.8888888888888888
"Generated (GRU, T=1.2)",0.6666666666666666
"Generated (GRU, T=1.2)",0.8333333333333334
"Generated (GRU, T=1.2)",0.6666666666666666
"Generated (GRU, T=1.2)",1.0
"Generated (GRU, T=1.2)",0.6666666666666666
"Generated (GRU, T=1.2)",0.6666666666666666
"Generated (GRU, T=1.2)",0.6
"Generated (GRU, T=1.2)",0.8
"Generated (GRU, T=1.2)",0.7
"Generated (GRU, T=1.2)",0.5333333333333333
"Generated (GRU, T=1.2)",0.8
"Generated (GRU, T=1.2)",0.8
"Generated (GRU, T=1.2)",0.8
"Generated (GRU, T=1.2)",0.8
"Generated (GRU, T=1.2)",0.7142857142857143
"Generated (GRU, T=1.2)",0.625
"Generated (GRU, T=1.2)",0.7
"Generated (GRU, T=1.2)",0.7
"Generated (GRU, T=1.2)",0.7
"Generated (GRU, T=1.2)",0.6
"Generated (GRU, T=1.2)",0.6666666666666666
"Generated (GRU, T=1.2)",0.6666666666666666
"Generated (GRU, T=1.2)",0.8
"Generated (GRU, T=1.2)",0.5555555555555556
"Generated (GRU, T=1.2)",0.8
"Generated (GRU, T=1.2)",0.8333333333333334
"Generated (GRU, T=1.2)",0.6666666666666666
"Generated (GRU, T=1.2)",0.8048780487804879
"Generated (GRU, T=1.2)",0.5
"Generated (GRU, T=1.2)",1.0
"Generated (GRU, T=1.2)",0.6470588235294118
"Generated (GRU, T=1.2)",0.6666666666666666
"Generated (GRU, T=1.2)",0.8
"Generated (GRU, T=1.2)",0.6666666666666666
"Generated (GRU, T=1.2)",0.6666666666666666
"Generated (GRU, T=1.2)",0.9285714285714286
"Generated (GRU, T=1.2)",0.8
"Generated (GRU, T=1.2)",0.7142857142857143
"Generated (GRU, T=1.2)",0.6666666666666666
"Generated (GRU, T=1.2)",1.0
"Generated (GRU, T=1.2)",0.625
"Generated (GRU, T=1.2)",0.75
"Generated (GRU, T=1.2)",0.75
"Generated (GRU, T=1.2)",0.6
"Generated (GRU, T=1.2)",0.6666666666666666
"Generated (GRU, T=1.2)",1.0
"Generated (GRU, T=1.2)",1.0
"Generated (GRU, T=1.2)",0.6666666666666666
"Generated (GRU, T=1.2)",0.5714285714285714
"Generated (GRU, T=1.2)",1.0
"Generated (GRU, T=1.2)",0.625
"Generated (GRU, T=1.2)",0.6
"Generated (GRU, T=1.2)",0.6
"Generated (GRU, T=1.2)",0.8
"Generated (GRU, T=1.2)",0.8
"Generated (GRU, T=1.2)",0.6
"Generated (GRU, T=1.2)",0.6666666666666666
"Generated (GRU, T=1.2)",0.875
"Generated (GRU, T=1.2)",0.6
"Generated (GRU, T=1.2)",0.95
"Generated (GRU, T=1.2)",0.6
"Generated (GRU, T=1.2)",1.0
"Generated (GRU, T=1.2)",0.8
"Generated (GRU, T=1.2)",0.8
"Generated (GRU, T=1.2)",0.6666666666666666
"Generated (GRU, T=1.2)",0.4444444444444444
"Generated (GRU, T=1.2)",0.8461538461538461
"Generated (GRU, T=1.2)",0.9
"Generated (GRU, T=1.2)",0.6666666666666666
"Generated (GRU, T=1.2)",0.5384615384615384
"Generated (GRU, T=1.2)",0.8181818181818182
"Generated (GRU, T=1.2)",0.6666666666666666
"Generated (GRU, T=1.2)",0.8571428571428571
"Generated (GRU, T=1.2)",0.5
"Generated (GRU, T=1.2)",0.9
"Generated (GRU, T=1.2)",0.75
"Generated (GRU, T=1.2)",0.8
"Generated (GRU, T=1.2)",0.5
"Generated (GRU, T=1.2)",0.7
"Generated (GRU, T=1.2)",0.7142857142857143
"Generated (GRU, T=1.2)",0.7142857142857143
"Generated (GRU, T=1.2)",0.8333333333333334
"Generated (GRU, T=1.2)",0.6666666666666666
"Generated (GRU, T=1.2)",0.8
"Generated (GRU, T=1.2)",0.7777777777777778
"Generated (GRU, T=1.2)",0.875
"Generated (GRU, T=1.2)",0.9
"Generated (GRU, T=1.2)",0.8333333333333334
"Generated (GRU, T=1.2)",0.8333333333333334
"Generated (GRU, T=1.2)",0.8409090909090909
"Generated (GRU, T=1.2)",0.6
"Generated (GRU, T=1.2)",0.75
"Generated (GRU, T=1.2)",0.8
"Generated (GRU, T=1.2)",0.8333333333333334
"Generated (GRU, T=1.2)",0.6
"Generated (GRU, T=1.2)",0.6666666666666666
"Generated (GRU, T=1.2)",0.5714285714285714
"Generated (GRU, T=1.2)",0.8
"Generated (GRU, T=1.2)",0.7692307692307693
"Generated (GRU, T=1.2)",0.6
"Generated (GRU, T=1.2)",0.7142857142857143
"Generated (GRU, T=1.2)",0.8461538461538461
"Generated (GRU, T=1.2)",1.0
"Generated (GRU, T=1.2)",0.6666666666666666
"Generated (GRU, T=1.2)",0.8571428571428571
"Generated (GRU, T=1.2)",0.7142857142857143
"Generated (GRU, T=1.2)",1.0
"Generated (GRU, T=1.2)",0.7142857142857143
"Generated (GRU, T=1.2)",1.0
"Generated (GRU, T=1.2)",0.8
"Generated (GRU, T=1.2)",0.8
"Generated (GRU, T=1.2)",0.5714285714285714
"Generated (GRU, T=1.2)",0.8
"Generated (GRU, T=1.2)",0.7142857142857143
"Generated (GRU, T=1.2)",0.8
"Generated (GRU, T=1.2)",0.75
"Generated (GRU, T=1.2)",0.75
"Generated (GRU, T=1.2)",0.6666666666666666
"Generated (GRU, T=1.2)",0.6666666666666666
"Generated (GRU, T=1.2)",1.0
"Generated (GRU, T=1.2)",0.8333333333333334
"Generated (GRU, T=1.2)",0.6666666666666666
"Generated (GRU, T=1.2)",0.75
"Generated (GRU, T=1.2)",0.6666666666666666
"Generated (GRU, T=1.2)",0.64
"Generated (GRU, T=1.2)",0.8333333333333334
"Generated (GRU, T=1.2)",0.8
"Generated (GRU, T=1.2)",1.0
"Generated (GRU, T=1.2)",0.6
"Generated (GRU, T=1.2)",0.9473684210526315
"Generated (GRU, T=1.2)",1.0
"Generated (GRU, T=1.2)",0.625
"Generated (GRU, T=1.2)",0.875
"Generated (GRU, T=1.2)",0.625
"Generated (GRU, T=1.2)",0.6666666666666666
"Generated (GRU, T=1.2)",0.7272727272727273
"Generated (GRU, T=1.2)",1.0
"Generated (GRU, T=1.2)",1.0
"Generated (GRU, T=1.2)",1.0
"Generated (GRU, T=1.2)",0.7142857142857143
"Generated (GRU, T=1.2)",0.6
"Generated (GRU, T=1.2)",1.0
"Generated (GRU, T=1.2)",0.8
"Generated (GRU, T=1.2)",0.5454545454545454
"Generated (GRU, T=1.2)",0.6
"Generated (GRU, T=1.2)",0.8181818181818182
"Generated (GRU, T=1.2)",1.0
"Generated (GRU, T=1.2)",0.6
"Generated (GRU, T=1.2)",0.7777777777777778
"Generated (GRU, T=1.2)",0.85
"Generated (GRU, T=1.2)",0.8333333333333334
"Generated (GRU, T=1.2)",0.8
"Generated (GRU, T=1.2)",1.0
"Generated (GRU, T=1.2)",0.6
"Generated (GRU, T=1.2)",0.8888888888888888
"Generated (GRU, T=1.2)",0.6
"Generated (GRU, T=1.2)",0.5555555555555556
"Generated (GRU, T=1.2)",0.6666666666666666
"Generated (GRU, T=1.2)",0.6666666666666666
"Generated (GRU, T=1.2)",0.8333333333333334
"Generated (GRU, T=1.2)",1.0
"Generated (GRU, T=1.2)",0.8
"Generated (GRU, T=1.2)",0.9
"Generated (GRU, T=1.2)",0.9166666666666666
"Generated (GRU, T=1.2)",0.8
"Generated (GRU, T=1.2)",0.6
"Generated (GRU, T=1.2)",0.6666666666666666
"Generated (GRU, T=1.2)",0.9166666666666666
"Generated (GRU, T=1.2)",0.6666666666666666
"Generated (GRU, T=1.2)",0.8
"Generated (GRU, T=1.2)",0.9090909090909091
"Generated (GRU, T=1.2)",1.0
"Generated (GRU, T=1.2)",0.8
"Generated (GRU, T=1.2)",0.7142857142857143
"Generated (GRU, T=1.2)",0.7777777777777778
"Generated (GRU, T=1.2)",0.6666666666666666
"Generated (GRU, T=1.2)",0.6666666666666666
"Generated (GRU, T=1.2)",0.7777777777777778
"Generated (GRU, T=1.2)",0.6
"Generated (GRU, T=1.2)",0.9090909090909091
"Generated (GRU, T=1.2)",1.0
"Generated (GRU, T=1.2)",0.7
"Generated (GRU, T=1.2)",0.7142857142857143
"Generated (GRU, T=1.2)",0.8333333333333334
"Generated (GRU, T=1.2)",0.6666666666666666
"Generated (GRU, T=1.2)",1.0
"Generated (GRU, T=1.2)",0.6666666666666666
"Generated (GRU, T=1.2)",0.7142857142857143
"Generated (GRU, T=1.2)",0.8333333333333334
"Generated (GRU, T=1.2)",0.6666666666666666
"Generated (GRU, T=1.2)",0.8333333333333334
"Generated (GRU, T=1.2)",0.6666666666666666
"Generated (GRU, T=1.2)",0.7142857142857143
"Generated (GRU, T=1.2)",0.6
"Generated (GRU, T=1.2)",0.875
"Generated (GRU, T=1.2)",0.6875
"Generated (GRU, T=1.2)",0.8571428571428571
"Generated (GRU, T=1.2)",0.6
"Generated (GRU, T=1.2)",0.8333333333333334
"Generated (GRU, T=1.2)",0.6666666666666666
"Generated (GRU, T=1.2)",0.6666666666666666
"Generated (GRU, T=1.2)",0.7142857142857143
"Generated (GRU, T=1.2)",1.0
"Generated (GRU, T=1.2)",0.8
"Generated (GRU, T=1.2)",0.6
"Generated (GRU, T=1.2)",0.7777777777777778
"Generated (GRU, T=1.2)",0.6666666666666666
"Generated (GRU, T=1.2)",0.7142857142857143
"Generated (GRU, T=1.2)",1.0
"Generated (GRU, T=1.2)",0.6153846153846154
"Generated (GRU, T=1.2)",0.8181818181818182
"Generated (GRU, T=1.2)",0.42857142857142855
"Generated (GRU, T=1.2)",0.5833333333333334
"Generated (GRU, T=1.2)",1.0
"Generated (GRU, T=1.2)",0.8181818181818182
"Generated (GRU, T=1.2)",0.5
"Generated (GRU, T=1.2)",0.7142857142857143
"Generated (GRU, T=1.2)",0.7142857142857143
"Generated (GRU, T=1.2)",0.6666666666666666
"Generated (GRU, T=1.2)",0.6666666666666666
"Generated (GRU, T=1.2)",0.8
"Generated (GRU, T=1.2)",0.6666666666666666
"Generated (GRU, T=1.2)",1.0
"Generated (GRU, T=1.2)",0.6
"Generated (GRU, T=1.2)",0.6666666666666666
"Generated (GRU, T=1.2)",0.6
"Generated (GRU, T=1.2)",0.9
"Generated (GRU, T=1.2)",0.6923076923076923
"Generated (GRU, T=1.2)",0.6153846153846154
"Generated (GRU, T=1.2)",0.75
"Generated (GRU, T=1.2)",1.0
"Generated (GRU, T=1.2)",0.8
"Generated (GRU, T=1.2)",0.6666666666666666
"Generated (GRU, T=1.2)",0.6666666666666666
"Generated (GRU, T=1.2)",0.8333333333333334
"Generated (GRU, T=1.2)",0.6666666666666666
"Generated (GRU, T=1.2)",0.6666666666666666
"Generated (GRU, T=1.2)",0.8461538461538461
"Generated (GRU, T=1.2)",0.6666666666666666
"Generated (GRU, T=1.2)",0.6
"Generated (GRU, T=1.2)",0.8
"Generated (GRU, T=1.2)",0.6
"Generated (GRU, T=1.2)",0.9166666666666666
"Generated (GRU, T=1.2)",0.8888888888888888
"Generated (GRU, T=1.2)",0.6
"Generated (GRU, T=1.2)",0.6666666666666666
"Generated (GRU, T=1.2)",0.6666666666666666
"Generated (GRU, T=1.2)",0.9333333333333333
"Generated (GRU, T=1.2)",1.0
"Generated (GRU, T=1.2)",0.6666666666666666
"Generated (GRU, T=1.2)",0.7272727272727273
"Generated (GRU, T=1.2)",0.9090909090909091
"Generated (GRU, T=1.2)",1.0
"Generated (GRU, T=1.2)",0.6666666666666666
"Generated (GRU, T=1.2)",0.9523809523809523
"Generated (GRU, T=1.2)",0.6666666666666666
"Generated (GRU, T=1.2)",0.7142857142857143
"Generated (GRU, T=1.2)",0.75
"Generated (GRU, T=1.2)",0.8571428571428571
"Generated (GRU, T=1.2)",0.6666666666666666
"Generated (GRU, T=1.2)",0.8571428571428571
"Generated (GRU, T=1.2)",0.6666666666666666
"Generated (GRU, T=1.2)",1.0
"Generated (GRU, T=1.2)",0.6666666666666666
"Generated (GRU, T=1.2)",0.8
"Generated (GRU, T=1.2)",0.8333333333333334
"Generated (GRU, T=1.2)",0.7
"Generated (GRU, T=1.2)",0.75
"Generated (GRU, T=1.2)",0.7142857142857143
"Generated (GRU, T=1.2)",1.0
"Generated (GRU, T=1.2)",0.6666666666666666
"Generated (GRU, T=1.2)",0.6666666666666666
"Generated (GRU, T=1.2)",0.9473684210526315
"Generated (GRU, T=1.2)",0.8
"Generated (GRU, T=1.2)",0.6666666666666666
"Generated (GRU, T=1.2)",0.6666666666666666
"Generated (GRU, T=1.2)",1.0
"Generated (GRU, T=1.2)",0.7142857142857143
"Generated (GRU, T=1.2)",0.6666666666666666
"Generated (GRU, T=1.2)",0.6666666666666666
"Generated (GRU, T=1.2)",0.8
"Generated (GRU, T=1.2)",0.9285714285714286
"Generated (GRU, T=1.2)",0.9473684210526315
"Generated (GRU, T=1.2)",0.8
"Generated (GRU, T=1.2)",0.9545454545454546
"Generated (GRU, T=1.2)",0.6666666666666666
"Generated (GRU, T=1.2)",1.0
"Generated (GRU, T=1.2)",0.75
"Generated (GRU, T=1.2)",0.6666666666666666
"Generated (GRU, T=1.2)",0.6666666666666666
"Generated (GRU, T=1.2)",0.8181818181818182
"Generated (GRU, T=1.2)",0.8333333333333334
"Generated (GRU, T=1.2)",0.6
"Generated (GRU, T=1.2)",1.0
"Generated (GRU, T=1.2)",0.8
"Generated (GRU, T=1.2)",0.625
"Generated (GRU, T=1.2)",1.0
"Generated (GRU, T=1.2)",0.7
"Generated (GRU, T=1.2)",0.6
"Generated (GRU, T=1.2)",0.7142857142857143
"Generated (GRU, T=1.2)",0.7142857142857143
"Generated (GRU, T=1.2)",0.8
"Generated (GRU, T=1.2)",0.5
"Generated (GRU, T=1.2)",0.8571428571428571
"Generated (GRU, T=1.2)",0.6666666666666666
"Generated (GRU, T=1.2)",1.0
"Generated (GRU, T=1.2)",0.8333333333333334
"Generated (GRU, T=1.2)",1.0
"Generated (GRU, T=1.2)",0.5
"Generated (GRU, T=1.2)",0.8
"Generated (GRU, T=1.2)",1.0
"Generated (GRU, T=1.2)",0.8461538461538461
"Generated (GRU, T=1.2)",1.0
"Generated (GRU, T=1.2)",0.7142857142857143
"Generated (GRU, T=1.2)",0.7
"Generated (GRU, T=1.2)",0.6363636363636364
"Generated (GRU, T=1.2)",0.6
"Generated (GRU, T=1.2)",0.9090909090909091
"Generated (GRU, T=1.2)",0.875
"Generated (GRU, T=1.2)",1.0
"Generated (GRU, T=1.2)",0.7
"Generated (GRU, T=1.2)",0.7
"Generated (GRU, T=1.2)",1.0
"Generated (GRU, T=1.2)",0.6666666666666666
"Generated (GRU, T=1.2)",0.8
"Generated (GRU, T=1.2)",0.7142857142857143
"Generated (GRU, T=1.2)",1.0
"Generated (GRU, T=1.2)",0.8
"Generated (GRU, T=1.2)",0.6666666666666666
"Generated (GRU, T=1.2)",0.8333333333333334
"Generated (GRU, T=1.2)",1.0
"Generated (GRU, T=1.2)",0.6666666666666666
"Generated (GRU, T=1.2)",0.8333333333333334
"Generated (GRU, T=1.2)",0.6666666666666666
"Generated (GRU, T=1.2)",0.8333333333333334
"Generated (GRU, T=1.2)",0.75
"Generated (GRU, T=1.2)",0.6666666666666666
"Generated (GRU, T=1.2)",1.0
"Generated (GRU, T=1.2)",0.8888888888888888
"Generated (GRU, T=1.2)",0.6
"Generated (GRU, T=1.2)",0.7692307692307693
"Generated (GRU, T=1.2)",0.6071428571428571
"Generated (GRU, T=1.2)",0.8
"Generated (GRU, T=1.2)",0.8
"Generated (GRU, T=1.2)",0.6666666666666666
"Generated (GRU, T=1.2)",0.6
"Generated (GRU, T=1.2)",0.6666666666666666
"Generated (GRU, T=1.2)",0.6666666666666666
"Generated (GRU, T=1.2)",0.625
"Generated (GRU, T=1.2)",0.6
"Generated (GRU, T=1.2)",0.6
"Generated (GRU, T=1.2)",0.6666666666666666
"Generated (GRU, T=1.2)",0.8333333333333334
"Generated (GRU, T=1.2)",0.5454545454545454
"Generated (GRU, T=1.2)",0.8
"Generated (GRU, T=1.2)",1.0
"Generated (GRU, T=1.2)",0.8
"Generated (GRU, T=1.2)",0.6
"Generated (GRU, T=1.2)",0.75
"Generated (GRU, T=1.2)",0.8333333333333334
"Generated (GRU, T=1.2)",0.8
"Generated (GRU, T=1.2)",0.8
"Generated (GRU, T=1.2)",0.7777777777777778
"Generated (GRU, T=1.2)",0.5
"Generated (GRU, T=1.2)",0.8
"Generated (GRU, T=1.2)",0.8235294117647058
"Generated (GRU, T=1.2)",0.625
"Generated (GRU, T=1.2)",0.75
"Generated (GRU, T=1.2)",0.6666666666666666
"Generated (GRU, T=1.2)",0.6
"Generated (GRU, T=1.2)",0.6666666666666666
"Generated (GRU, T=1.2)",0.8
"Generated (GRU, T=1.2)",0.625
"Generated (GRU, T=1.2)",0.6666666666666666
"Generated (GRU, T=1.2)",0.625
"Generated (GRU, T=1.2)",0.7142857142857143
"Generated (GRU, T=1.2)",0.6666666666666666
"Generated (GRU, T=1.2)",0.6666666666666666
"Generated (GRU, T=1.2)",0.6666666666666666
"Generated (GRU, T=1.2)",1.0
"Generated (GRU, T=1.2)",0.6666666666666666
"Generated (GRU, T=1.2)",0.8
"Generated (GRU, T=1.2)",0.875
"Generated (GRU, T=1.2)",0.8
"Generated (GRU, T=1.2)",0.6666666666666666
"Generated (GRU, T=1.2)",0.6666666666666666
"Generated (GRU, T=1.2)",0.625
"Generated (GRU, T=1.2)",0.6666666666666666
"Generated (GRU, T=1.2)",1.0
"Generated (GRU, T=1.2)",0.6666666666666666
"Generated (GRU, T=1.2)",0.8
"Generated (GRU, T=1.2)",0.6666666666666666
"Generated (GRU, T=1.2)",0.8
"Generated (GRU, T=1.2)",0.8
"Generated (GRU, T=1.2)",0.625
"Generated (GRU, T=1.2)",0.6
"Generated (GRU, T=1.2)",0.6666666666666666
"Generated (GRU, T=1.2)",0.625
"Generated (GRU, T=1.2)",0.8
"Generated (GRU, T=1.2)",0.6666666666666666
"Generated (GRU, T=1.2)",0.6666666666666666
"Generated (GRU, T=1.2)",0.9230769230769231
"Generated (GRU, T=1.2)",0.95
"Generated (GRU, T=1.2)",0.6
"Generated (GRU, T=1.2)",0.8571428571428571
"Generated (GRU, T=1.2)",0.7142857142857143
"Generated (GRU, T=1.2)",0.95
"Generated (GRU, T=1.2)",0.6
"Generated (GRU, T=1.2)",0.7272727272727273
"Generated (GRU, T=1.2)",0.7777777777777778
"Generated (GRU, T=1.2)",0.8888888888888888
"Generated (GRU, T=1.2)",0.8
"Generated (GRU, T=1.2)",1.0
"Generated (GRU, T=1.2)",0.9090909090909091
"Generated (GRU, T=1.2)",0.8333333333333334
"Generated (GRU, T=1.2)",0.8
"Generated (GRU, T=1.2)",0.5
"Generated (GRU, T=1.2)",0.6666666666666666
"Generated (GRU, T=1.2)",0.7142857142857143
"Generated (GRU, T=1.2)",0.6666666666666666
"Generated (GRU, T=1.2)",0.6
"Generated (GRU, T=1.2)",0.8
"Generated (GRU, T=1.2)",0.9
"Generated (GRU, T=1.2)",0.9130434782608695
"Generated (GRU, T=1.2)",0.8571428571428571
"Generated (GRU, T=1.2)",0.6666666666666666
"Generated (GRU, T=1.2)",0.8
"Generated (GRU, T=1.2)",0.8
"Generated (GRU, T=1.2)",0.6
"Generated (GRU, T=1.2)",0.6666666666666666
"Generated (GRU, T=1.2)",0.6
"Generated (GRU, T=1.2)",0.5333333333333333
"Generated (GRU, T=1.2)",0.5714285714285714
"Generated (GRU, T=1.2)",0.7272727272727273
"Generated (GRU, T=1.2)",0.6666666666666666
"Generated (GRU, T=1.2)",0.6
"Generated (GRU, T=1.2)",0.8571428571428571
"Generated (GRU, T=1.2)",0.8333333333333334
"Generated (GRU, T=1.2)",0.5384615384615384
"Generated (GRU, T=1.2)",0.6666666666666666
"Generated (GRU, T=1.2)",0.8
"Generated (GRU, T=1.2)",0.6923076923076923
"Generated (GRU, T=1.2)",0.6
"Generated (GRU, T=1.2)",0.8181818181818182
"Generated (GRU, T=1.2)",0.6
"Generated (GRU, T=1.2)",0.8333333333333334
"Generated (GRU, T=1.2)",1.0
"Generated (GRU, T=1.2)",0.6
"Generated (GRU, T=1.2)",0.6
"Generated (GRU, T=1.2)",0.8
"Generated (GRU, T=1.2)",0.6666666666666666
"Generated (GRU, T=1.2)",0.8
"Generated (GRU, T=1.2)",0.5833333333333334
"Generated (GRU, T=1.2)",0.6666666666666666
"Generated (GRU, T=1.2)",0.6666666666666666
"Generated (GRU, T=1.2)",0.7142857142857143
"Generated (GRU, T=1.2)",0.6666666666666666
"Generated (GRU, T=1.2)",0.8333333333333334
"Generated (GRU, T=1.2)",0.5
"Generated (GRU, T=1.2)",0.5555555555555556
"Generated (GRU, T=1.2)",1.0
"Generated (GRU, T=1.2)",0.6666666666666666
"Generated (GRU, T=1.2)",0.6
"Generated (GRU, T=1.2)",0.9
"Generated (GRU, T=1.2)",0.6
"Generated (GRU, T=1.2)",0.9411764705882353
"Generated (GRU, T=1.2)",0.6666666666666666
"Generated (GRU, T=1.2)",1.0
"Generated (GRU, T=1.2)",0.6666666666666666
"Generated (GRU, T=1.2)",0.8
"Generated (GRU, T=1.2)",0.75
"Generated (GRU, T=1.2)",0.8064516129032258
"Generated (GRU, T=1.2)",0.6666666666666666
"Generated (GRU, T=1.2)",0.7894736842105263
"Generated (GRU, T=1.2)",0.6666666666666666
"Generated (GRU, T=1.2)",0.6
"Generated (GRU, T=1.2)",0.8
"Generated (GRU, T=1.2)",0.8235294117647058
"Generated (GRU, T=1.2)",0.9090909090909091
"Generated (GRU, T=1.2)",0.6
"Generated (GRU, T=1.2)",0.6666666666666666
"Generated (GRU, T=1.2)",0.7
"Generated (GRU, T=1.2)",0.6363636363636364
"Generated (GRU, T=1.2)",0.6923076923076923
"Generated (GRU, T=1.2)",0.8125
"Generated (GRU, T=1.2)",0.625
"Generated (GRU, T=1.2)",0.6
"Generated (GRU, T=1.2)",1.0
"Generated (GRU, T=1.2)",0.7142857142857143
"Generated (GRU, T=1.2)",0.7
"Generated (GRU, T=1.2)",0.6666666666666666
"Generated (GRU, T=1.2)",0.625
"Generated (GRU, T=1.2)",0.6666666666666666
"Generated (GRU, T=1.2)",0.6666666666666666
"Generated (GRU, T=1.2)",0.7333333333333333
"Generated (GRU, T=1.2)",0.6666666666666666
"Generated (GRU, T=1.2)",0.625
"Generated (GRU, T=1.2)",0.8
"Generated (GRU, T=1.2)",0.7272727272727273
"Generated (GRU, T=1.2)",0.8
"Generated (GRU, T=1.2)",0.8333333333333334
"Generated (GRU, T=1.2)",0.8888888888888888
"Generated (GRU, T=1.2)",0.6
"Generated (GRU, T=1.2)",0.8333333333333334
"Generated (GRU, T=1.2)",1.0
"Generated (GRU, T=1.2)",1.0
"Generated (GRU, T=1.2)",0.8
"Generated (GRU, T=1.2)",0.75
"Generated (GRU, T=1.2)",0.6
"Generated (GRU, T=1.2)",0.7647058823529411
"Generated (GRU, T=1.2)",0.6666666666666666
"Generated (GRU, T=1.2)",0.8
"Generated (GRU, T=1.2)",0.6666666666666666
"Generated (GRU, T=1.2)",0.6666666666666666
"Generated (GRU, T=1.2)",0.6666666666666666
"Generated (GRU, T=1.2)",0.5714285714285714
"Generated (GRU, T=1.2)",0.5
"Generated (GRU, T=1.2)",0.6666666666666666
"Generated (GRU, T=1.2)",0.6666666666666666
"Generated (GRU, T=1.2)",0.9285714285714286
"Generated (GRU, T=1.2)",0.9090909090909091
"Generated (GRU, T=1.2)",0.7142857142857143
"Generated (GRU, T=1.2)",0.7
"Generated (GRU, T=1.2)",0.8
"Generated (GRU, T=1.2)",1.0
"Generated (GRU, T=1.2)",1.0
"Generated (GRU, T=1.2)",0.8
"Generated (GRU, T=1.2)",0.8333333333333334
"Generated (GRU, T=1.2)",0.8
"Generated (GRU, T=1.2)",0.8333333333333334
"Generated (GRU, T=1.2)",0.6666666666666666
"Generated (GRU, T=1.2)",0.46153846153846156
"Generated (GRU, T=1.2)",0.7777777777777778
"Generated (GRU, T=1.2)",0.8571428571428571
"Generated (GRU, T=1.2)",0.625
"Generated (GRU, T=1.2)",1.0
"Generated (GRU, T=1.2)",0.6
"Generated (GRU, T=1.2)",0.6666666666666666
"Generated (GRU, T=1.2)",0.6666666666666666
"Generated (GRU, T=1.2)",0.8333333333333334
"Generated (GRU, T=1.2)",0.8333333333333334
"Generated (GRU, T=1.2)",0.6666666666666666
"Generated (GRU, T=1.2)",0.5555555555555556
"Generated (GRU, T=1.2)",0.75
"Generated (GRU, T=1.2)",0.7142857142857143
"Generated (GRU, T=1.2)",0.5
"Generated (GRU, T=1.2)",0.8666666666666667
"Generated (GRU, T=1.2)",0.7142857142857143
"Generated (GRU, T=1.2)",0.5555555555555556
"Generated (GRU, T=1.2)",0.75
"Generated (GRU, T=1.2)",0.8571428571428571
"Generated (GRU, T=1.2)",0.75
"Generated (GRU, T=1.2)",0.75
"Generated (GRU, T=1.2)",0.7142857142857143
"Generated (GRU, T=1.2)",0.8
"Generated (GRU, T=1.2)",0.6
"Generated (GRU, T=1.2)",0.8461538461538461
"Generated (GRU, T=1.2)",0.8571428571428571
"Generated (GRU, T=1.2)",0.7777777777777778
"Generated (GRU, T=1.2)",0.5
"Generated (GRU, T=1.2)",0.7142857142857143
"Generated (GRU, T=1.2)",0.7692307692307693
"Generated (GRU, T=1.2)",0.8571428571428571
"Generated (GRU, T=1.2)",1.0
"Generated (GRU, T=1.2)",0.875
"Generated (GRU, T=1.2)",0.6
"Generated (GRU, T=1.2)",1.0
"Generated (GRU, T=1.2)",0.8571428571428571
"Generated (GRU, T=1.2)",0.7777777777777778
"Generated (GRU, T=1.2)",0.8333333333333334
"Generated (GRU, T=1.2)",0.8
"Generated (GRU, T=1.2)",0.6
"Generated (GRU, T=1.2)",0.7142857142857143
"Generated (GRU, T=1.2)",0.6666666666666666
"Generated (GRU, T=1.2)",0.625
"Generated (GRU, T=1.2)",0.8
"Generated (GRU, T=1.2)",0.6666666666666666
"Generated (GRU, T=1.2)",0.7777777777777778
"Generated (GRU, T=1.2)",0.8888888888888888
"Generated (GRU, T=1.2)",0.8333333333333334
"Generated (GRU, T=1.2)",0.6666666666666666
"Generated (GRU, T=1.2)",0.75
"Generated (GRU, T=1.2)",1.0
"Generated (GRU, T=1.2)",0.9473684210526315
"Generated (GRU, T=1.2)",0.625
"Generated (GRU, T=1.2)",0.8333333333333334
"Generated (GRU, T=1.2)",0.7692307692307693
"Generated (GRU, T=1.2)",0.8
"Generated (GRU, T=1.2)",0.6
"Generated (GRU, T=1.2)",0.8275862068965517
"Generated (GRU, T=1.2)",0.8333333333333334
"Generated (GRU, T=1.2)",0.6153846153846154
"Generated (GRU, T=1.2)",0.9
"Generated (GRU, T=1.2)",0.75
"Generated (GRU, T=1.2)",1.0
"Generated (GRU, T=1.2)",0.6
"Generated (GRU, T=1.2)",0.6666666666666666
"Generated (GRU, T=1.2)",0.6153846153846154
"Generated (GRU, T=1.2)",0.6428571428571429
"Generated (GRU, T=1.2)",0.6666666666666666
"Generated (GRU, T=1.2)",0.6666666666666666
"Generated (GRU, T=1.2)",1.0
"Generated (GRU, T=1.2)",0.6666666666666666
"Generated (GRU, T=1.2)",0.5833333333333334
"Generated (GRU, T=1.2)",0.625
"Generated (GRU, T=1.2)",0.5555555555555556
"Generated (GRU, T=1.2)",0.6666666666666666
"Generated (GRU, T=1.5)",0.75
"Generated (GRU, T=1.5)",0.6666666666666666
"Generated (GRU, T=1.5)",0.5
"Generated (GRU, T=1.5)",0.6
"Generated (GRU, T=1.5)",0.5714285714285714
"Generated (GRU, T=1.5)",0.6363636363636364
"Generated (GRU, T=1.5)",0.6666666666666666
"Generated (GRU, T=1.5)",0.7777777777777778
"Generated (GRU, T=1.5)",0.6666666666666666
"Generated (GRU, T=1.5)",0.4375
"Generated (GRU, T=1.5)",0.5
"Generated (GRU, T=1.5)",0.6
"Generated (GRU, T=1.5)",0.8333333333333334
"Generated (GRU, T=1.5)",0.6666666666666666
"Generated (GRU, T=1.5)",0.6153846153846154
"Generated (GRU, T=1.5)",0.5
"Generated (GRU, T=1.5)",1.0
"Generated (GRU, T=1.5)",0.6666666666666666
"Generated (GRU, T=1.5)",0.8
"Generated (GRU, T=1.5)",0.5
"Generated (GRU, T=1.5)",0.6666666666666666
"Generated (GRU, T=1.5)",0.6666666666666666
"Generated (GRU, T=1.5)",0.8333333333333334
"Generated (GRU, T=1.5)",0.8333333333333334
"Generated (GRU, T=1.5)",0.6666666666666666
"Generated (GRU, T=1.5)",0.8
"Generated (GRU, T=1.5)",0.6
"Generated (GRU, T=1.5)",0.8
"Generated (GRU, T=1.5)",0.6
"Generated (GRU, T=1.5)",0.6
"Generated (GRU, T=1.5)",0.6666666666666666
"Generated (GRU, T=1.5)",0.8
"Generated (GRU, T=1.5)",1.0
"Generated (GRU, T=1.5)",0.6666666666666666
"Generated (GRU, T=1.5)",0.6
"Generated (GRU, T=1.5)",1.0
"Generated (GRU, T=1.5)",1.0
"Generated (GRU, T=1.5)",0.6666666666666666
"Generated (GRU, T=1.5)",0.6
"Generated (GRU, T=1.5)",1.0
"Generated (GRU, T=1.5)",0.8
"Generated (GRU, T=1.5)",0.7142857142857143
"Generated (GRU, T=1.5)",0.6666666666666666
"Generated (GRU, T=1.5)",0.5
"Generated (GRU, T=1.5)",0.75
"Generated (GRU, T=1.5)",0.6
"Generated (GRU, T=1.5)",0.5454545454545454
"Generated (GRU, T=1.5)",0.6666666666666666
"Generated (GRU, T=1.5)",0.75
"Generated (GRU, T=1.5)",0.6666666666666666
"Generated (GRU, T=1.5)",0.8333333333333334
"Generated (GRU, T=1.5)",0.6666666666666666
"Generated (GRU, T=1.5)",0.6666666666666666
"Generated (GRU, T=1.5)",0.6666666666666666
"Generated (GRU, T=1.5)",0.6
"Generated (GRU, T=1.5)",0.8
"Generated (GRU, T=1.5)",0.8
"Generated (GRU, T=1.5)",0.7142857142857143
"Generated (GRU, T=1.5)",0.8
"Generated (GRU, T=1.5)",0.7142857142857143
"Generated (GRU, T=1.5)",0.8
"Generated (GRU, T=1.5)",0.6666666666666666
"Generated (GRU, T=1.5)",0.8571428571428571
"Generated (GRU, T=1.5)",1.0
"Generated (GRU, T=1.5)",0.7142857142857143
"Generated (GRU, T=1.5)",1.0
"Generated (GRU, T=1.5)",0.6
"Generated (GRU, T=1.5)",0.5555555555555556
"Generated (GRU, T=1.5)",0.7142857142857143
"Generated (GRU, T=1.5)",0.6153846153846154
"Generated (GRU, T=1.5)",0.6666666666666666
"Generated (GRU, T=1.5)",0.8333333333333334
"Generated (GRU, T=1.5)",0.6296296296296297
"Generated (GRU, T=1.5)",0.625
"Generated (GRU, T=1.5)",0.6666666666666666
"Generated (GRU, T=1.5)",0.6666666666666666
"Generated (GRU, T=1.5)",0.75
"Generated (GRU, T=1.5)",0.8
"Generated (GRU, T=1.5)",0.5714285714285714
"Generated (GRU, T=1.5)",0.8
"Generated (GRU, T=1.5)",0.8
"Generated (GRU, T=1.5)",0.6666666666666666
"Generated (GRU, T=1.5)",0.5555555555555556
"Generated (GRU, T=1.5)",0.625
"Generated (GRU, T=1.5)",0.6666666666666666
"Generated (GRU, T=1.5)",0.5555555555555556
"Generated (GRU, T=1.5)",0.5384615384615384
"Generated (GRU, T=1.5)",0.6666666666666666
"Generated (GRU, T=1.5)",0.6666666666666666
"Generated (GRU, T=1.5)",0.5714285714285714
"Generated (GRU, T=1.5)",1.0
"Generated (GRU, T=1.5)",0.6666666666666666
"Generated (GRU, T=1.5)",0.6666666666666666
"Generated (GRU, T=1.5)",0.6
"Generated (GRU, T=1.5)",0.6923076923076923
"Generated (GRU, T=1.5)",0.6666666666666666
"Generated (GRU, T=1.5)",0.8
"Generated (GRU, T=1.5)",0.6
"Generated (GRU, T=1.5)",0.6666666666666666
"Generated (GRU, T=1.5)",0.4444444444444444
"Generated (GRU, T=1.5)",0.6
"Generated (GRU, T=1.5)",0.8
"Generated (GRU, T=1.5)",0.6666666666666666
"Generated (GRU, T=1.5)",0.9285714285714286
"Generated (GRU, T=1.5)",0.6666666666666666
"Generated (GRU, T=1.5)",0.6666666666666666
"Generated (GRU, T=1.5)",0.8
"Generated (GRU, T=1.5)",0.625
"Generated (GRU, T=1.5)",0.625
"Generated (GRU, T=1.5)",0.5714285714285714
"Generated (GRU, T=1.5)",0.5
"Generated (GRU, T=1.5)",0.6
"Generated (GRU, T=1.5)",0.6
"Generated (GRU, T=1.5)",0.6666666666666666
"Generated (GRU, T=1.5)",0.6
"Generated (GRU, T=1.5)",0.8
"Generated (GRU, T=1.5)",0.5
"Generated (GRU, T=1.5)",0.6666666666666666
"Generated (GRU, T=1.5)",0.8333333333333334
"Generated (GRU, T=1.5)",0.6666666666666666
"Generated (GRU, T=1.5)",0.6666666666666666
"Generated (GRU, T=1.5)",0.5
"Generated (GRU, T=1.5)",0.6666666666666666
"Generated (GRU, T=1.5)",0.5
"Generated (GRU, T=1.5)",0.5833333333333334
"Generated (GRU, T=1.5)",0.8
"Generated (GRU, T=1.5)",0.6
"Generated (GRU, T=1.5)",0.625
"Generated (GRU, T=1.5)",0.75
"Generated (GRU, T=1.5)",0.6
"Generated (GRU, T=1.5)",0.6363636363636364
"Generated (GRU, T=1.5)",0.7
"Generated (GRU, T=1.5)",0.6666666666666666
"Generated (GRU, T=1.5)",0.75
"Generated (GRU, T=1.5)",0.6666666666666666
"Generated (GRU, T=1.5)",0.6923076923076923
"Generated (GRU, T=1.5)",0.8333333333333334
"Generated (GRU, T=1.5)",0.7272727272727273
"Generated (GRU, T=1.5)",1.0
"Generated (GRU, T=1.5)",0.8571428571428571
"Generated (GRU, T=1.5)",0.6666666666666666
"Generated (GRU, T=1.5)",0.5714285714285714
"Generated (GRU, T=1.5)",0.8
"Generated (GRU, T=1.5)",0.6
"Generated (GRU, T=1.5)",0.8
"Generated (GRU, T=1.5)",0.8
"Generated (GRU, T=1.5)",0.7272727272727273
"Generated (GRU, T=1.5)",0.5714285714285714
"Generated (GRU, T=1.5)",0.6666666666666666
"Generated (GRU, T=1.5)",1.0
"Generated (GRU, T=1.5)",0.6666666666666666
"Generated (GRU, T=1.5)",0.5714285714285714
"Generated (GRU, T=1.5)",0.6666666666666666
"Generated (GRU, T=1.5)",0.8
"Generated (GRU, T=1.5)",0.8333333333333334
"Generated (GRU, T=1.5)",0.6666666666666666
"Generated (GRU, T=1.5)",0.5
"Generated (GRU, T=1.5)",0.8
"Generated (GRU, T=1.5)",0.6
"Generated (GRU, T=1.5)",0.5714285714285714
"Generated (GRU, T=1.5)",0.8
"Generated (GRU, T=1.5)",0.6666666666666666
"Generated (GRU, T=1.5)",0.6666666666666666
"Generated (GRU, T=1.5)",1.0
"Generated (GRU, T=1.5)",0.6
"Generated (GRU, T=1.5)",0.7777777777777778
"Generated (GRU, T=1.5)",0.8
"Generated (GRU, T=1.5)",0.6
"Generated (GRU, T=1.5)",0.6
"Generated (GRU, T=1.5)",0.625
"Generated (GRU, T=1.5)",0.8
"Generated (GRU, T=1.5)",0.5
"Generated (GRU, T=1.5)",0.6
"Generated (GRU, T=1.5)",0.625
"Generated (GRU, T=1.5)",0.8
"Generated (GRU, T=1.5)",0.7692307692307693
"Generated (GRU, T=1.5)",0.5555555555555556
"Generated (GRU, T=1.5)",0.75
"Generated (GRU, T=1.5)",0.7142857142857143
"Generated (GRU, T=1.5)",0.8333333333333334
"Generated (GRU, T=1.5)",0.7
"Generated (GRU, T=1.5)",0.6428571428571429
"Generated (GRU, T=1.5)",0.875
"Generated (GRU, T=1.5)",0.8
"Generated (GRU, T=1.5)",0.7647058823529411
"Generated (GRU, T=1.5)",0.5
"Generated (GRU, T=1.5)",0.8571428571428571
"Generated (GRU, T=1.5)",0.8333333333333334
"Generated (GRU, T=1.5)",0.7142857142857143
"Generated (GRU, T=1.5)",0.5714285714285714
"Generated (GRU, T=1.5)",0.6666666666666666
"Generated (GRU, T=1.5)",0.7142857142857143
"Generated (GRU, T=1.5)",0.6363636363636364
"Generated (GRU, T=1.5)",1.0
"Generated (GRU, T=1.5)",0.6666666666666666
"Generated (GRU, T=1.5)",0.7142857142857143
"Generated (GRU, T=1.5)",0.6666666666666666
"Generated (GRU, T=1.5)",0.6666666666666666
"Generated (GRU, T=1.5)",0.9090909090909091
"Generated (GRU, T=1.5)",0.46153846153846156
"Generated (GRU, T=1.5)",0.6666666666666666
"Generated (GRU, T=1.5)",0.46153846153846156
"Generated (GRU, T=1.5)",0.8571428571428571
"Generated (GRU, T=1.5)",0.6666666666666666
"Generated (GRU, T=1.5)",0.8
"Generated (GRU, T=1.5)",0.7142857142857143
"Generated (GRU, T=1.5)",0.8
"Generated (GRU, T=1.5)",0.6
"Generated (GRU, T=1.5)",1.0
"Generated (GRU, T=1.5)",0.8571428571428571
"Generated (GRU, T=1.5)",0.6666666666666666
"Generated (GRU, T=1.5)",0.7142857142857143
"Generated (GRU, T=1.5)",0.625
"Generated (GRU, T=1.5)",0.6666666666666666
"Generated (GRU, T=1.5)",0.8
"Generated (GRU, T=1.5)",0.6
"Generated (GRU, T=1.5)",0.8
"Generated (GRU, T=1.5)",0.8333333333333334
"Generated (GRU, T=1.5)",0.8
"Generated (GRU, T=1.5)",0.8571428571428571
"Generated (GRU, T=1.5)",0.6666666666666666
"Generated (GRU, T=1.5)",0.6
"Generated (GRU, T=1.5)",0.8333333333333334
"Generated (GRU, T=1.5)",0.6
"Generated (GRU, T=1.5)",0.6666666666666666
"Generated (GRU, T=1.5)",0.8
"Generated (GRU, T=1.5)",0.75
"Generated (GRU, T=1.5)",0.6666666666666666
"Generated (GRU, T=1.5)",0.8
"Generated (GRU, T=1.5)",0.6666666666666666
"Generated (GRU, T=1.5)",0.7142857142857143
"Generated (GRU, T=1.5)",0.6
"Generated (GRU, T=1.5)",0.5
"Generated (GRU, T=1.5)",0.8333333333333334
"Generated (GRU, T=1.5)",0.8
"Generated (GRU, T=1.5)",0.5454545454545454
"Generated (GRU, T=1.5)",0.6666666666666666
"Generated (GRU, T=1.5)",0.6666666666666666
"Generated (GRU, T=1.5)",0.8333333333333334
"Generated (GRU, T=1.5)",0.6
"Generated (GRU, T=1.5)",0.6666666666666666
"Generated (GRU, T=1.5)",0.6
"Generated (GRU, T=1.5)",0.6666666666666666
"Generated (GRU, T=1.5)",0.8571428571428571
"Generated (GRU, T=1.5)",0.6
"Generated (GRU, T=1.5)",0.6666666666666666
"Generated (GRU, T=1.5)",0.8
"Generated (GRU, T=1.5)",0.625
"Generated (GRU, T=1.5)",0.5555555555555556
"Generated (GRU, T=1.5)",0.8333333333333334
"Generated (GRU, T=1.5)",0.6666666666666666
"Generated (GRU, T=1.5)",0.625
"Generated (GRU, T=1.5)",0.6666666666666666
"Generated (GRU, T=1.5)",0.6666666666666666
"Generated (GRU, T=1.5)",0.6
"Generated (GRU, T=1.5)",0.6
"Generated (GRU, T=1.5)",0.75
"Generated (GRU, T=1.5)",0.6
"Generated (GRU, T=1.5)",0.6666666666666666
"Generated (GRU, T=1.5)",0.6666666666666666
"Generated (GRU, T=1.5)",0.8333333333333334
"Generated (GRU, T=1.5)",0.5714285714285714
"Generated (GRU, T=1.5)",0.8
"Generated (GRU, T=1.5)",0.6
"Generated (GRU, T=1.5)",0.6
"Generated (GRU, T=1.5)",0.5625
"Generated (GRU, T=1.5)",0.8333333333333334
"Generated (GRU, T=1.5)",0.8
"Generated (GRU, T=1.5)",0.9
"Generated (GRU, T=1.5)",0.6666666666666666
"Generated (GRU, T=1.5)",0.7
"Generated (GRU, T=1.5)",0.7142857142857143
"Generated (GRU, T=1.5)",0.6666666666666666
"Generated (GRU, T=1.5)",0.6
"Generated (GRU, T=1.5)",0.5714285714285714
"Generated (GRU, T=1.5)",0.6
"Generated (GRU, T=1.5)",0.8333333333333334
"Generated (GRU, T=1.5)",0.8333333333333334
"Generated (GRU, T=1.5)",0.625
"Generated (GRU, T=1.5)",0.6666666666666666
"Generated (GRU, T=1.5)",0.7142857142857143
"Generated (GRU, T=1.5)",1.0
"Generated (GRU, T=1.5)",0.6666666666666666
"Generated (GRU, T=1.5)",0.8333333333333334
"Generated (GRU, T=1.5)",0.9411764705882353
"Generated (GRU, T=1.5)",0.5714285714285714
"Generated (GRU, T=1.5)",0.6666666666666666
"Generated (GRU, T=1.5)",0.8571428571428571
"Generated (GRU, T=1.5)",0.6666666666666666
"Generated (GRU, T=1.5)",0.6
"Generated (GRU, T=1.5)",0.6666666666666666
"Generated (GRU, T=1.5)",0.6666666666666666
"Generated (GRU, T=1.5)",0.75
"Generated (GRU, T=1.5)",0.6
"Generated (GRU, T=1.5)",0.8
"Generated (GRU, T=1.5)",0.6666666666666666
"Generated (GRU, T=1.5)",0.7333333333333333
"Generated (GRU, T=1.5)",1.0
"Generated (GRU, T=1.5)",0.631578947368421
"Generated (GRU, T=1.5)",0.6666666666666666
"Generated (GRU, T=1.5)",0.6153846153846154
"Generated (GRU, T=1.5)",0.8
"Generated (GRU, T=1.5)",0.5
"Generated (GRU, T=1.5)",0.7142857142857143
"Generated (GRU, T=1.5)",0.6
"Generated (GRU, T=1.5)",0.5
"Generated (GRU, T=1.5)",0.6666666666666666
"Generated (GRU, T=1.5)",1.0
"Generated (GRU, T=1.5)",0.625
"Generated (GRU, T=1.5)",0.6666666666666666
"Generated (GRU, T=1.5)",0.6
"Generated (GRU, T=1.5)",0.6666666666666666
"Generated (GRU, T=1.5)",0.6
"Generated (GRU, T=1.5)",0.6
"Generated (GRU, T=1.5)",0.6
"Generated (GRU, T=1.5)",0.8
"Generated (GRU, T=1.5)",0.6
"Generated (GRU, T=1.5)",0.7
"Generated (GRU, T=1.5)",0.6818181818181818
"Generated (GRU, T=1.5)",0.5
"Generated (GRU, T=1.5)",0.7142857142857143
"Generated (GRU, T=1.5)",0.4444444444444444
"Generated (GRU, T=1.5)",0.6
"Generated (GRU, T=1.5)",0.6666666666666666
"Generated (GRU, T=1.5)",0.6
"Generated (GRU, T=1.5)",0.6
"Generated (GRU, T=1.5)",0.6
"Generated (GRU, T=1.5)",1.0
"Generated (GRU, T=1.5)",0.8
"Generated (GRU, T=1.5)",0.625
"Generated (GRU, T=1.5)",0.6
"Generated (GRU, T=1.5)",0.6666666666666666
"Generated (GRU, T=1.5)",1.0
"Generated (GRU, T=1.5)",0.5
"Generated (GRU, T=1.5)",0.5714285714285714
"Generated (GRU, T=1.5)",0.75
"Generated (GRU, T=1.5)",0.8333333333333334
"Generated (GRU, T=1.5)",0.42857142857142855
"Generated (GRU, T=1.5)",0.75
"Generated (GRU, T=1.5)",0.5
"Generated (GRU, T=1.5)",0.8
"Generated (GRU, T=1.5)",0.6
"Generated (GRU, T=1.5)",1.0
"Generated (GRU, T=1.5)",0.6666666666666666
"Generated (GRU, T=1.5)",0.6666666666666666
"Generated (GRU, T=1.5)",0.7142857142857143
"Generated (GRU, T=1.5)",0.5714285714285714
"Generated (GRU, T=1.5)",1.0
"Generated (GRU, T=1.5)",0.5555555555555556
"Generated (GRU, T=1.5)",0.6666666666666666
"Generated (GRU, T=1.5)",0.5714285714285714
"Generated (GRU, T=1.5)",0.8
"Generated (GRU, T=1.5)",0.6
"Generated (GRU, T=1.5)",0.8
"Generated (GRU, T=1.5)",0.7777777777777778
"Generated (GRU, T=1.5)",0.6666666666666666
"Generated (GRU, T=1.5)",0.6666666666666666
"Generated (GRU, T=1.5)",0.6666666666666666
"Generated (GRU, T=1.5)",1.0
"Generated (GRU, T=1.5)",0.625
"Generated (GRU, T=1.5)",1.0
"Generated (GRU, T=1.5)",0.7272727272727273
"Generated (GRU, T=1.5)",0.8461538461538461
"Generated (GRU, T=1.5)",0.7777777777777778
"Generated (GRU, T=1.5)",0.6
"Generated (GRU, T=1.5)",0.6666666666666666
"Generated (GRU, T=1.5)",0.7692307692307693
"Generated (GRU, T=1.5)",0.7142857142857143
"Generated (GRU, T=1.5)",0.9166666666666666
"Generated (GRU, T=1.5)",0.6666666666666666
"Generated (GRU, T=1.5)",0.6363636363636364
"Generated (GRU, T=1.5)",0.6
"Generated (GRU, T=1.5)",0.6
"Generated (GRU, T=1.5)",0.7777777777777778
"Generated (GRU, T=1.5)",0.6
"Generated (GRU, T=1.5)",0.7142857142857143
"Generated (GRU, T=1.5)",0.6666666666666666
"Generated (GRU, T=1.5)",0.7142857142857143
"Generated (GRU, T=1.5)",0.6666666666666666
"Generated (GRU, T=1.5)",0.6
"Generated (GRU, T=1.5)",0.7777777777777778
"Generated (GRU, T=1.5)",0.7
"Generated (GRU, T=1.5)",0.5454545454545454
"Generated (GRU, T=1.5)",0.5714285714285714
"Generated (GRU, T=1.5)",0.6
"Generated (GRU, T=1.5)",0.5
"Generated (GRU, T=1.5)",0.625
"Generated (GRU, T=1.5)",0.8333333333333334
"Generated (GRU, T=1.5)",0.6666666666666666
"Generated (GRU, T=1.5)",0.8333333333333334
"Generated (GRU, T=1.5)",0.7
"Generated (GRU, T=1.5)",0.8571428571428571
"Generated (GRU, T=1.5)",0.5
"Generated (GRU, T=1.5)",0.6
"Generated (GRU, T=1.5)",0.6666666666666666
"Generated (GRU, T=1.5)",0.8
"Generated (GRU, T=1.5)",0.6153846153846154
"Generated (GRU, T=1.5)",0.6666666666666666
"Generated (GRU, T=1.5)",0.6
"Generated (GRU, T=1.5)",0.8
"Generated (GRU, T=1.5)",1.0
"Generated (GRU, T=1.5)",0.6666666666666666
"Generated (GRU, T=1.5)",0.8
"Generated (GRU, T=1.5)",0.6666666666666666
"Generated (GRU, T=1.5)",0.8333333333333334
"Generated (GRU, T=1.5)",0.625
"Generated (GRU, T=1.5)",0.75
"Generated (GRU, T=1.5)",0.6
"Generated (GRU, T=1.5)",0.8333333333333334
"Generated (GRU, T=1.5)",0.7777777777777778
"Generated (GRU, T=1.5)",1.0
"Generated (GRU, T=1.5)",0.7777777777777778
"Generated (GRU, T=1.5)",0.6
"Generated (GRU, T=1.5)",1.0
"Generated (GRU, T=1.5)",0.6
"Generated (GRU, T=1.5)",0.6
"Generated (GRU, T=1.5)",0.7777777777777778
"Generated (GRU, T=1.5)",0.6666666666666666
"Generated (GRU, T=1.5)",0.625
"Generated (GRU, T=1.5)",0.5
"Generated (GRU, T=1.5)",0.9166666666666666
"Generated (GRU, T=1.5)",0.6666666666666666
"Generated (GRU, T=1.5)",0.6666666666666666
"Generated (GRU, T=1.5)",0.7
"Generated (GRU, T=1.5)",0.6
"Generated (GRU, T=1.5)",0.6153846153846154
"Generated (GRU, T=1.5)",0.6666666666666666
"Generated (GRU, T=1.5)",0.8
"Generated (GRU, T=1.5)",0.8333333333333334
"Generated (GRU, T=1.5)",0.6153846153846154
"Generated (GRU, T=1.5)",0.6666666666666666
"Generated (GRU, T=1.5)",0.6666666666666666
"Generated (GRU, T=1.5)",0.8235294117647058
"Generated (GRU, T=1.5)",0.6
"Generated (GRU, T=1.5)",0.7142857142857143
"Generated (GRU, T=1.5)",0.6
"Generated (GRU, T=1.5)",0.6
"Generated (GRU, T=1.5)",0.6
"Generated (GRU, T=1.5)",0.6666666666666666
"Generated (GRU, T=1.5)",0.5
"Generated (GRU, T=1.5)",0.6
"Generated (GRU, T=1.5)",1.0
"Generated (GRU, T=1.5)",0.7142857142857143
"Generated (GRU, T=1.5)",0.5
"Generated (GRU, T=1.5)",0.625
"Generated (GRU, T=1.5)",0.8461538461538461
"Generated (GRU, T=1.5)",0.6923076923076923
"Generated (GRU, T=1.5)",0.5625
"Generated (GRU, T=1.5)",0.6
"Generated (GRU, T=1.5)",0.625
"Generated (GRU, T=1.5)",0.6666666666666666
"Generated (GRU, T=1.5)",0.6363636363636364
"Generated (GRU, T=1.5)",0.7777777777777778
"Generated (GRU, T=1.5)",1.0
"Generated (GRU, T=1.5)",0.7142857142857143
"Generated (GRU, T=1.5)",0.7142857142857143
"Generated (GRU, T=1.5)",0.8333333333333334
"Generated (GRU, T=1.5)",0.5714285714285714
"Generated (GRU, T=1.5)",0.8571428571428571
"Generated (GRU, T=1.5)",0.6666666666666666
"Generated (GRU, T=1.5)",0.6
"Generated (GRU, T=1.5)",0.75
"Generated (GRU, T=1.5)",0.6
"Generated (GRU, T=1.5)",0.8
"Generated (GRU, T=1.5)",0.625
"Generated (GRU, T=1.5)",0.8
"Generated (GRU, T=1.5)",0.8
"Generated (GRU, T=1.5)",0.6666666666666666
"Generated (GRU, T=1.5)",0.8
"Generated (GRU, T=1.5)",0.6666666666666666
"Generated (GRU, T=1.5)",0.6666666666666666
"Generated (GRU, T=1.5)",0.6
"Generated (GRU, T=1.5)",0.875
"Generated (GRU, T=1.5)",0.875
"Generated (GRU, T=1.5)",0.5
"Generated (GRU, T=1.5)",0.6
"Generated (GRU, T=1.5)",0.7272727272727273
"Generated (GRU, T=1.5)",0.6666666666666666
"Generated (GRU, T=1.5)",1.0
"Generated (GRU, T=1.5)",0.5
"Generated (GRU, T=1.5)",0.5384615384615384
"Generated (GRU, T=1.5)",0.8
"Generated (GRU, T=1.5)",0.625
"Generated (GRU, T=1.5)",0.6666666666666666
"Generated (GRU, T=1.5)",0.625
"Generated (GRU, T=1.5)",0.8
"Generated (GRU, T=1.5)",0.625
"Generated (GRU, T=1.5)",0.6
"Generated (GRU, T=1.5)",0.7142857142857143
"Generated (GRU, T=1.5)",0.6
"Generated (GRU, T=1.5)",0.7692307692307693
"Generated (GRU, T=1.5)",0.5
"Generated (GRU, T=1.5)",0.7666666666666667
"Generated (GRU, T=1.5)",0.625
"Generated (GRU, T=1.5)",0.75
"Generated (GRU, T=1.5)",0.8666666666666667
"Generated (GRU, T=1.5)",0.8333333333333334
"Generated (GRU, T=1.5)",0.8
"Generated (GRU, T=1.5)",0.6
"Generated (GRU, T=1.5)",0.6666666666666666
"Generated (GRU, T=1.5)",0.5714285714285714
"Generated (GRU, T=1.5)",0.875
"Generated (GRU, T=1.5)",1.0
"Generated (GRU, T=1.5)",0.6
"Generated (GRU, T=1.5)",0.7272727272727273
"Generated (GRU, T=1.5)",0.7142857142857143
"Generated (GRU, T=1.5)",0.7692307692307693
"Generated (GRU, T=1.5)",0.6
"Generated (GRU, T=1.5)",0.625
"Generated (GRU, T=1.5)",0.5454545454545454
"Generated (GRU, T=1.5)",0.7692307692307693
"Generated (GRU, T=1.5)",0.6
"Generated (GRU, T=1.5)",0.8333333333333334
"Generated (GRU, T=1.5)",0.625
"Generated (GRU, T=1.5)",0.75
"Generated (GRU, T=1.5)",0.7692307692307693
"Generated (GRU, T=1.5)",1.0
"Generated (GRU, T=1.5)",0.7777777777777778
"Generated (GRU, T=1.5)",0.7
"Generated (GRU, T=1.5)",0.75
"Generated (GRU, T=1.5)",0.5
"Generated (GRU, T=1.5)",0.6428571428571429
"Generated (GRU, T=1.5)",0.8333333333333334
"Generated (GRU, T=1.5)",0.7142857142857143
"Generated (GRU, T=1.5)",0.6
"Generated (GRU, T=1.5)",0.6666666666666666
"Generated (GRU, T=1.5)",0.6666666666666666
"Generated (GRU, T=1.5)",0.6
"Generated (GRU, T=1.5)",0.7142857142857143
"Generated (GRU, T=1.5)",0.6
"Generated (GRU, T=1.5)",0.7777777777777778
"Generated (GRU, T=1.5)",0.5714285714285714
"Generated (GRU, T=1.5)",0.8
"Generated (GRU, T=1.5)",0.8
"Generated (GRU, T=1.5)",0.8571428571428571
"Generated (GRU, T=1.5)",0.6363636363636364
"Generated (GRU, T=1.5)",0.6
"Generated (GRU, T=1.5)",0.6153846153846154
"Generated (GRU, T=1.5)",0.8888888888888888
"Generated (GRU, T=1.5)",0.6666666666666666
"Generated (GRU, T=1.5)",1.0
"Generated (GRU, T=1.5)",0.6666666666666666
"Generated (GRU, T=1.5)",0.7777777777777778
"Generated (GRU, T=1.5)",0.9444444444444444
"Generated (GRU, T=1.5)",0.8
"Generated (GRU, T=1.5)",0.6
"Generated (GRU, T=1.5)",0.6666666666666666
"Generated (GRU, T=1.5)",0.6
"Generated (GRU, T=1.5)",0.6666666666666666
"Generated (GRU, T=1.5)",0.6923076923076923
"Generated (GRU, T=1.5)",0.8333333333333334
"Generated (GRU, T=1.5)",0.8
"Generated (GRU, T=1.5)",0.5454545454545454
"Generated (GRU, T=1.5)",0.6666666666666666
"Generated (GRU, T=1.5)",0.8571428571428571
"Generated (GRU, T=1.5)",0.6
"Generated (GRU, T=1.5)",0.6
"Generated (GRU, T=1.5)",0.8
"Generated (GRU, T=1.5)",0.75
"Generated (GRU, T=1.5)",0.7777777777777778
"Generated (GRU, T=1.5)",0.6666666666666666
"Generated (GRU, T=1.5)",0.5714285714285714
"Generated (GRU, T=1.5)",0.7142857142857143
"Generated (GRU, T=1.5)",0.6
"Generated (GRU, T=1.5)",0.8
"Generated (GRU, T=1.5)",0.7
"Generated (GRU, T=1.5)",0.8333333333333334
"Generated (GRU, T=1.5)",0.7142857142857143
"Generated (GRU, T=1.5)",0.6666666666666666
"Generated (GRU, T=1.5)",0.8
"Generated (GRU, T=1.5)",0.9090909090909091
"Generated (GRU, T=1.5)",0.7142857142857143
"Generated (GRU, T=1.5)",0.6666666666666666
"Generated (GRU, T=1.5)",0.5
"Generated (GRU, T=1.5)",0.8
"Generated (GRU, T=1.5)",0.7777777777777778
"Generated (GRU, T=1.5)",0.6
"Generated (GRU, T=1.5)",0.6666666666666666
"Generated (GRU, T=1.5)",0.7777777777777778
"Generated (GRU, T=1.5)",0.6
"Generated (GRU, T=1.5)",0.9285714285714286
"Generated (GRU, T=1.5)",0.7142857142857143
"Generated (GRU, T=1.5)",0.8
"Generated (GRU, T=1.5)",0.6666666666666666
"Generated (GRU, T=1.5)",0.6
"Generated (GRU, T=1.5)",0.8333333333333334
"Generated (GRU, T=1.5)",0.6666666666666666
"Generated (GRU, T=1.5)",0.7142857142857143
"Generated (GRU, T=1.5)",0.8
"Generated (GRU, T=1.5)",0.6666666666666666
"Generated (GRU, T=1.5)",0.8
"Generated (GRU, T=1.5)",0.5
"Generated (GRU, T=1.5)",0.6
"Generated (GRU, T=1.5)",0.6666666666666666
"Generated (GRU, T=1.5)",0.5454545454545454
"Generated (GRU, T=1.5)",0.5714285714285714
"Generated (GRU, T=1.5)",0.6666666666666666
"Generated (GRU, T=1.5)",0.6
"Generated (GRU, T=1.5)",0.7142857142857143
"Generated (GRU, T=1.5)",0.7142857142857143
"Generated (GRU, T=1.5)",0.7142857142857143
"Generated (GRU, T=1.5)",1.0
"Generated (GRU, T=1.5)",0.5714285714285714
"Generated (GRU, T=1.5)",0.8333333333333334
"Generated (GRU, T=1.5)",0.8333333333333334
"Generated (GRU, T=1.5)",0.8
"Generated (GRU, T=1.5)",0.6666666666666666
"Generated (GRU, T=1.5)",0.625
"Generated (GRU, T=1.5)",0.8333333333333334
"Generated (GRU, T=1.5)",0.6666666666666666
"Generated (GRU, T=1.5)",0.6
"Generated (GRU, T=1.5)",0.8
"Generated (GRU, T=1.5)",0.5
"Generated (GRU, T=1.5)",0.5
"Generated (GRU, T=1.5)",0.8333333333333334
"Generated (GRU, T=1.5)",0.8333333333333334
"Generated (GRU, T=1.5)",0.75
"Generated (GRU, T=1.5)",0.6
"Generated (GRU, T=1.5)",0.7142857142857143
"Generated (GRU, T=1.5)",0.6666666666666666
"Generated (GRU, T=1.5)",0.6666666666666666
"Generated (GRU, T=1.5)",0.7142857142857143
"Generated (GRU, T=1.5)",0.8333333333333334
"Generated (GRU, T=1.5)",0.6
"Generated (GRU, T=1.5)",0.8
"Generated (GRU, T=1.5)",0.6
"Generated (GRU, T=1.5)",0.75
"Generated (GRU, T=1.5)",0.8
"Generated (GRU, T=1.5)",0.6
"Generated (GRU, T=1.5)",0.6666666666666666
"Generated (GRU, T=1.5)",0.75
"Generated (GRU, T=1.5)",0.6666666666666666
"Generated (GRU, T=1.5)",0.8695652173913043
"Generated (GRU, T=1.5)",0.45454545454545453
"Generated (GRU, T=1.5)",0.5714285714285714
"Generated (GRU, T=1.5)",0.9166666666666666
"Generated (GRU, T=1.5)",0.9
"Generated (GRU, T=1.5)",0.875
"Generated (GRU, T=1.5)",1.0
"Generated (GRU, T=1.5)",0.75
"Generated (GRU, T=1.5)",0.625
"Generated (GRU, T=1.5)",0.625
"Generated (GRU, T=1.5)",0.8125
"Generated (GRU, T=1.5)",0.5384615384615384
"Generated (GRU, T=1.5)",0.6666666666666666
"Generated (GRU, T=1.5)",0.6666666666666666
"Generated (GRU, T=1.5)",0.6
"Generated (GRU, T=1.5)",0.8333333333333334
"Generated (GRU, T=1.5)",0.5
"Generated (GRU, T=1.5)",0.6666666666666666
"Generated (GRU, T=1.5)",0.6666666666666666
"Generated (GRU, T=1.5)",0.6666666666666666
"Generated (GRU, T=1.5)",0.5714285714285714
"Generated (GRU, T=1.5)",0.6
"Generated (GRU, T=1.5)",0.5714285714285714
"Generated (GRU, T=1.5)",1.0
"Generated (GRU, T=1.5)",0.5555555555555556
"Generated (GRU, T=1.5)",0.5
"Generated (GRU, T=1.5)",0.8
"Generated (GRU, T=1.5)",0.6363636363636364
"Generated (GRU, T=1.5)",0.6666666666666666
"Generated (GRU, T=1.5)",0.8333333333333334
"Generated (GRU, T=1.5)",0.6
"Generated (GRU, T=1.5)",0.7142857142857143
"Generated (GRU, T=1.5)",0.6666666666666666
"Generated (GRU, T=1.5)",0.5714285714285714
"Generated (GRU, T=1.5)",0.6
"Generated (GRU, T=1.5)",0.5
"Generated (GRU, T=1.5)",0.8
"Generated (GRU, T=1.5)",0.5
"Generated (GRU, T=1.5)",0.6666666666666666
"Generated (GRU, T=1.5)",0.6
"Generated (GRU, T=1.5)",0.5
"Generated (GRU, T=1.5)",0.6
"Generated (GRU, T=1.5)",0.6666666666666666
"Generated (GRU, T=1.5)",0.8
"Generated (GRU, T=1.5)",1.0
"Generated (GRU, T=1.5)",0.8333333333333334
"Generated (GRU, T=1.5)",0.6666666666666666
"Generated (GRU, T=1.5)",0.7
"Generated (GRU, T=1.5)",0.6666666666666666
"Generated (GRU, T=1.5)",0.6
"Generated (GRU, T=1.5)",0.6666666666666666
"Generated (GRU, T=1.5)",0.8571428571428571
"Generated (GRU, T=1.5)",0.6
"Generated (GRU, T=1.5)",0.8
"Generated (GRU, T=1.5)",0.6666666666666666
"Generated (GRU, T=1.5)",0.6666666666666666
"Generated (GRU, T=1.5)",1.0
"Generated (GRU, T=1.5)",0.5714285714285714
"Generated (GRU, T=1.5)",0.7142857142857143
"Generated (GRU, T=1.5)",0.6
"Generated (GRU, T=1.5)",0.6923076923076923
"Generated (GRU, T=1.5)",0.8333333333333334
"Generated (GRU, T=1.5)",0.7142857142857143
"Generated (GRU, T=1.5)",0.7142857142857143
"Generated (GRU, T=1.5)",0.6363636363636364
"Generated (GRU, T=1.5)",0.6666666666666666
"Generated (GRU, T=1.5)",0.6
"Generated (GRU, T=1.5)",0.5714285714285714
"Generated (GRU, T=1.5)",0.6666666666666666
"Generated (GRU, T=1.5)",0.8888888888888888
"Generated (GRU, T=1.5)",0.6666666666666666
"Generated (GRU, T=1.5)",0.6666666666666666
"Generated (GRU, T=1.5)",1.0
"Generated (GRU, T=1.5)",0.8
"Generated (GRU, T=1.5)",0.6666666666666666
"Generated (GRU, T=1.5)",0.6666666666666666
"Generated (GRU, T=1.5)",0.6666666666666666
"Generated (GRU, T=1.5)",0.6923076923076923
"Generated (GRU, T=1.5)",0.8
"Generated (GRU, T=1.5)",0.6
"Generated (GRU, T=1.5)",0.6
"Generated (GRU, T=1.5)",0.6666666666666666
"Generated (GRU, T=1.5)",0.7
"Generated (GRU, T=1.5)",0.6
"Generated (GRU, T=1.5)",0.8
"Generated (GRU, T=1.5)",0.7142857142857143
"Generated (GRU, T=1.5)",0.6
"Generated (GRU, T=1.5)",0.6
"Generated (GRU, T=1.5)",0.8333333333333334
"Generated (GRU, T=1.5)",0.7777777777777778
"Generated (GRU, T=1.5)",0.6
"Generated (GRU, T=1.5)",0.5294117647058824
"Generated (GRU, T=1.5)",0.6
"Generated (GRU, T=1.5)",0.6
"Generated (GRU, T=1.5)",0.6
"Generated (GRU, T=1.5)",0.6666666666666666
"Generated (GRU, T=1.5)",0.42857142857142855
"Generated (GRU, T=1.5)",0.6
"Generated (GRU, T=1.5)",1.0
"Generated (GRU, T=1.5)",0.8
"Generated (GRU, T=1.5)",0.8571428571428571
"Generated (GRU, T=1.5)",0.6
"Generated (GRU, T=1.5)",0.75
"Generated (GRU, T=1.5)",0.9444444444444444
"Generated (GRU, T=1.5)",0.6923076923076923
"Generated (GRU, T=1.5)",0.7142857142857143
"Generated (GRU, T=1.5)",0.7142857142857143
"Generated (GRU, T=1.5)",0.5
"Generated (GRU, T=1.5)",0.7142857142857143
"Generated (GRU, T=1.5)",0.6666666666666666
"Generated (GRU, T=1.5)",0.6666666666666666
"Generated (GRU, T=1.5)",0.8
"Generated (GRU, T=1.5)",0.625
"Generated (GRU, T=1.5)",0.5714285714285714
"Generated (GRU, T=1.5)",1.0
"Generated (GRU, T=1.5)",0.6153846153846154
"Generated (GRU, T=1.5)",0.7142857142857143
"Generated (GRU, T=1.5)",0.6666666666666666
"Generated (GRU, T=1.5)",0.6666666666666666
"Generated (GRU, T=1.5)",0.6666666666666666
"Generated (GRU, T=1.5)",0.6
"Generated (GRU, T=1.5)",0.8421052631578947
"Generated (GRU, T=1.5)",0.6
"Generated (GRU, T=1.5)",1.0
"Generated (GRU, T=1.5)",0.6666666666666666
"Generated (GRU, T=1.5)",0.8947368421052632
"Generated (GRU, T=1.5)",0.6666666666666666
"Generated (GRU, T=1.5)",0.8333333333333334
"Generated (GRU, T=1.5)",0.625
"Generated (GRU, T=1.5)",0.8
"Generated (GRU, T=1.5)",0.8
"Generated (GRU, T=1.5)",0.6
"Generated (GRU, T=1.5)",0.6666666666666666
"Generated (GRU, T=1.5)",0.875
"Generated (GRU, T=1.5)",0.625
"Generated (GRU, T=1.5)",0.5
"Generated (GRU, T=1.5)",0.6
"Generated (GRU, T=1.5)",0.6666666666666666
"Generated (GRU, T=1.5)",0.6
"Generated (GRU, T=1.5)",0.6
"Generated (GRU, T=1.5)",0.7
"Generated (GRU, T=1.5)",0.625
"Generated (GRU, T=1.5)",0.6666666666666666
"Generated (GRU, T=1.5)",0.8333333333333334
"Generated (GRU, T=1.5)",0.5555555555555556
"Generated (GRU, T=1.5)",0.625
"Generated (GRU, T=1.5)",0.8
"Generated (GRU, T=1.5)",0.7142857142857143
"Generated (GRU, T=1.5)",0.8571428571428571
"Generated (GRU, T=1.5)",0.9285714285714286
"Generated (GRU, T=1.5)",0.7142857142857143
"Generated (GRU, T=1.5)",0.8
"Generated (GRU, T=1.5)",0.8333333333333334
"Generated (GRU, T=1.5)",0.8
"Generated (GRU, T=1.5)",0.9
"Generated (GRU, T=1.5)",0.8
"Generated (GRU, T=1.5)",0.6666666666666666
"Generated (GRU, T=1.5)",0.6666666666666666
"Generated (GRU, T=1.5)",0.6
"Generated (GRU, T=1.5)",0.8888888888888888
"Generated (GRU, T=1.5)",0.6666666666666666
"Generated (GRU, T=1.5)",0.6666666666666666
"Generated (GRU, T=1.5)",0.5
"Generated (GRU, T=1.5)",0.8
"Generated (GRU, T=1.5)",0.8571428571428571
"Generated (GRU, T=1.5)",0.6923076923076923
"Generated (GRU, T=1.5)",0.8571428571428571
"Generated (GRU, T=1.5)",0.6
"Generated (GRU, T=1.5)",0.7142857142857143
"Generated (GRU, T=1.5)",0.8
"Generated (GRU, T=1.5)",0.6111111111111112
"Generated (GRU, T=1.5)",0.8333333333333334
"Generated (GRU, T=1.5)",1.0
"Generated (GRU, T=1.5)",0.6666666666666666
"Generated (GRU, T=1.5)",0.6666666666666666
"Generated (GRU, T=1.5)",0.4375
"Generated (GRU, T=1.5)",0.8
"Generated (GRU, T=1.5)",0.7142857142857143
"Generated (GRU, T=1.5)",0.75
"Generated (GRU, T=1.5)",0.42857142857142855
"Generated (GRU, T=1.5)",0.6666666666666666
"Generated (GRU, T=1.5)",0.5
"Generated (GRU, T=1.5)",0.6666666666666666
"Generated (GRU, T=1.5)",1.0
"Generated (GRU, T=1.5)",0.6666666666666666
"Generated (GRU, T=1.5)",0.5714285714285714
"Generated (GRU, T=1.5)",0.8
"Generated (GRU, T=1.5)",0.6666666666666666
"Generated (GRU, T=1.5)",0.8
"Generated (GRU, T=1.5)",0.5714285714285714
"Generated (GRU, T=1.5)",0.6
"Generated (GRU, T=1.5)",0.7272727272727273
"Generated (GRU, T=1.5)",0.6
"Generated (GRU, T=1.5)",0.7777777777777778
"Generated (GRU, T=1.5)",0.8333333333333334
"Generated (GRU, T=1.5)",0.6666666666666666
"Generated (GRU, T=1.5)",0.6
"Generated (GRU, T=1.5)",0.7142857142857143
"Generated (GRU, T=1.5)",0.6666666666666666
"Generated (GRU, T=1.5)",0.8888888888888888
"Generated (GRU, T=1.5)",0.6666666666666666
"Generated (GRU, T=1.5)",0.6666666666666666
"Generated (GRU, T=1.5)",0.6666666666666666
"Generated (GRU, T=1.5)",1.0
"Generated (GRU, T=1.5)",0.6
"Generated (GRU, T=1.5)",0.5714285714285714
"Generated (GRU, T=1.5)",0.6666666666666666
"Generated (GRU, T=1.5)",1.0
"Generated (GRU, T=1.5)",0.875
"Generated (GRU, T=1.5)",0.7142857142857143
"Generated (GRU, T=1.5)",0.5
"Generated (GRU, T=1.5)",0.8
"Generated (GRU, T=1.5)",0.6666666666666666
"Generated (GRU, T=1.5)",0.8571428571428571
"Generated (GRU, T=1.5)",0.75
"Generated (GRU, T=1.5)",0.5714285714285714
"Generated (GRU, T=1.5)",0.5
"Generated (GRU, T=1.5)",0.6
"Generated (GRU, T=1.5)",0.6666666666666666
"Generated (GRU, T=1.5)",0.6666666666666666
"Generated (GRU, T=1.5)",0.6666666666666666
"Generated (GRU, T=1.5)",0.625
"Generated (GRU, T=1.5)",0.6
"Generated (GRU, T=1.5)",0.6
"Generated (GRU, T=1.5)",0.5
"Generated (GRU, T=1.5)",0.75
"Generated (GRU, T=1.5)",0.6
"Generated (GRU, T=1.5)",0.6666666666666666
"Generated (GRU, T=1.5)",0.6
"Generated (GRU, T=1.5)",0.6666666666666666
"Generated (GRU, T=1.5)",0.6
"Generated (GRU, T=1.5)",0.8
"Generated (GRU, T=1.5)",0.7142857142857143
"Generated (GRU, T=1.5)",0.7142857142857143
"Generated (GRU, T=1.5)",0.6
"Generated (GRU, T=1.5)",0.7777777777777778
"Generated (GRU, T=1.5)",0.5333333333333333
"Generated (GRU, T=1.5)",1.0
"Generated (GRU, T=1.5)",0.8333333333333334
"Generated (GRU, T=1.5)",0.8
"Generated (GRU, T=1.5)",0.6666666666666666
"Generated (GRU, T=1.5)",0.6666666666666666
"Generated (GRU, T=1.5)",0.5833333333333334
"Generated (GRU, T=1.5)",0.7272727272727273
"Generated (GRU, T=1.5)",0.6666666666666666
"Generated (GRU, T=1.5)",0.6
"Generated (GRU, T=1.5)",0.7142857142857143
"Generated (GRU, T=1.5)",0.6
"Generated (GRU, T=1.5)",0.7142857142857143
"Generated (GRU, T=1.5)",0.6666666666666666
"Generated (GRU, T=1.5)",0.5555555555555556
"Generated (GRU, T=1.5)",0.6
"Generated (GRU, T=1.5)",0.7777777777777778
"Generated (GRU, T=1.5)",0.8333333333333334
"Generated (GRU, T=1.5)",0.6
"Generated (GRU, T=1.5)",0.6
"Generated (GRU, T=1.5)",0.8
"Generated (GRU, T=1.5)",0.625
"Generated (GRU, T=1.5)",0.625
"Generated (GRU, T=1.5)",0.6666666666666666
"Generated (GRU, T=1.5)",0.6153846153846154
"Generated (GRU, T=1.5)",0.8888888888888888
"Generated (GRU, T=1.5)",0.625
"Generated (GRU, T=1.5)",0.6
"Generated (GRU, T=1.5)",0.7142857142857143
"Generated (GRU, T=1.5)",0.6
"Generated (GRU, T=1.5)",0.6
"Generated (GRU, T=1.5)",0.7
"Generated (GRU, T=1.5)",0.6666666666666666
"Generated (GRU, T=1.5)",0.6153846153846154
"Generated (GRU, T=1.5)",0.8
"Generated (GRU, T=1.5)",0.6
"Generated (GRU, T=1.5)",0.8
"Generated (GRU, T=1.5)",0.8
"Generated (GRU, T=1.5)",0.6666666666666666
"Generated (GRU, T=1.5)",0.75
"Generated (GRU, T=1.5)",0.9
"Generated (GRU, T=1.5)",0.8
"Generated (GRU, T=1.5)",0.7777777777777778
"Generated (GRU, T=1.5)",0.625
"Generated (GRU, T=1.5)",0.8
"Generated (GRU, T=1.5)",0.7
"Generated (GRU, T=1.5)",0.6
"Generated (GRU, T=1.5)",0.5555555555555556
"Generated (GRU, T=1.5)",0.8
"Generated (GRU, T=1.5)",0.8
"Generated (GRU, T=1.5)",0.6666666666666666
"Generated (GRU, T=1.5)",0.5555555555555556
"Generated (GRU, T=1.5)",0.6666666666666666
"Generated (GRU, T=1.5)",0.6
"Generated (GRU, T=1.5)",0.8
"Generated (GRU, T=1.5)",0.6
"Generated (GRU, T=1.5)",0.8
"Generated (GRU, T=1.5)",0.6
"Generated (GRU, T=1.5)",0.7142857142857143
"Generated (GRU, T=1.5)",0.7142857142857143
"Generated (GRU, T=1.5)",0.5454545454545454
"Generated (GRU, T=1.5)",0.8
"Generated (GRU, T=1.5)",0.5
"Generated (GRU, T=1.5)",0.6
"Generated (GRU, T=1.5)",0.5555555555555556
"Generated (GRU, T=1.5)",0.6
"Generated (GRU, T=1.5)",0.6
"Generated (GRU, T=1.5)",0.625
"Generated (GRU, T=1.5)",0.6
"Generated (GRU, T=1.5)",0.8
"Generated (GRU, T=1.5)",0.6666666666666666
"Generated (GRU, T=1.5)",0.6
"Generated (GRU, T=1.5)",0.8333333333333334
"Generated (GRU, T=1.5)",0.7272727272727273
"Generated (GRU, T=1.5)",0.6666666666666666
"Generated (GRU, T=1.5)",0.6666666666666666
"Generated (GRU, T=1.5)",0.6
"Generated (GRU, T=1.5)",0.6666666666666666
"Generated (GRU, T=1.5)",0.9
"Generated (GRU, T=1.5)",0.625
"Generated (GRU, T=1.5)",0.6666666666666666
"Generated (GRU, T=1.5)",1.0
"Generated (GRU, T=1.5)",0.6666666666666666
"Generated (GRU, T=1.5)",0.9090909090909091
"Generated (GRU, T=1.5)",0.8333333333333334
"Generated (GRU, T=1.5)",0.6
"Generated (GRU, T=1.5)",0.6
"Generated (GRU, T=1.5)",1.0
"Generated (GRU, T=1.5)",0.5714285714285714
"Generated (GRU, T=1.5)",0.8
"Generated (GRU, T=1.5)",0.8
"Generated (GRU, T=1.5)",0.8333333333333334
"Generated (GRU, T=1.5)",0.8
"Generated (GRU, T=1.5)",1.0
"Generated (GRU, T=1.5)",0.8333333333333334
"Generated (GRU, T=1.5)",0.6666666666666666
"Generated (GRU, T=1.5)",0.6666666666666666
"Generated (GRU, T=1.5)",0.7142857142857143
"Generated (GRU, T=1.5)",0.7
"Generated (GRU, T=1.5)",0.8333333333333334
"Generated (GRU, T=1.5)",0.6
"Generated (GRU, T=1.5)",0.6666666666666666
"Generated (GRU, T=1.5)",1.0
"Generated (GRU, T=1.5)",0.8
"Generated (GRU, T=1.5)",0.6
"Generated (GRU, T=1.5)",0.6153846153846154
"Generated (GRU, T=1.5)",0.625
"Generated (GRU, T=1.5)",0.8
"Generated (GRU, T=1.5)",0.6666666666666666
"Generated (GRU, T=1.5)",0.8
"Generated (GRU, T=1.5)",0.5
"Generated (GRU, T=1.5)",0.6666666666666666
"Generated (GRU, T=1.5)",1.0
"Generated (GRU, T=1.5)",0.5833333333333334
"Generated (GRU, T=1.5)",0.6153846153846154
"Generated (GRU, T=1.5)",0.6666666666666666
"Generated (GRU, T=1.5)",0.6
"Generated (GRU, T=1.5)",0.6
"Generated (GRU, T=1.5)",0.8333333333333334
"Generated (GRU, T=1.5)",0.8333333333333334
"Generated (GRU, T=1.5)",0.7777777777777778
"Generated (GRU, T=1.5)",0.8
"Generated (GRU, T=1.5)",0.5714285714285714
"Generated (GRU, T=1.5)",0.6666666666666666
"Generated (GRU, T=1.5)",0.75
"Generated (GRU, T=1.5)",0.5714285714285714
"Generated (GRU, T=1.5)",0.6666666666666666
"Generated (GRU, T=1.5)",0.625
"Generated (GRU, T=1.5)",0.8333333333333334
"Generated (GRU, T=1.5)",0.6363636363636364
"Generated (GRU, T=1.5)",0.6
"Generated (GRU, T=1.5)",0.6666666666666666
"Generated (GRU, T=1.5)",0.6
"Generated (GRU, T=1.5)",0.6666666666666666
"Generated (GRU, T=1.5)",0.6666666666666666
"Generated (GRU, T=1.5)",0.8333333333333334
"Generated (GRU, T=1.5)",1.0
"Generated (GRU, T=1.5)",0.6666666666666666
"Generated (GRU, T=1.5)",0.6923076923076923
"Generated (GRU, T=1.5)",0.7142857142857143
"Generated (GRU, T=1.5)",0.6666666666666666
"Generated (GRU, T=1.5)",0.75
"Generated (GRU, T=1.5)",0.75
"Generated (GRU, T=1.5)",0.6
"Generated (GRU, T=1.5)",0.6666666666666666
"Generated (GRU, T=1.5)",0.8
"Generated (GRU, T=1.5)",0.5
"Generated (GRU, T=1.5)",0.8
"Generated (GRU, T=1.5)",0.6
"Generated (GRU, T=1.5)",0.6666666666666666
"Generated (GRU, T=1.5)",0.7
"Generated (GRU, T=1.5)",0.8333333333333334
"Generated (GRU, T=1.5)",0.6666666666666666
"Generated (GRU, T=1.5)",0.8
"Generated (GRU, T=1.5)",0.6363636363636364
"Generated (GRU, T=1.5)",0.8
"Generated (GRU, T=1.5)",1.0
"Generated (GRU, T=1.5)",0.6
"Generated (GRU, T=1.5)",0.6666666666666666
"Generated (GRU, T=1.5)",0.7142857142857143
"Generated (GRU, T=1.5)",0.7777777777777778
"Generated (GRU, T=1.5)",0.8333333333333334
"Generated (GRU, T=1.5)",0.625
"Generated (GRU, T=1.5)",0.5714285714285714
"Generated (GRU, T=1.5)",0.6666666666666666
"Generated (GRU, T=1.5)",0.6
"Generated (GRU, T=1.5)",0.5
"Generated (GRU, T=1.5)",0.7142857142857143
"Generated (GRU, T=1.5)",0.6
"Generated (GRU, T=1.5)",0.8333333333333334
"Generated (GRU, T=1.5)",0.6
"Generated (GRU, T=1.5)",1.0
"Generated (GRU, T=1.5)",0.6
"Generated (GRU, T=1.5)",0.6
"Generated (GRU, T=1.5)",0.6666666666666666
"Generated (GRU, T=1.5)",0.9090909090909091
"Generated (GRU, T=1.5)",0.6666666666666666
"Generated (GRU, T=1.5)",0.5
"Generated (GRU, T=1.5)",0.5625
"Generated (GRU, T=1.5)",0.625
"Generated (GRU, T=1.5)",0.8
"Generated (GRU, T=1.5)",0.6666666666666666
"Generated (GRU, T=1.5)",0.9090909090909091
"Generated (GRU, T=1.5)",0.8333333333333334
"Generated (GRU, T=1.5)",0.7058823529411765
"Generated (GRU, T=1.5)",0.6363636363636364
"Generated (GRU, T=1.5)",0.6666666666666666
"Generated (GRU, T=1.5)",0.8333333333333334
"Generated (GRU, T=1.5)",0.6
"Generated (GRU, T=1.5)",0.6666666666666666
"Generated (GRU, T=1.5)",0.8333333333333334
"Generated (GRU, T=1.5)",0.8
"Generated (GRU, T=1.5)",0.8
"Generated (GRU, T=1.5)",0.8
"Generated (GRU, T=1.5)",0.8571428571428571
"Generated (GRU, T=1.5)",0.7647058823529411
"Generated (GRU, T=1.5)",0.8333333333333334
"Generated (GRU, T=1.5)",0.6666666666666666
"Generated (GRU, T=1.5)",0.8
"Generated (GRU, T=1.5)",0.6
"Generated (GRU, T=1.5)",0.6
"Generated (GRU, T=1.5)",0.7142857142857143
"Generated (GRU, T=1.5)",0.875
"Generated (GRU, T=1.5)",0.8571428571428571
"Generated (GRU, T=1.5)",0.6
"Generated (GRU, T=1.5)",0.5
"Generated (GRU, T=1.5)",0.8
"Generated (GRU, T=1.5)",0.6
"Generated (GRU, T=1.5)",0.6666666666666666
"Generated (GRU, T=1.5)",0.5714285714285714
"Generated (GRU, T=1.5)",0.6666666666666666
"Generated (GRU, T=1.5)",0.8
"Generated (GRU, T=1.5)",0.6
"Generated (GRU, T=1.5)",0.6
"Generated (GRU, T=1.5)",0.8888888888888888
"Generated (GRU, T=1.5)",0.6666666666666666
"Generated (GRU, T=1.5)",0.6
"Generated (GRU, T=1.5)",0.8
"Generated (GRU, T=1.5)",0.8
"Generated (GRU, T=1.5)",0.6666666666666666
"Generated (GRU, T=1.5)",0.6
"Generated (GRU, T=1.5)",0.7142857142857143
"Generated (GRU, T=1.5)",0.6666666666666666
"Generated (GRU, T=1.5)",0.6666666666666666
"Generated (GRU, T=1.5)",0.6
"Generated (GRU, T=1.5)",0.7272727272727273
"Generated (GRU, T=1.5)",0.8571428571428571
"Generated (GRU, T=1.5)",0.7857142857142857
"Generated (GRU, T=1.5)",0.7142857142857143
"Generated (GRU, T=1.5)",1.0
"Generated (GRU, T=1.5)",0.8
"Generated (GRU, T=1.5)",0.8
"Generated (GRU, T=1.5)",0.6666666666666666
"Generated (GRU, T=1.5)",0.8
"Generated (GRU, T=1.5)",0.6
"Generated (GRU, T=1.5)",0.6666666666666666
"Generated (GRU, T=1.5)",0.6
"Generated (GRU, T=1.5)",0.7142857142857143
"Generated (GRU, T=1.5)",0.875
"Generated (GRU, T=1.5)",0.6
"Generated (GRU, T=1.5)",0.8
"Generated (GRU, T=1.5)",0.6666666666666666
"Generated (GRU, T=1.5)",0.6
"Generated (GRU, T=1.5)",0.7142857142857143
"Generated (GRU, T=1.5)",0.8333333333333334
"Generated (GRU, T=1.5)",0.95
"Generated (GRU, T=1.5)",0.6666666666666666
"Generated (GRU, T=1.5)",0.6666666666666666
"Generated (GRU, T=1.5)",0.7142857142857143
"Generated (GRU, T=1.5)",0.6
"Generated (GRU, T=1.5)",0.5454545454545454
"Generated (GRU, T=1.5)",0.9444444444444444
"Generated (GRU, T=1.5)",0.8333333333333334
"Generated (GRU, T=1.5)",0.6
"Generated (GRU, T=1.5)",1.0
"Generated (GRU, T=1.5)",0.6
"Generated (GRU, T=1.5)",0.625
"Generated (GRU, T=1.5)",0.5
"Generated (GRU, T=1.5)",0.75
"Generated (GRU, T=1.5)",0.7142857142857143
"Generated (GRU, T=1.5)",0.8
"Generated (GRU, T=1.5)",0.6666666666666666
"Generated (GRU, T=1.5)",0.6666666666666666
"Generated (GRU, T=1.5)",0.6
"Generated (GRU, T=1.5)",0.6
"Generated (GRU, T=1.5)",0.8
"Generated (GRU, T=1.5)",0.6
"Generated (GRU, T=1.5)",0.75
"Generated (GRU, T=1.5)",0.7142857142857143
"Generated (GRU, T=1.5)",0.5714285714285714
"Generated (GRU, T=1.5)",0.5714285714285714
"Generated (GRU, T=1.5)",0.5555555555555556
"Generated (GRU, T=1.5)",0.6666666666666666
"Generated (GRU, T=1.5)",0.8
"Generated (GRU, T=1.5)",0.5789473684210527
"Generated (GRU, T=1.5)",0.6
"Generated (GRU, T=1.5)",1.0
"Generated (GRU, T=1.5)",0.6
"Generated (GRU, T=1.5)",0.6363636363636364
"Generated (GRU, T=1.5)",0.6
"Generated (GRU, T=1.5)",0.6
"Generated (GRU, T=1.5)",0.6
"Generated (GRU, T=1.5)",0.6666666666666666
"Generated (GRU, T=1.5)",1.0
"Generated (GRU, T=1.5)",0.6
"Generated (GRU, T=1.5)",0.5714285714285714
"Generated (GRU, T=1.5)",0.75
"Generated (GRU, T=1.5)",0.4
"Generated (GRU, T=1.5)",0.8
"Generated (GRU, T=1.5)",0.8
"Generated (GRU, T=1.5)",0.6153846153846154
"Generated (GRU, T=1.5)",0.8
"Generated (GRU, T=1.5)",0.625
"Generated (GRU, T=1.5)",0.75
"Generated (GRU, T=1.5)",0.6
"Generated (GRU, T=1.5)",0.6666666666666666
"Generated (GRU, T=1.5)",0.6666666666666666
"Generated (GRU, T=1.5)",0.6666666666666666
"Generated (GRU, T=1.5)",0.75
"Generated (GRU, T=1.5)",0.8
"Generated (GRU, T=1.5)",0.6
"Generated (GRU, T=1.5)",0.6666666666666666
"Generated (GRU, T=1.5)",0.6666666666666666
"Generated (GRU, T=1.5)",0.6923076923076923
"Generated (GRU, T=1.5)",0.6666666666666666
"Generated (GRU, T=1.5)",0.5714285714285714
"Generated (GRU, T=1.5)",0.8571428571428571
"Generated (GRU, T=1.5)",0.6
"Generated (GRU, T=1.5)",0.8333333333333334
"Generated (GRU, T=1.5)",1.0
"Generated (GRU, T=1.5)",0.6666666666666666
"Generated (GRU, T=1.5)",0.6
"Generated (GRU, T=1.5)",0.6666666666666666
"Generated (GRU, T=1.5)",0.5714285714285714
"Generated (GRU, T=1.5)",0.6875
"Generated (GRU, T=1.5)",0.6
"Generated (GRU, T=1.5)",0.8846153846153846
"Generated (GRU, T=1.5)",0.6666666666666666
"Generated (GRU, T=1.5)",0.625
"Generated (GRU, T=1.5)",0.8333333333333334
"Generated (GRU, T=1.5)",0.6666666666666666
"Generated (GRU, T=1.5)",0.7777777777777778
"Generated (GRU, T=1.5)",0.6
"Generated (GRU, T=1.5)",0.7777777777777778
"Generated (GRU, T=1.5)",0.6666666666666666
"Generated (GRU, T=1.5)",0.6666666666666666
"Generated (GRU, T=1.5)",0.8
"Generated (GRU, T=1.5)",0.625
"Generated (GRU, T=1.5)",1.0
"Generated (GRU, T=1.5)",0.6666666666666666
"Generated (GRU, T=1.5)",0.9047619047619048
"Generated (GRU, T=1.5)",0.7692307692307693
"Generated (GRU, T=1.5)",0.7
"Generated (GRU, T=1.5)",0.6
"Generated (GRU, T=1.5)",1.0
"Generated (GRU, T=1.5)",0.6666666666666666
"Generated (GRU, T=1.5)",0.5
"Generated (GRU, T=1.5)",0.7142857142857143
"Generated (GRU, T=1.5)",0.6
"Generated (GRU, T=1.5)",0.6
"Generated (GRU, T=1.5)",0.7142857142857143
"Generated (GRU, T=1.5)",0.6666666666666666
"Generated (GRU, T=1.5)",0.5
"Generated (GRU, T=1.5)",0.8571428571428571
"Generated (GRU, T=1.5)",0.4375
"Generated (GRU, T=1.5)",0.7272727272727273
"Generated (GRU, T=1.5)",0.8
"Generated (GRU, T=1.5)",0.8571428571428571
"Generated (GRU, T=1.5)",0.8
"Generated (GRU, T=1.5)",0.8571428571428571
"Generated (GRU, T=1.5)",0.5
"Generated (GRU, T=1.5)",0.5555555555555556
"Generated (GRU, T=1.5)",0.625
"Generated (GRU, T=1.5)",0.6
"Generated (GRU, T=1.5)",0.6
"Generated (GRU, T=1.5)",0.6666666666666666
"Generated (GRU, T=1.5)",0.6666666666666666
"Generated (GRU, T=1.5)",0.5714285714285714
"Generated (GRU, T=1.5)",0.6666666666666666
"Generated (GRU, T=1.5)",0.6
"Generated (GRU, T=1.5)",0.8333333333333334
"Generated (GRU, T=1.5)",0.8
"Generated (GRU, T=1.5)",0.5
"Generated (GRU, T=1.5)",0.8
"Generated (GRU, T=1.5)",0.6923076923076923
"Generated (GRU, T=1.5)",0.8333333333333334
"Generated (GRU, T=1.5)",0.8
"Generated (GRU, T=1.5)",1.0
"Generated (GRU, T=1.5)",0.6
"Generated (GRU, T=1.5)",0.6923076923076923
"Generated (GRU, T=1.5)",0.5333333333333333
"Generated (GRU, T=1.5)",0.6666666666666666
"Generated (GRU, T=1.5)",0.6153846153846154
"Generated (GRU, T=1.5)",0.7777777777777778
"Generated (GRU, T=1.5)",0.5714285714285714
"Generated (GRU, T=1.5)",0.8333333333333334
"Generated (GRU, T=1.5)",0.6
"Generated (GRU, T=1.5)",0.7142857142857143
"Generated (GRU, T=1.5)",0.8
"Generated (GRU, T=1.5)",0.5833333333333334
"Generated (GRU, T=1.5)",0.5
"Generated (GRU, T=1.5)",0.5714285714285714
"Generated (GRU, T=1.5)",0.6153846153846154
"Generated (GRU, T=1.5)",0.625
"Generated (GRU, T=1.5)",0.6666666666666666
"Generated (GRU, T=1.5)",0.8
"Generated (GRU, T=1.5)",0.6923076923076923
"Generated (GRU, T=1.5)",0.8571428571428571
"Generated (GRU, T=1.5)",0.8
"Generated (GRU, T=1.5)",0.7142857142857143
"Generated (GRU, T=1.5)",0.6666666666666666
"Generated (GRU, T=1.5)",0.6
"Generated (GRU, T=1.5)",1.0
"Generated (GRU, T=1.5)",0.6666666666666666
"Generated (GRU, T=1.5)",0.6666666666666666
"Generated (GRU, T=1.5)",0.5714285714285714
"Generated (GRU, T=1.5)",0.8333333333333334
"Generated (GRU, T=1.5)",0.6
"Generated (GRU, T=1.5)",0.6666666666666666
"Generated (GRU, T=1.5)",0.8
"Generated (GRU, T=1.5)",0.8333333333333334
"Generated (GRU, T=1.5)",0.6
"Generated (GRU, T=1.5)",0.8571428571428571
"Generated (GRU, T=1.5)",0.6666666666666666
"Generated (GRU, T=1.5)",0.8
"Generated (GRU, T=1.5)",0.6666666666666666
"Generated (GRU, T=1.5)",0.6666666666666666
"Generated (GRU, T=1.5)",0.8
"Generated (GRU, T=1.5)",0.375
"Generated (GRU, T=1.5)",0.625
"Generated (GRU, T=1.5)",0.8
"Generated (GRU, T=1.5)",0.8571428571428571
"Generated (GRU, T=1.5)",0.8
"Generated (GRU, T=1.5)",0.6666666666666666
"Generated (GRU, T=1.5)",0.6666666666666666
"Generated (GRU, T=1.5)",0.8
"Generated (GRU, T=1.5)",0.5454545454545454
"Generated (GRU, T=1.5)",0.7
"Generated (GRU, T=1.5)",0.7
"Generated (GRU, T=1.5)",0.5
"Generated (GRU, T=1.5)",0.6153846153846154
"Generated (GRU, T=1.5)",0.6666666666666666
"Generated (GRU, T=1.5)",0.7
"Generated (GRU, T=1.5)",0.6666666666666666
"Generated (GRU, T=1.5)",0.5
"Generated (GRU, T=1.5)",0.8
"Generated (GRU, T=1.5)",0.6666666666666666
"Generated (GRU, T=1.5)",0.625
"Generated (GRU, T=1.5)",0.5555555555555556
"Generated (GRU, T=1.5)",0.8333333333333334
"Generated (GRU, T=1.5)",0.6666666666666666
"Generated (GRU, T=1.5)",0.6
"Generated (GRU, T=1.5)",0.7
"Generated (GRU, T=1.5)",0.8333333333333334
"Generated (GRU, T=1.5)",0.6666666666666666
"Generated (GRU, T=1.5)",0.6
"Generated (GRU, T=1.5)",1.0
"Generated (GRU, T=1.5)",0.8571428571428571
"Generated (GRU, T=1.5)",0.8
"Generated (GRU, T=1.5)",0.6
"Generated (GRU, T=1.5)",0.6
"Generated (GRU, T=1.5)",0.5714285714285714
"Generated (GRU, T=1.5)",0.6666666666666666
"Generated (GRU, T=1.5)",0.6
"Generated (GRU, T=1.5)",1.0
"Generated (GRU, T=1.5)",0.6666666666666666
"Generated (GRU, T=1.5)",0.6666666666666666
"Generated (GRU, T=1.5)",0.6666666666666666
"Generated (GRU, T=1.5)",1.0
"Generated (GRU, T=1.5)",0.7142857142857143
"Generated (GRU, T=1.5)",0.7333333333333333
"Generated (GRU, T=1.5)",0.6666666666666666
"Generated (GRU, T=1.5)",0.625
"Generated (GRU, T=1.5)",0.6666666666666666
"Generated (GRU, T=1.5)",0.8571428571428571
"Generated (GRU, T=1.5)",0.8571428571428571
"Generated (GRU, T=1.5)",0.7894736842105263
"Generated (GRU, T=1.5)",0.7142857142857143
"Generated (GRU, T=1.5)",0.5
"Generated (GRU, T=1.5)",0.5
"Generated (GRU, T=1.5)",0.5454545454545454
"Generated (GRU, T=1.5)",0.6666666666666666
"Generated (GRU, T=1.5)",0.7142857142857143
"Generated (GRU, T=1.5)",0.875
"Generated (GRU, T=1.5)",0.5333333333333333
"Generated (GRU, T=1.5)",0.8
"Generated (GRU, T=1.5)",0.6666666666666666
"Generated (GRU, T=1.5)",0.8333333333333334
"Generated (GRU, T=1.5)",0.75
"Generated (GRU, T=1.5)",0.6923076923076923
"Generated (GRU, T=1.5)",0.8
"Generated (GRU, T=1.5)",0.6666666666666666
"Generated (GRU, T=1.5)",0.6666666666666666
"Generated (GRU, T=1.5)",0.6
"Generated (GRU, T=1.5)",0.5555555555555556
"Generated (GRU, T=1.5)",1.0
"Generated (GRU, T=1.5)",0.6666666666666666
"Generated (GRU, T=1.5)",0.7142857142857143
"Generated (GRU, T=1.5)",0.6666666666666666
"Generated (GRU, T=1.5)",0.8
"Generated (GRU, T=1.5)",0.5714285714285714
"Generated (GRU, T=1.5)",0.6666666666666666
"Generated (GRU, T=1.5)",0.6666666666666666
"Generated (GRU, T=1.5)",0.6666666666666666
"Generated (GRU, T=1.5)",0.75
"Generated (GRU, T=1.5)",0.6363636363636364
"Generated (GRU, T=1.5)",0.5714285714285714
"Generated (GRU, T=1.5)",0.6
"Generated (GRU, T=1.5)",0.8571428571428571
"Generated (GRU, T=1.5)",0.875
"Generated (GRU, T=1.5)",0.75
"Generated (GRU, T=1.5)",0.6
"Generated (GRU, T=1.5)",0.6666666666666666
"Generated (GRU, T=1.5)",0.8
"Generated (GRU, T=1.5)",0.5714285714285714
"Generated (GRU, T=1.5)",0.5714285714285714
"Generated (GRU, T=1.5)",0.8
"Generated (GRU, T=1.5)",0.8
"Generated (GRU, T=1.5)",0.8
"Generated (GRU, T=1.5)",0.6666666666666666
"Generated (GRU, T=1.5)",0.6666666666666666
"Generated (GRU, T=1.5)",0.6
"Generated (GRU, T=1.5)",0.6
"Generated (GRU, T=1.5)",0.5833333333333334
"Generated (GRU, T=1.5)",0.8571428571428571
"Generated (GRU, T=1.5)",0.6666666666666666
"Generated (GRU, T=1.5)",0.6666666666666666
"Generated (GRU, T=1.5)",0.6666666666666666
"Generated (GRU, T=1.5)",0.8333333333333334
"Generated (GRU, T=1.5)",0.6
"Generated (GRU, T=1.5)",0.6666666666666666
"Generated (GRU, T=1.5)",1.0
"Generated (GRU, T=1.5)",0.6
"Generated (GRU, T=1.5)",0.625
"Generated (GRU, T=1.5)",0.6428571428571429
"Generated (GRU, T=1.5)",0.8
"Generated (GRU, T=1.5)",0.6666666666666666
"Generated (GRU, T=1.5)",0.6666666666666666
"Generated (GRU, T=1.5)",0.6666666666666666
"Generated (GRU, T=1.5)",0.8333333333333334
"Generated (GRU, T=1.5)",0.6
"Generated (GRU, T=1.5)",0.8
"Generated (GRU, T=1.5)",0.5
"Generated (GRU, T=1.5)",0.5
"Generated (GRU, T=1.5)",0.6
"Generated (GRU, T=1.5)",0.7142857142857143
"Generated (GRU, T=1.5)",0.6666666666666666
"Generated (GRU, T=1.5)",0.8571428571428571
"Generated (GRU, T=1.5)",0.6666666666666666
"Generated (GRU, T=1.5)",0.5
"Generated (GRU, T=1.5)",0.6666666666666666
"Generated (GRU, T=1.5)",0.4444444444444444
"Generated (GRU, T=1.5)",0.8
"Generated (GRU, T=1.5)",0.6666666666666666
"Generated (GRU, T=1.5)",0.6
"Generated (GRU, T=1.5)",0.6666666666666666
"Generated (GRU, T=1.5)",0.6
"Generated (GRU, T=1.5)",0.6
"Generated (GRU, T=1.5)",0.6666666666666666
"Generated (GRU, T=1.5)",1.0
"Generated (GRU, T=1.5)",0.5
"Generated (GRU, T=1.5)",0.7142857142857143
"Generated (GRU, T=1.5)",0.8
"Generated (GRU, T=1.5)",0.8
"Generated (GRU, T=1.5)",0.8
"Generated (GRU, T=1.5)",0.8
"Generated (GRU, T=1.5)",1.0
"Generated (GRU, T=1.5)",0.5
"Generated (GRU, T=1.5)",0.6
"Generated (GRU, T=1.5)",0.6
"Generated (GRU, T=1.5)",0.6666666666666666
"Generated (GRU, T=1.5)",0.8
"Generated (GRU, T=1.5)",0.6666666666666666
"Generated (GRU, T=1.5)",0.5384615384615384
"Generated (GRU, T=1.5)",0.75
"Generated (GRU, T=1.5)",0.75
"Generated (GRU, T=1.5)",1.0
"Generated (GRU, T=1.5)",0.5
"Generated (GRU, T=1.5)",0.625
"Generated (GRU, T=1.5)",0.6153846153846154
"Generated (GRU, T=1.5)",0.6666666666666666
"Generated (GRU, T=1.5)",0.5
"Generated (GRU, T=1.5)",0.6
"Generated (GRU, T=1.5)",0.8
"Generated (GRU, T=1.5)",0.6666666666666666
"Generated (GRU, T=1.5)",0.625
"Generated (GRU, T=1.5)",0.6
"Generated (GRU, T=1.5)",0.625
"Generated (GRU, T=1.5)",0.6
"Generated (GRU, T=1.5)",1.0
"Generated (GRU, T=1.5)",1.0
"Generated (GRU, T=1.5)",0.6
"Generated (GRU, T=1.5)",0.8
"Generated (GRU, T=1.5)",0.9
"Generated (GRU, T=1.5)",0.8333333333333334
"Generated (GRU, T=1.5)",0.875
"Generated (GRU, T=1.5)",0.5555555555555556
"Generated (GRU, T=1.5)",0.6
"Generated (GRU, T=1.5)",0.8
"Generated (GRU, T=1.5)",0.5555555555555556
"Generated (GRU, T=1.5)",0.5714285714285714
"Generated (GRU, T=1.5)",0.8333333333333334
"Generated (GRU, T=1.5)",0.6
"Generated (GRU, T=1.5)",0.5555555555555556
"Generated (GRU, T=1.5)",0.6
"Generated (GRU, T=1.5)",0.6666666666666666
"Generated (GRU, T=1.5)",0.8333333333333334
"Generated (GRU, T=1.5)",0.6666666666666666
"Generated (GRU, T=1.5)",0.8333333333333334
"Generated (GRU, T=1.5)",0.75
"Generated (GRU, T=1.5)",1.0
"Generated (GRU, T=1.5)",0.6
"Generated (GRU, T=1.5)",1.0
"Generated (GRU, T=1.5)",0.6363636363636364
"Generated (GRU, T=1.5)",0.8
"Generated (GRU, T=1.5)",0.6666666666666666
"Generated (GRU, T=1.5)",0.8
"Generated (GRU, T=1.5)",0.6
"Generated (GRU, T=1.5)",0.6666666666666666
"Generated (GRU, T=1.5)",0.8571428571428571
"Generated (GRU, T=1.5)",0.5
"Generated (GRU, T=1.5)",0.6
"Generated (GRU, T=1.5)",0.9090909090909091
"Generated (GRU, T=1.5)",0.8
"Generated (GRU, T=1.5)",0.625
"Generated (GRU, T=1.5)",0.6666666666666666
"Generated (GRU, T=1.5)",0.8
"Generated (GRU, T=1.5)",0.75
"Generated (GRU, T=1.5)",1.0
"Generated (GRU, T=1.5)",0.8571428571428571
"Generated (GRU, T=1.5)",0.8
"Generated (GRU, T=1.5)",0.7142857142857143
"Generated (GRU, T=1.5)",0.7
"Generated (GRU, T=1.5)",0.6666666666666666
"Generated (GRU, T=1.5)",0.75
"Generated (GRU, T=1.5)",0.9
"Generated (GRU, T=1.5)",0.6666666666666666
"Generated (GRU, T=1.5)",0.8333333333333334
"Generated (GRU, T=1.5)",0.5
"Generated (GRU, T=1.5)",0.8
"Generated (GRU, T=1.5)",0.6
"Generated (GRU, T=1.5)",0.6666666666666666
"Generated (GRU, T=1.5)",0.6666666666666666
"Generated (GRU, T=1.5)",0.6666666666666666
"Generated (GRU, T=1.5)",0.7142857142857143
"Generated (GRU, T=1.5)",0.8
"Generated (GRU, T=1.5)",1.0
"Generated (GRU, T=1.5)",0.8
"Generated (GRU, T=1.5)",0.8333333333333334
"Generated (GRU, T=1.5)",0.7777777777777778
"Generated (GRU, T=1.5)",0.6666666666666666
"Generated (GRU, T=1.5)",0.8
"Generated (GRU, T=1.5)",0.5
"Generated (GRU, T=1.5)",0.5555555555555556
"Generated (GRU, T=1.5)",0.8333333333333334
"Generated (GRU, T=1.5)",0.6
"Generated (GRU, T=1.5)",0.8
"Generated (GRU, T=1.5)",0.8333333333333334
"Generated (GRU, T=1.5)",0.8
"Generated (GRU, T=1.5)",0.6666666666666666
"Generated (GRU, T=1.5)",0.7
"Generated (GRU, T=1.5)",0.6
"Generated (GRU, T=1.5)",0.6
"Generated (GRU, T=1.5)",0.7
"Generated (GRU, T=1.5)",0.7142857142857143
"Generated (GRU, T=1.5)",0.8
"Generated (GRU, T=1.5)",0.6
"Generated (GRU, T=1.5)",0.6666666666666666
"Generated (GRU, T=1.5)",0.7142857142857143
"Generated (GRU, T=1.5)",0.5714285714285714
"Generated (GRU, T=1.5)",0.875
"Generated (GRU, T=1.5)",0.6
"Generated (GRU, T=1.5)",0.8
"Generated (GRU, T=1.5)",0.6
"Generated (GRU, T=1.5)",0.7272727272727273
"Generated (GRU, T=1.5)",0.6666666666666666
"Generated (GRU, T=1.5)",0.5
"Generated (GRU, T=1.5)",0.5
"Generated (GRU, T=1.5)",0.8333333333333334
"Generated (GRU, T=1.5)",0.8
"Generated (GRU, T=1.5)",0.7142857142857143
"Generated (GRU, T=1.5)",0.5454545454545454
"Generated (GRU, T=1.5)",0.8
"Generated (GRU, T=1.5)",0.6666666666666666
"Generated (GRU, T=1.5)",0.6
"Generated (GRU, T=1.5)",0.6
"Generated (GRU, T=1.5)",0.8
"Generated (GRU, T=1.5)",0.6666666666666666
"Generated (GRU, T=1.5)",1.0
"Generated (GRU, T=1.5)",0.8
"Generated (GRU, T=1.5)",0.7777777777777778
"Generated (GRU, T=1.5)",0.6
"Generated (GRU, T=1.5)",0.8571428571428571
"Generated (GRU, T=1.5)",0.6
"Generated (GRU, T=1.5)",0.6666666666666666
"Generated (GRU, T=1.5)",0.625
"Generated (GRU, T=1.5)",0.5
"Generated (GRU, T=1.5)",0.8333333333333334
"Generated (GRU, T=1.5)",0.65
"Generated (GRU, T=1.5)",0.7142857142857143
"Generated (GRU, T=1.5)",0.8571428571428571
"Generated (GRU, T=1.5)",0.7142857142857143
"Generated (GRU, T=1.5)",0.75
"Generated (GRU, T=1.5)",0.6666666666666666
"Generated (GRU, T=1.5)",0.6
"Generated (GRU, T=1.5)",0.8
"Generated (GRU, T=1.5)",0.8
"Generated (GRU, T=1.5)",0.7142857142857143
"Generated (GRU, T=1.5)",0.8
"Generated (GRU, T=1.5)",0.6666666666666666
"Generated (GRU, T=1.5)",0.8333333333333334
"Generated (GRU, T=1.5)",0.6666666666666666
"Generated (GRU, T=1.5)",0.6
"Generated (GRU, T=1.5)",0.6666666666666666
"Generated (GRU, T=1.5)",0.5714285714285714
"Generated (GRU, T=1.5)",0.6
"Generated (GRU, T=1.5)",0.6666666666666666
"Generated (GRU, T=1.5)",0.5
"Generated (GRU, T=1.5)",0.8
"Generated (GRU, T=1.5)",0.6
"Generated (GRU, T=1.5)",0.6666666666666666
"Generated (GRU, T=1.5)",0.5833333333333334
"Generated (GRU, T=1.5)",0.75
"Generated (GRU, T=1.5)",0.6
"Generated (GRU, T=1.5)",0.625
"Generated (GRU, T=1.5)",0.6666666666666666
"Generated (GRU, T=1.5)",0.6
"Generated (GRU, T=1.5)",0.625
"Generated (GRU, T=1.5)",0.8
"Generated (GRU, T=1.5)",0.7
"Generated (GRU, T=1.5)",0.75
"Generated (GRU, T=1.5)",0.5
"Generated (GRU, T=1.5)",0.8571428571428571
"Generated (GRU, T=1.5)",0.5714285714285714
"Generated (GRU, T=1.5)",0.6
"Generated (GRU, T=1.5)",0.5714285714285714
"Generated (GRU, T=1.5)",0.6
"Generated (GRU, T=1.5)",0.7142857142857143
"Generated (GRU, T=1.5)",0.5294117647058824
"Generated (GRU, T=1.5)",0.6
"Generated (GRU, T=1.5)",0.6153846153846154
"Generated (GRU, T=1.5)",0.6666666666666666
"Generated (GRU, T=1.5)",0.6153846153846154
"Generated (GRU, T=1.5)",0.8
"Generated (GRU, T=1.5)",0.4666666666666667
"Generated (GRU, T=1.5)",0.8
"Generated (GRU, T=1.5)",0.7142857142857143
"Generated (GRU, T=1.5)",0.8333333333333334
"Generated (GRU, T=1.5)",1.0
"Generated (GRU, T=1.5)",0.625
"Generated (GRU, T=1.5)",0.5454545454545454
"Generated (GRU, T=1.5)",0.6666666666666666
"Generated (GRU, T=1.5)",0.6
"Generated (GRU, T=1.5)",0.8333333333333334
"Generated (GRU, T=1.5)",0.6666666666666666
"Generated (GRU, T=1.5)",0.625
"Generated (GRU, T=1.5)",0.6
"Generated (GRU, T=1.5)",0.5
"Generated (GRU, T=1.5)",0.7142857142857143
"Generated (GRU, T=1.5)",0.5714285714285714
"Generated (GRU, T=1.5)",0.8571428571428571
"Generated (GRU, T=1.5)",0.6666666666666666
"Generated (GRU, T=1.5)",0.6
"Generated (GRU, T=1.5)",0.625
"Generated (GRU, T=1.5)",0.6666666666666666
"Generated (GRU, T=1.5)",0.8
"Generated (GRU, T=1.5)",0.8
"Generated (GRU, T=1.5)",0.75
"Generated (GRU, T=1.5)",0.6666666666666666
"Generated (GRU, T=1.5)",1.0
"Generated (GRU, T=1.5)",0.5714285714285714
"Generated (GRU, T=1.5)",0.8
"Generated (GRU, T=1.5)",0.75
"Generated (GRU, T=1.5)",0.9090909090909091
"Generated (GRU, T=1.5)",0.8
"Generated (GRU, T=1.5)",0.6
"Generated (GRU, T=1.5)",0.8
"Generated (GRU, T=1.5)",0.5714285714285714
"Generated (GRU, T=1.5)",1.0
"Generated (GRU, T=1.5)",0.625
"Generated (GRU, T=1.5)",0.6
"Generated (GRU, T=1.5)",0.8333333333333334
"Generated (GRU, T=1.5)",0.7142857142857143
"Generated (GRU, T=1.5)",0.5
"Generated (GRU, T=1.5)",0.625
"Generated (GRU, T=1.5)",1.0
"Generated (GRU, T=1.5)",0.6
"Generated (GRU, T=1.5)",0.5714285714285714
"Generated (GRU, T=1.5)",0.7777777777777778
"Generated (GRU, T=1.5)",0.8571428571428571
"Generated (GRU, T=1.5)",0.7727272727272727
"Generated (GRU, T=1.5)",0.5
"Generated (GRU, T=1.5)",0.6666666666666666
"Generated (GRU, T=1.5)",0.6666666666666666
"Generated (GRU, T=1.5)",0.8571428571428571
"Generated (GRU, T=1.5)",0.7142857142857143
"Generated (GRU, T=1.5)",0.8
"Generated (GRU, T=1.5)",0.875
"Generated (GRU, T=1.5)",1.0
"Generated (GRU, T=1.5)",0.8333333333333334
"Generated (GRU, T=1.5)",1.0
"Generated (GRU, T=1.5)",0.6
"Generated (GRU, T=1.5)",0.6
"Generated (GRU, T=1.5)",0.6666666666666666
"Generated (GRU, T=1.5)",0.5
"Generated (GRU, T=1.5)",0.6
"Generated (GRU, T=1.5)",0.8333333333333334
"Generated (GRU, T=1.5)",0.6666666666666666
"Generated (GRU, T=1.5)",1.0
"Generated (GRU, T=1.5)",0.625
"Generated (GRU, T=1.5)",0.6
"Generated (GRU, T=1.5)",0.5
"Generated (GRU, T=1.5)",0.6
"Generated (GRU, T=1.5)",0.6
"Generated (GRU, T=1.5)",0.8
"Generated (GRU, T=1.5)",0.8333333333333334
"Generated (GRU, T=1.5)",0.9333333333333333
"Generated (GRU, T=1.5)",0.6666666666666666
"Generated (GRU, T=1.5)",0.8
"Generated (GRU, T=1.5)",0.6
"Generated (GRU, T=1.5)",0.6923076923076923
"Generated (GRU, T=1.5)",0.6363636363636364
"Generated (GRU, T=1.5)",0.8
"Generated (GRU, T=1.5)",0.8
"Generated (GRU, T=1.5)",0.7142857142857143
"Generated (GRU, T=1.5)",0.6
"Generated (GRU, T=1.5)",0.6363636363636364
"Generated (GRU, T=1.5)",0.8
"Generated (GRU, T=1.5)",0.5
"Generated (GRU, T=1.5)",0.6666666666666666
"Generated (GRU, T=1.5)",0.8
"Generated (GRU, T=1.5)",0.6
"Generated (GRU, T=1.5)",0.625
"Generated (GRU, T=1.5)",0.8
"Generated (GRU, T=1.5)",0.8333333333333334
"Generated (GRU, T=1.5)",0.8
"Generated (GRU, T=1.5)",0.7142857142857143
"Generated (GRU, T=1.5)",0.5555555555555556
"Generated (GRU, T=1.5)",0.625
"Generated (GRU, T=1.5)",0.6
"Generated (GRU, T=1.5)",0.6666666666666666
"Generated (GRU, T=1.5)",0.8333333333333334
"Generated (GRU, T=1.5)",0.6666666666666666
"Generated (GRU, T=1.5)",0.7777777777777778
"Generated (GRU, T=1.5)",0.8
"Generated (GRU, T=1.5)",0.7142857142857143
"Generated (GRU, T=1.5)",0.8333333333333334
"Generated (GRU, T=1.5)",0.7
"Generated (GRU, T=1.5)",0.5
"Generated (GRU, T=1.5)",0.5
"Generated (GRU, T=1.5)",0.8
"Generated (GRU, T=1.5)",0.6666666666666666
"Generated (GRU, T=1.5)",0.75
"Generated (GRU, T=1.5)",0.6666666666666666
"Generated (GRU, T=1.5)",0.6666666666666666
"Generated (GRU, T=1.5)",0.7777777777777778
"Generated (GRU, T=1.5)",0.5555555555555556
"Generated (GRU, T=1.5)",0.6923076923076923
"Generated (GRU, T=1.5)",0.8333333333333334
"Generated (GRU, T=1.5)",0.6666666666666666
"Generated (GRU, T=1.5)",0.7
"Generated (GRU, T=1.5)",0.6666666666666666
"Generated (GRU, T=1.5)",0.6666666666666666
"Generated (GRU, T=1.5)",0.6
"Generated (GRU, T=1.5)",0.6
"Generated (GRU, T=1.5)",0.5555555555555556
"Generated (GRU, T=1.5)",0.6666666666666666
"Generated (GRU, T=1.5)",0.8888888888888888
"Generated (GRU, T=1.5)",0.6666666666666666
"Generated (GRU, T=1.5)",0.8
"Generated (GRU, T=1.5)",0.875
"Generated (GRU, T=1.5)",0.5
"Generated (GRU, T=1.5)",0.6
"Generated (GRU, T=1.5)",0.8
"Generated (GRU, T=1.5)",0.8
"Generated (GRU, T=1.5)",0.6
"Generated (GRU, T=1.5)",0.6
"Generated (GRU, T=1.5)",0.6
"Generated (GRU, T=1.5)",0.8
"Generated (GRU, T=1.5)",0.6363636363636364
"Generated (GRU, T=1.5)",0.7142857142857143
"Generated (GRU, T=1.5)",0.5
"Generated (GRU, T=1.5)",0.6153846153846154
"Generated (GRU, T=1.5)",0.75
"Generated (GRU, T=1.5)",0.6
"Generated (GRU, T=1.5)",0.6
"Generated (GRU, T=1.5)",0.8
"Generated (GRU, T=1.5)",0.875
"Generated (GRU, T=1.5)",1.0
"Generated (GRU, T=1.5)",0.8
"Generated (GRU, T=1.5)",0.8
"Generated (GRU, T=1.5)",0.6666666666666666
"Generated (GRU, T=1.5)",0.8
"Generated (GRU, T=1.5)",1.0
"Generated (GRU, T=1.5)",0.8
"Generated (GRU, T=1.5)",0.6
"Generated (GRU, T=1.5)",0.6666666666666666
"Generated (GRU, T=1.5)",0.7777777777777778
"Generated (GRU, T=1.5)",0.8571428571428571
"Generated (GRU, T=1.5)",0.5454545454545454
"Generated (GRU, T=1.5)",0.8
"Generated (GRU, T=1.5)",0.8
"Generated (GRU, T=1.5)",0.6
"Generated (GRU, T=1.5)",0.6
"Generated (GRU, T=1.5)",0.8
"Generated (GRU, T=1.5)",0.8
"Generated (GRU, T=1.5)",0.8
"Generated (GRU, T=1.5)",0.6
"Generated (GRU, T=1.5)",0.8
"Generated (GRU, T=1.5)",0.8333333333333334
"Generated (GRU, T=1.5)",0.6666666666666666
"Generated (GRU, T=1.5)",0.7142857142857143
"Generated (GRU, T=1.5)",0.6666666666666666
"Generated (GRU, T=1.5)",0.7142857142857143
"Generated (GRU, T=1.5)",0.5
"Generated (GRU, T=1.5)",0.7
"Generated (GRU, T=1.5)",0.8
"Generated (GRU, T=1.5)",0.6
"Generated (GRU, T=1.5)",0.6666666666666666
"Generated (GRU, T=1.5)",0.6666666666666666
"Generated (GRU, T=1.5)",0.6
"Generated (GRU, T=1.5)",0.6
"Generated (GRU, T=1.5)",0.6666666666666666
"Generated (GRU, T=1.5)",0.7142857142857143
"Generated (GRU, T=1.5)",0.8
"Generated (GRU, T=1.5)",0.6666666666666666
"Generated (GRU, T=1.5)",0.625
"Generated (GRU, T=1.5)",0.5
"Generated (GRU, T=1.5)",0.5454545454545454
"Generated (GRU, T=1.5)",0.8333333333333334
"Generated (GRU, T=1.5)",0.7692307692307693
"Generated (GRU, T=1.5)",0.6666666666666666
"Generated (GRU, T=1.5)",0.8333333333333334
"Generated (GRU, T=1.5)",0.8333333333333334
"Generated (GRU, T=1.5)",0.6
"Generated (GRU, T=1.5)",0.8333333333333334
"Generated (GRU, T=1.5)",0.6666666666666666
"Generated (GRU, T=1.5)",0.7777777777777778
"Generated (GRU, T=1.5)",0.6
"Generated (GRU, T=1.5)",0.6
"Generated (GRU, T=1.5)",0.8
"Generated (GRU, T=1.5)",0.6666666666666666
"Generated (GRU, T=1.5)",0.6
"Generated (GRU, T=1.5)",0.6666666666666666
"Generated (GRU, T=1.5)",0.8333333333333334
"Generated (GRU, T=1.5)",0.6666666666666666
"Generated (GRU, T=1.5)",0.6666666666666666
"Generated (GRU, T=1.5)",1.0
"Generated (GRU, T=1.5)",0.6923076923076923
"Generated (GRU, T=1.5)",0.6666666666666666
"Generated (GRU, T=1.5)",0.8
"Generated (GRU, T=1.5)",0.625
"Generated (GRU, T=1.5)",0.8
"Generated (GRU, T=1.5)",0.5833333333333334
"Generated (GRU, T=1.5)",0.6
"Generated (GRU, T=1.5)",0.6
"Generated (GRU, T=1.5)",0.6666666666666666
"Generated (GRU, T=1.5)",0.7368421052631579
"Generated (GRU, T=1.5)",0.8
"Generated (GRU, T=1.5)",0.9166666666666666
"Generated (GRU, T=1.5)",0.6666666666666666
"Generated (GRU, T=1.5)",0.6666666666666666
"Generated (GRU, T=1.5)",0.7142857142857143
"Generated (GRU, T=1.5)",0.7142857142857143
"Generated (GRU, T=1.5)",0.6
"Generated (GRU, T=1.5)",1.0
"Generated (GRU, T=1.5)",0.6
"Generated (GRU, T=1.5)",0.8
"Generated (GRU, T=1.5)",0.6666666666666666
"Generated (GRU, T=1.5)",0.7692307692307693
"Generated (GRU, T=1.5)",0.6
"Generated (GRU, T=1.5)",0.625
"Generated (GRU, T=1.5)",0.8
"Generated (GRU, T=1.5)",0.6
"Generated (GRU, T=1.5)",0.8571428571428571
"Generated (GRU, T=1.5)",1.0
"Generated (GRU, T=1.5)",1.0
"Generated (GRU, T=1.5)",1.0
"Generated (GRU, T=1.5)",0.6
"Generated (GRU, T=1.5)",0.8
"Generated (GRU, T=1.5)",0.6
"Generated (GRU, T=1.5)",0.6
"Generated (GRU, T=1.5)",0.8
"Generated (GRU, T=1.5)",0.7
"Generated (GRU, T=1.5)",0.6666666666666666
"Generated (GRU, T=1.5)",0.5454545454545454
"Generated (GRU, T=1.5)",0.8888888888888888
"Generated (GRU, T=1.5)",0.6666666666666666
"Generated (GRU, T=1.5)",0.5714285714285714
"Generated (GRU, T=1.5)",0.6
"Generated (GRU, T=1.5)",0.6666666666666666
"Generated (GRU, T=1.5)",0.8
"Generated (GRU, T=1.5)",0.8
"Generated (GRU, T=1.5)",0.6666666666666666
"Generated (GRU, T=1.5)",0.5
"Generated (GRU, T=1.5)",0.5714285714285714
"Generated (GRU, T=1.5)",0.6
"Generated (GRU, T=1.5)",0.7142857142857143
"Generated (GRU, T=1.5)",0.6666666666666666
"Generated (GRU, T=1.5)",0.8333333333333334
"Generated (GRU, T=1.5)",0.7142857142857143
"Generated (GRU, T=1.5)",0.75
"Generated (GRU, T=1.5)",0.8333333333333334
"Generated (GRU, T=1.5)",0.6
"Generated (GRU, T=1.5)",0.5714285714285714
"Generated (GRU, T=1.5)",0.5
"Generated (GRU, T=1.5)",0.8
"Generated (GRU, T=1.5)",0.625
"Generated (GRU, T=1.5)",0.5
"Generated (GRU, T=1.5)",0.8
"Generated (GRU, T=1.5)",0.6666666666666666
"Generated (GRU, T=1.5)",1.0
"Generated (GRU, T=1.5)",0.6666666666666666
"Generated (GRU, T=1.5)",0.7142857142857143
"Generated (GRU, T=1.5)",0.6666666666666666
"Generated (GRU, T=1.5)",0.6
"Generated (GRU, T=1.5)",0.6
"Generated (GRU, T=1.5)",0.6666666666666666
"Generated (GRU, T=1.5)",0.6666666666666666
"Generated (GRU, T=1.5)",0.6666666666666666
"Generated (GRU, T=1.5)",0.6666666666666666
"Generated (GRU, T=1.5)",0.6666666666666666
"Generated (GRU, T=1.5)",0.8
"Generated (GRU, T=1.5)",0.6363636363636364
"Generated (GRU, T=1.5)",0.625
"Generated (GRU, T=1.5)",0.5555555555555556
"Generated (GRU, T=1.5)",0.625
"Generated (GRU, T=1.5)",0.6
"Generated (GRU, T=1.5)",0.6
"Generated (GRU, T=1.5)",1.0
"Generated (GRU, T=1.5)",0.8888888888888888
"Generated (GRU, T=1.5)",0.7142857142857143
"Generated (GRU, T=1.5)",0.6
"Generated (GRU, T=1.5)",0.7142857142857143
"Generated (GRU, T=1.5)",0.6666666666666666
"Generated (GRU, T=1.5)",0.6666666666666666
"Generated (GRU, T=1.5)",0.7142857142857143
"Generated (GRU, T=1.5)",0.8
"Generated (GRU, T=1.5)",0.8571428571428571
"Generated (GRU, T=1.5)",0.8333333333333334
"Generated (GRU, T=1.5)",0.6666666666666666
"Generated (GRU, T=1.5)",0.6363636363636364
"Generated (GRU, T=1.5)",0.6
"Generated (GRU, T=1.5)",1.0
"Generated (GRU, T=1.5)",0.5
"Generated (GRU, T=1.5)",0.7272727272727273
"Generated (GRU, T=1.5)",0.6666666666666666
"Generated (GRU, T=1.5)",0.46153846153846156
"Generated (GRU, T=1.5)",0.8
"Generated (GRU, T=1.5)",0.42857142857142855
"Generated (GRU, T=1.5)",0.75
"Generated (GRU, T=1.5)",0.6666666666666666
"Generated (GRU, T=1.5)",0.6666666666666666
"Generated (GRU, T=1.5)",0.5
"Generated (GRU, T=1.5)",0.6
"Generated (GRU, T=1.5)",0.6666666666666666
"Generated (GRU, T=1.5)",0.8
"Generated (GRU, T=1.5)",0.6666666666666666
"Generated (GRU, T=1.5)",0.8571428571428571
"Generated (GRU, T=1.5)",0.6
"Generated (GRU, T=1.5)",0.6666666666666666
"Generated (GRU, T=1.5)",0.6666666666666666
"Generated (GRU, T=1.5)",0.6666666666666666
"Generated (GRU, T=1.5)",0.7777777777777778
"Generated (GRU, T=1.5)",0.6666666666666666
"Generated (GRU, T=1.5)",0.9166666666666666
"Generated (GRU, T=1.5)",0.6666666666666666
"Generated (GRU, T=1.5)",0.6666666666666666
"Generated (GRU, T=1.5)",1.0
"Generated (GRU, T=1.5)",0.6666666666666666
"Generated (GRU, T=1.5)",0.6
"Generated (GRU, T=1.5)",1.0
"Generated (GRU, T=1.5)",0.6
"Generated (GRU, T=1.5)",0.8
"Generated (GRU, T=1.5)",0.6
"Generated (GRU, T=1.5)",0.5
"Generated (GRU, T=1.5)",0.8
"Generated (GRU, T=1.5)",1.0
"Generated (GRU, T=1.5)",0.6666666666666666
"Generated (GRU, T=1.5)",0.625
"Generated (GRU, T=1.5)",0.6
"Generated (GRU, T=1.5)",0.6
"Generated (GRU, T=1.5)",0.4444444444444444
"Generated (GRU, T=1.5)",0.6666666666666666
"Generated (GRU, T=1.5)",0.6666666666666666
"Generated (GRU, T=1.5)",1.0
"Generated (GRU, T=1.5)",0.6
"Generated (GRU, T=1.5)",0.8571428571428571
"Generated (GRU, T=1.5)",0.6666666666666666
"Generated (GRU, T=1.5)",0.6
"Generated (GRU, T=1.5)",0.5
"Generated (GRU, T=1.5)",0.8421052631578947
"Generated (GRU, T=1.5)",0.6666666666666666
"Generated (GRU, T=1.5)",0.75
"Generated (GRU, T=1.5)",0.6666666666666666
"Generated (GRU, T=1.5)",0.8
"Generated (GRU, T=1.5)",0.8
"Generated (GRU, T=1.5)",0.6
"Generated (GRU, T=1.5)",0.6
"Generated (GRU, T=1.5)",0.8
"Generated (GRU, T=1.5)",0.8
"Generated (GRU, T=1.5)",0.6666666666666666
"Generated (GRU, T=1.5)",0.8
"Generated (GRU, T=1.5)",0.8333333333333334
"Generated (GRU, T=1.5)",0.8
"Generated (GRU, T=1.5)",0.6
"Generated (GRU, T=1.5)",0.7142857142857143
"Generated (GRU, T=1.5)",0.7142857142857143
"Generated (GRU, T=1.5)",0.6666666666666666
"Generated (GRU, T=1.5)",0.7272727272727273
"Generated (GRU, T=1.5)",0.8333333333333334
"Generated (GRU, T=1.5)",0.6666666666666666
"Generated (GRU, T=1.5)",0.5
"Generated (GRU, T=1.5)",0.6666666666666666
"Generated (GRU, T=1.5)",0.6
"Generated (GRU, T=1.5)",0.8571428571428571
"Generated (GRU, T=1.5)",0.75
"Generated (GRU, T=1.5)",0.5555555555555556
"Generated (GRU, T=1.5)",0.6
"Generated (GRU, T=1.5)",0.7272727272727273
"Generated (GRU, T=1.5)",0.6666666666666666
"Generated (GRU, T=1.5)",0.8
"Generated (GRU, T=1.5)",0.875
"Generated (GRU, T=1.5)",0.6
"Generated (GRU, T=1.5)",0.625
"Generated (GRU, T=1.5)",0.6
"Generated (GRU, T=1.5)",0.6666666666666666
"Generated (GRU, T=1.5)",0.8
"Generated (GRU, T=1.5)",0.6
"Generated (GRU, T=1.5)",0.8
"Generated (GRU, T=1.5)",0.8333333333333334
"Generated (GRU, T=1.5)",0.6666666666666666
"Generated (GRU, T=1.5)",0.6363636363636364
"Generated (GRU, T=1.5)",0.7692307692307693
"Generated (GRU, T=1)",0.7142857142857143
"Generated (GRU, T=1)",1.0
"Generated (GRU, T=1)",0.8333333333333334
"Generated (GRU, T=1)",0.8
"Generated (GRU, T=1)",0.6
"Generated (GRU, T=1)",0.7
"Generated (GRU, T=1)",0.6153846153846154
"Generated (GRU, T=1)",0.7857142857142857
"Generated (GRU, T=1)",1.0
"Generated (GRU, T=1)",0.6666666666666666
"Generated (GRU, T=1)",0.5833333333333334
"Generated (GRU, T=1)",0.6
"Generated (GRU, T=1)",0.6296296296296297
"Generated (GRU, T=1)",0.7142857142857143
"Generated (GRU, T=1)",0.8888888888888888
"Generated (GRU, T=1)",0.6666666666666666
"Generated (GRU, T=1)",0.8
"Generated (GRU, T=1)",0.8333333333333334
"Generated (GRU, T=1)",0.8
"Generated (GRU, T=1)",0.5
"Generated (GRU, T=1)",0.6
"Generated (GRU, T=1)",1.0
"Generated (GRU, T=1)",0.75
"Generated (GRU, T=1)",0.8
"Generated (GRU, T=1)",0.9375
"Generated (GRU, T=1)",1.0
"Generated (GRU, T=1)",1.0
"Generated (GRU, T=1)",1.0
"Generated (GRU, T=1)",0.6
"Generated (GRU, T=1)",0.6
"Generated (GRU, T=1)",1.0
"Generated (GRU, T=1)",0.9615384615384616
"Generated (GRU, T=1)",1.0
"Generated (GRU, T=1)",0.7272727272727273
"Generated (GRU, T=1)",0.8181818181818182
"Generated (GRU, T=1)",1.0
"Generated (GRU, T=1)",1.0
"Generated (GRU, T=1)",0.8
"Generated (GRU, T=1)",0.6
"Generated (GRU, T=1)",1.0
"Generated (GRU, T=1)",0.9411764705882353
"Generated (GRU, T=1)",1.0
"Generated (GRU, T=1)",0.7083333333333334
"Generated (GRU, T=1)",0.5
"Generated (GRU, T=1)",1.0
"Generated (GRU, T=1)",1.0
"Generated (GRU, T=1)",0.6666666666666666
"Generated (GRU, T=1)",0.9090909090909091
"Generated (GRU, T=1)",0.8
"Generated (GRU, T=1)",0.7
"Generated (GRU, T=1)",0.7692307692307693
"Generated (GRU, T=1)",0.8571428571428571
"Generated (GRU, T=1)",0.8
"Generated (GRU, T=1)",0.9230769230769231
"Generated (GRU, T=1)",0.7
"Generated (GRU, T=1)",0.8333333333333334
"Generated (GRU, T=1)",0.8
"Generated (GRU, T=1)",0.625
"Generated (GRU, T=1)",0.8
"Generated (GRU, T=1)",0.7727272727272727
"Generated (GRU, T=1)",1.0
"Generated (GRU, T=1)",0.9166666666666666
"Generated (GRU, T=1)",0.8333333333333334
"Generated (GRU, T=1)",1.0
"Generated (GRU, T=1)",0.75
"Generated (GRU, T=1)",1.0
"Generated (GRU, T=1)",0.875
"Generated (GRU, T=1)",0.8928571428571429
"Generated (GRU, T=1)",0.875
"Generated (GRU, T=1)",0.6666666666666666
"Generated (GRU, T=1)",0.75
"Generated (GRU, T=1)",0.6666666666666666
"Generated (GRU, T=1)",1.0
"Generated (GRU, T=1)",1.0
"Generated (GRU, T=1)",0.8
"Generated (GRU, T=1)",0.7
"Generated (GRU, T=1)",0.8
"Generated (GRU, T=1)",0.8333333333333334
"Generated (GRU, T=1)",0.8
"Generated (GRU, T=1)",0.8888888888888888
"Generated (GRU, T=1)",0.8
"Generated (GRU, T=1)",0.8
"Generated (GRU, T=1)",0.9166666666666666
"Generated (GRU, T=1)",0.7272727272727273
"Generated (GRU, T=1)",0.6666666666666666
"Generated (GRU, T=1)",0.75
"Generated (GRU, T=1)",0.6666666666666666
"Generated (GRU, T=1)",0.7142857142857143
"Generated (GRU, T=1)",0.6666666666666666
"Generated (GRU, T=1)",0.8333333333333334
"Generated (GRU, T=1)",0.6
"Generated (GRU, T=1)",1.0
"Generated (GRU, T=1)",0.8571428571428571
"Generated (GRU, T=1)",1.0
"Generated (GRU, T=1)",0.7777777777777778
"Generated (GRU, T=1)",0.6666666666666666
"Generated (GRU, T=1)",0.8
"Generated (GRU, T=1)",0.8
"Generated (GRU, T=1)",0.8
"Generated (GRU, T=1)",0.8571428571428571
"Generated (GRU, T=1)",0.6666666666666666
"Generated (GRU, T=1)",0.6
"Generated (GRU, T=1)",0.7
"Generated (GRU, T=1)",0.6666666666666666
"Generated (GRU, T=1)",0.5
"Generated (GRU, T=1)",0.6666666666666666
"Generated (GRU, T=1)",0.9583333333333334
"Generated (GRU, T=1)",1.0
"Generated (GRU, T=1)",0.6666666666666666
"Generated (GRU, T=1)",0.7142857142857143
"Generated (GRU, T=1)",0.75
"Generated (GRU, T=1)",0.7692307692307693
"Generated (GRU, T=1)",0.7777777777777778
"Generated (GRU, T=1)",1.0
"Generated (GRU, T=1)",1.0
"Generated (GRU, T=1)",0.6
"Generated (GRU, T=1)",0.9
"Generated (GRU, T=1)",0.6666666666666666
"Generated (GRU, T=1)",0.6
"Generated (GRU, T=1)",0.6666666666666666
"Generated (GRU, T=1)",0.6
"Generated (GRU, T=1)",0.8
"Generated (GRU, T=1)",0.5
"Generated (GRU, T=1)",0.8333333333333334
"Generated (GRU, T=1)",0.7142857142857143
"Generated (GRU, T=1)",0.8
"Generated (GRU, T=1)",0.6
"Generated (GRU, T=1)",0.6
"Generated (GRU, T=1)",0.6
"Generated (GRU, T=1)",0.6666666666666666
"Generated (GRU, T=1)",1.0
"Generated (GRU, T=1)",1.0
"Generated (GRU, T=1)",0.8333333333333334
"Generated (GRU, T=1)",0.8333333333333334
"Generated (GRU, T=1)",1.0
"Generated (GRU, T=1)",1.0
"Generated (GRU, T=1)",1.0
"Generated (GRU, T=1)",0.8333333333333334
"Generated (GRU, T=1)",1.0
"Generated (GRU, T=1)",1.0
"Generated (GRU, T=1)",0.7142857142857143
"Generated (GRU, T=1)",1.0
"Generated (GRU, T=1)",0.8888888888888888
"Generated (GRU, T=1)",1.0
"Generated (GRU, T=1)",0.6
"Generated (GRU, T=1)",0.8
"Generated (GRU, T=1)",0.6666666666666666
"Generated (GRU, T=1)",0.6363636363636364
"Generated (GRU, T=1)",0.6666666666666666
"Generated (GRU, T=1)",1.0
"Generated (GRU, T=1)",1.0
"Generated (GRU, T=1)",0.7142857142857143
"Generated (GRU, T=1)",0.8
"Generated (GRU, T=1)",0.6666666666666666
"Generated (GRU, T=1)",0.8
"Generated (GRU, T=1)",0.8333333333333334
"Generated (GRU, T=1)",1.0
"Generated (GRU, T=1)",1.0
"Generated (GRU, T=1)",0.6
"Generated (GRU, T=1)",1.0
"Generated (GRU, T=1)",0.7
"Generated (GRU, T=1)",0.8
"Generated (GRU, T=1)",0.8
"Generated (GRU, T=1)",0.6666666666666666
"Generated (GRU, T=1)",0.8
"Generated (GRU, T=1)",0.8
"Generated (GRU, T=1)",0.6666666666666666
"Generated (GRU, T=1)",0.8333333333333334
"Generated (GRU, T=1)",0.6428571428571429
"Generated (GRU, T=1)",0.8
"Generated (GRU, T=1)",0.7142857142857143
"Generated (GRU, T=1)",0.7692307692307693
"Generated (GRU, T=1)",0.8333333333333334
"Generated (GRU, T=1)",0.9230769230769231
"Generated (GRU, T=1)",0.8333333333333334
"Generated (GRU, T=1)",0.8
"Generated (GRU, T=1)",0.6666666666666666
"Generated (GRU, T=1)",0.8
"Generated (GRU, T=1)",0.6363636363636364
"Generated (GRU, T=1)",0.75
"Generated (GRU, T=1)",0.7142857142857143
"Generated (GRU, T=1)",0.6666666666666666
"Generated (GRU, T=1)",0.8076923076923077
"Generated (GRU, T=1)",0.6666666666666666
"Generated (GRU, T=1)",1.0
"Generated (GRU, T=1)",1.0
"Generated (GRU, T=1)",1.0
"Generated (GRU, T=1)",0.85
"Generated (GRU, T=1)",1.0
"Generated (GRU, T=1)",0.8333333333333334
"Generated (GRU, T=1)",0.875
"Generated (GRU, T=1)",0.6
"Generated (GRU, T=1)",0.5
"Generated (GRU, T=1)",0.7142857142857143
"Generated (GRU, T=1)",0.7272727272727273
"Generated (GRU, T=1)",1.0
"Generated (GRU, T=1)",0.7142857142857143
"Generated (GRU, T=1)",0.6
"Generated (GRU, T=1)",0.8
"Generated (GRU, T=1)",0.8333333333333334
"Generated (GRU, T=1)",0.95
"Generated (GRU, T=1)",0.9090909090909091
"Generated (GRU, T=1)",0.625
"Generated (GRU, T=1)",0.6
"Generated (GRU, T=1)",0.9285714285714286
"Generated (GRU, T=1)",0.8
"Generated (GRU, T=1)",0.8
"Generated (GRU, T=1)",0.9166666666666666
"Generated (GRU, T=1)",0.625
"Generated (GRU, T=1)",0.9473684210526315
"Generated (GRU, T=1)",0.6666666666666666
"Generated (GRU, T=1)",0.8888888888888888
"Generated (GRU, T=1)",0.9166666666666666
"Generated (GRU, T=1)",0.6666666666666666
"Generated (GRU, T=1)",0.6666666666666666
"Generated (GRU, T=1)",0.8
"Generated (GRU, T=1)",0.875
"Generated (GRU, T=1)",0.875
"Generated (GRU, T=1)",0.6666666666666666
"Generated (GRU, T=1)",0.8
"Generated (GRU, T=1)",0.8571428571428571
"Generated (GRU, T=1)",0.7368421052631579
"Generated (GRU, T=1)",0.8181818181818182
"Generated (GRU, T=1)",0.7142857142857143
"Generated (GRU, T=1)",0.7777777777777778
"Generated (GRU, T=1)",1.0
"Generated (GRU, T=1)",0.6
"Generated (GRU, T=1)",0.9523809523809523
"Generated (GRU, T=1)",0.8
"Generated (GRU, T=1)",0.8
"Generated (GRU, T=1)",0.6666666666666666
"Generated (GRU, T=1)",0.6
"Generated (GRU, T=1)",0.6666666666666666
"Generated (GRU, T=1)",0.8
"Generated (GRU, T=1)",0.8888888888888888
"Generated (GRU, T=1)",0.7777777777777778
"Generated (GRU, T=1)",0.6666666666666666
"Generated (GRU, T=1)",1.0
"Generated (GRU, T=1)",0.7142857142857143
"Generated (GRU, T=1)",0.9230769230769231
"Generated (GRU, T=1)",1.0
"Generated (GRU, T=1)",0.7142857142857143
"Generated (GRU, T=1)",0.8
"Generated (GRU, T=1)",0.7142857142857143
"Generated (GRU, T=1)",0.8333333333333334
"Generated (GRU, T=1)",0.6666666666666666
"Generated (GRU, T=1)",0.6666666666666666
"Generated (GRU, T=1)",0.7142857142857143
"Generated (GRU, T=1)",1.0
"Generated (GRU, T=1)",0.6666666666666666
"Generated (GRU, T=1)",0.6
"Generated (GRU, T=1)",0.6666666666666666
"Generated (GRU, T=1)",0.6666666666666666
"Generated (GRU, T=1)",1.0
"Generated (GRU, T=1)",0.7777777777777778
"Generated (GRU, T=1)",0.8
"Generated (GRU, T=1)",0.7
"Generated (GRU, T=1)",0.6
"Generated (GRU, T=1)",0.6
"Generated (GRU, T=1)",0.875
"Generated (GRU, T=1)",0.625
"Generated (GRU, T=1)",0.8571428571428571
"Generated (GRU, T=1)",0.6
"Generated (GRU, T=1)",0.6666666666666666
"Generated (GRU, T=1)",0.8
"Generated (GRU, T=1)",1.0
"Generated (GRU, T=1)",1.0
"Generated (GRU, T=1)",1.0
"Generated (GRU, T=1)",0.6666666666666666
"Generated (GRU, T=1)",0.6
"Generated (GRU, T=1)",0.7142857142857143
"Generated (GRU, T=1)",1.0
"Generated (GRU, T=1)",0.8333333333333334
"Generated (GRU, T=1)",0.6666666666666666
"Generated (GRU, T=1)",0.7142857142857143
"Generated (GRU, T=1)",0.6666666666666666
"Generated (GRU, T=1)",0.8
"Generated (GRU, T=1)",0.7777777777777778
"Generated (GRU, T=1)",0.6666666666666666
"Generated (GRU, T=1)",0.6666666666666666
"Generated (GRU, T=1)",0.6666666666666666
"Generated (GRU, T=1)",1.0
"Generated (GRU, T=1)",0.8333333333333334
"Generated (GRU, T=1)",0.6666666666666666
"Generated (GRU, T=1)",0.9166666666666666
"Generated (GRU, T=1)",0.8333333333333334
"Generated (GRU, T=1)",1.0
"Generated (GRU, T=1)",0.7142857142857143
"Generated (GRU, T=1)",1.0
"Generated (GRU, T=1)",0.5882352941176471
"Generated (GRU, T=1)",0.6666666666666666
"Generated (GRU, T=1)",0.8888888888888888
"Generated (GRU, T=1)",1.0
"Generated (GRU, T=1)",0.625
"Generated (GRU, T=1)",0.8
"Generated (GRU, T=1)",0.8
"Generated (GRU, T=1)",0.7142857142857143
"Generated (GRU, T=1)",0.8
"Generated (GRU, T=1)",1.0
"Generated (GRU, T=1)",0.8
"Generated (GRU, T=1)",0.6666666666666666
"Generated (GRU, T=1)",0.7142857142857143
"Generated (GRU, T=1)",0.9
"Generated (GRU, T=1)",0.6666666666666666
"Generated (GRU, T=1)",0.5
"Generated (GRU, T=1)",1.0
"Generated (GRU, T=1)",0.625
"Generated (GRU, T=1)",1.0
"Generated (GRU, T=1)",0.75
"Generated (GRU, T=1)",1.0
"Generated (GRU, T=1)",0.6666666666666666
"Generated (GRU, T=1)",0.875
"Generated (GRU, T=1)",0.7
"Generated (GRU, T=1)",0.6666666666666666
"Generated (GRU, T=1)",0.5
"Generated (GRU, T=1)",0.7
"Generated (GRU, T=1)",0.7142857142857143
"Generated (GRU, T=1)",0.7
"Generated (GRU, T=1)",1.0
"Generated (GRU, T=1)",0.8571428571428571
"Generated (GRU, T=1)",0.6666666666666666
"Generated (GRU, T=1)",0.8333333333333334
"Generated (GRU, T=1)",0.5833333333333334
"Generated (GRU, T=1)",0.8
"Generated (GRU, T=1)",1.0
"Generated (GRU, T=1)",0.7692307692307693
"Generated (GRU, T=1)",0.9166666666666666
"Generated (GRU, T=1)",0.6666666666666666
"Generated (GRU, T=1)",0.6
"Generated (GRU, T=1)",0.5833333333333334
"Generated (GRU, T=1)",0.9696969696969697
"Generated (GRU, T=1)",0.7777777777777778
"Generated (GRU, T=1)",1.0
"Generated (GRU, T=1)",0.8333333333333334
"Generated (GRU, T=1)",0.6
"Generated (GRU, T=1)",1.0
"Generated (GRU, T=1)",0.5555555555555556
"Generated (GRU, T=1)",0.8333333333333334
"Generated (GRU, T=1)",0.6
"Generated (GRU, T=1)",0.7142857142857143
"Generated (GRU, T=1)",0.7222222222222222
"Generated (GRU, T=1)",0.6666666666666666
"Generated (GRU, T=1)",0.8
"Generated (GRU, T=1)",0.6666666666666666
"Generated (GRU, T=1)",1.0
"Generated (GRU, T=1)",1.0
"Generated (GRU, T=1)",1.0
"Generated (GRU, T=1)",1.0
"Generated (GRU, T=1)",0.8
"Generated (GRU, T=1)",0.9230769230769231
"Generated (GRU, T=1)",0.5454545454545454
"Generated (GRU, T=1)",0.6666666666666666
"Generated (GRU, T=1)",1.0
"Generated (GRU, T=1)",0.5454545454545454
"Generated (GRU, T=1)",0.8
"Generated (GRU, T=1)",1.0
"Generated (GRU, T=1)",0.625
"Generated (GRU, T=1)",0.6666666666666666
"Generated (GRU, T=1)",1.0
"Generated (GRU, T=1)",1.0
"Generated (GRU, T=1)",0.7575757575757576
"Generated (GRU, T=1)",0.6666666666666666
"Generated (GRU, T=1)",0.8
"Generated (GRU, T=1)",0.5555555555555556
"Generated (GRU, T=1)",0.8888888888888888
"Generated (GRU, T=1)",0.7567567567567568
"Generated (GRU, T=1)",1.0
"Generated (GRU, T=1)",0.8333333333333334
"Generated (GRU, T=1)",0.75
"Generated (GRU, T=1)",0.7
"Generated (GRU, T=1)",1.0
"Generated (GRU, T=1)",0.9090909090909091
"Generated (GRU, T=1)",1.0
"Generated (GRU, T=1)",0.6666666666666666
"Generated (GRU, T=1)",0.8571428571428571
"Generated (GRU, T=1)",0.8571428571428571
"Generated (GRU, T=1)",0.7142857142857143
"Generated (GRU, T=1)",0.8
"Generated (GRU, T=1)",0.7
"Generated (GRU, T=1)",1.0
"Generated (GRU, T=1)",0.6
"Generated (GRU, T=1)",0.8928571428571429
"Generated (GRU, T=1)",0.6666666666666666
"Generated (GRU, T=1)",0.6
"Generated (GRU, T=1)",0.7692307692307693
"Generated (GRU, T=1)",1.0
"Generated (GRU, T=1)",0.6
"Generated (GRU, T=1)",0.6
"Generated (GRU, T=1)",1.0
"Generated (GRU, T=1)",0.6363636363636364
"Generated (GRU, T=1)",0.6
"Generated (GRU, T=1)",0.5294117647058824
"Generated (GRU, T=1)",0.6666666666666666
"Generated (GRU, T=1)",0.8
"Generated (GRU, T=1)",0.6
"Generated (GRU, T=1)",0.7777777777777778
"Generated (GRU, T=1)",0.6
"Generated (GRU, T=1)",0.75
"Generated (GRU, T=1)",0.7692307692307693
"Generated (GRU, T=1)",0.6666666666666666
"Generated (GRU, T=1)",0.8333333333333334
"Generated (GRU, T=1)",0.7142857142857143
"Generated (GRU, T=1)",0.6666666666666666
"Generated (GRU, T=1)",0.8333333333333334
"Generated (GRU, T=1)",1.0
"Generated (GRU, T=1)",0.8
"Generated (GRU, T=1)",0.6666666666666666
"Generated (GRU, T=1)",0.7142857142857143
"Generated (GRU, T=1)",0.8571428571428571
"Generated (GRU, T=1)",0.6666666666666666
"Generated (GRU, T=1)",1.0
"Generated (GRU, T=1)",0.6666666666666666
"Generated (GRU, T=1)",1.0
"Generated (GRU, T=1)",0.7142857142857143
"Generated (GRU, T=1)",1.0
"Generated (GRU, T=1)",0.9230769230769231
"Generated (GRU, T=1)",0.875
"Generated (GRU, T=1)",1.0
"Generated (GRU, T=1)",0.6666666666666666
"Generated (GRU, T=1)",0.6666666666666666
"Generated (GRU, T=1)",0.6666666666666666
"Generated (GRU, T=1)",1.0
"Generated (GRU, T=1)",0.90625
"Generated (GRU, T=1)",1.0
"Generated (GRU, T=1)",1.0
"Generated (GRU, T=1)",0.6
"Generated (GRU, T=1)",0.875
"Generated (GRU, T=1)",1.0
"Generated (GRU, T=1)",0.6666666666666666
"Generated (GRU, T=1)",0.9411764705882353
"Generated (GRU, T=1)",1.0
"Generated (GRU, T=1)",0.6
"Generated (GRU, T=1)",1.0
"Generated (GRU, T=1)",0.6
"Generated (GRU, T=1)",0.6666666666666666
"Generated (GRU, T=1)",0.8
"Generated (GRU, T=1)",0.7142857142857143
"Generated (GRU, T=1)",0.6
"Generated (GRU, T=1)",1.0
"Generated (GRU, T=1)",0.8333333333333334
"Generated (GRU, T=1)",0.8
"Generated (GRU, T=1)",0.5714285714285714
"Generated (GRU, T=1)",0.7
"Generated (GRU, T=1)",1.0
"Generated (GRU, T=1)",0.6666666666666666
"Generated (GRU, T=1)",0.7777777777777778
"Generated (GRU, T=1)",0.6
"Generated (GRU, T=1)",1.0
"Generated (GRU, T=1)",1.0
"Generated (GRU, T=1)",0.5
"Generated (GRU, T=1)",1.0
"Generated (GRU, T=1)",0.7142857142857143
"Generated (GRU, T=1)",0.8
"Generated (GRU, T=1)",0.9166666666666666
"Generated (GRU, T=1)",0.9285714285714286
"Generated (GRU, T=1)",0.6
"Generated (GRU, T=1)",0.6923076923076923
"Generated (GRU, T=1)",0.7307692307692307
"Generated (GRU, T=1)",0.6666666666666666
"Generated (GRU, T=1)",0.8
"Generated (GRU, T=1)",0.7142857142857143
"Generated (GRU, T=1)",0.8333333333333334
"Generated (GRU, T=1)",0.95
"Generated (GRU, T=1)",1.0
"Generated (GRU, T=1)",0.9
"Generated (GRU, T=1)",1.0
"Generated (GRU, T=1)",0.8
"Generated (GRU, T=1)",0.6666666666666666
"Generated (GRU, T=1)",0.6
"Generated (GRU, T=1)",0.8571428571428571
"Generated (GRU, T=1)",0.7272727272727273
"Generated (GRU, T=1)",0.6666666666666666
"Generated (GRU, T=1)",0.5714285714285714
"Generated (GRU, T=1)",0.9
"Generated (GRU, T=1)",0.6666666666666666
"Generated (GRU, T=1)",0.625
"Generated (GRU, T=1)",1.0
"Generated (GRU, T=1)",0.625
"Generated (GRU, T=1)",0.9
"Generated (GRU, T=1)",0.8
"Generated (GRU, T=1)",0.6666666666666666
"Generated (GRU, T=1)",0.8333333333333334
"Generated (GRU, T=1)",0.5
"Generated (GRU, T=1)",0.8
"Generated (GRU, T=1)",0.6666666666666666
"Generated (GRU, T=1)",0.6
"Generated (GRU, T=1)",0.7142857142857143
"Generated (GRU, T=1)",0.6
"Generated (GRU, T=1)",0.8
"Generated (GRU, T=1)",0.6666666666666666
"Generated (GRU, T=1)",0.9090909090909091
"Generated (GRU, T=1)",0.8333333333333334
"Generated (GRU, T=1)",0.8333333333333334
"Generated (GRU, T=1)",0.95
"Generated (GRU, T=1)",0.6666666666666666
"Generated (GRU, T=1)",0.8
"Generated (GRU, T=1)",0.8571428571428571
"Generated (GRU, T=1)",0.8571428571428571
"Generated (GRU, T=1)",0.8571428571428571
"Generated (GRU, T=1)",0.8333333333333334
"Generated (GRU, T=1)",1.0
"Generated (GRU, T=1)",0.5
"Generated (GRU, T=1)",1.0
"Generated (GRU, T=1)",0.9
"Generated (GRU, T=1)",0.6363636363636364
"Generated (GRU, T=1)",0.7407407407407407
"Generated (GRU, T=1)",0.7142857142857143
"Generated (GRU, T=1)",0.6363636363636364
"Generated (GRU, T=1)",0.8823529411764706
"Generated (GRU, T=1)",0.9117647058823529
"Generated (GRU, T=1)",0.6666666666666666
"Generated (GRU, T=1)",0.75
"Generated (GRU, T=1)",0.8
"Generated (GRU, T=1)",1.0
"Generated (GRU, T=1)",0.6666666666666666
"Generated (GRU, T=1)",0.6666666666666666
"Generated (GRU, T=1)",0.625
"Generated (GRU, T=1)",0.6
"Generated (GRU, T=1)",0.90625
"Generated (GRU, T=1)",1.0
"Generated (GRU, T=1)",0.6666666666666666
"Generated (GRU, T=1)",0.9523809523809523
"Generated (GRU, T=1)",1.0
"Generated (GRU, T=1)",0.875
"Generated (GRU, T=1)",0.6
"Generated (GRU, T=1)",0.6666666666666666
"Generated (GRU, T=1)",0.8888888888888888
"Generated (GRU, T=1)",0.6666666666666666
"Generated (GRU, T=1)",0.8
"Generated (GRU, T=1)",0.6
"Generated (GRU, T=1)",0.6
"Generated (GRU, T=1)",0.7142857142857143
"Generated (GRU, T=1)",1.0
"Generated (GRU, T=1)",0.6666666666666666
"Generated (GRU, T=1)",0.6
"Generated (GRU, T=1)",0.8333333333333334
"Generated (GRU, T=1)",0.9
"Generated (GRU, T=1)",0.8611111111111112
"Generated (GRU, T=1)",0.6363636363636364
"Generated (GRU, T=1)",0.8333333333333334
"Generated (GRU, T=1)",0.75
"Generated (GRU, T=1)",1.0
"Generated (GRU, T=1)",0.6666666666666666
"Generated (GRU, T=1)",0.8
"Generated (GRU, T=1)",0.6666666666666666
"Generated (GRU, T=1)",0.8333333333333334
"Generated (GRU, T=1)",1.0
"Generated (GRU, T=1)",0.8
"Generated (GRU, T=1)",0.875
"Generated (GRU, T=1)",0.6666666666666666
"Generated (GRU, T=1)",1.0
"Generated (GRU, T=1)",1.0
"Generated (GRU, T=1)",0.6666666666666666
"Generated (GRU, T=1)",1.0
"Generated (GRU, T=1)",0.9393939393939394
"Generated (GRU, T=1)",0.8095238095238095
"Generated (GRU, T=1)",0.8
"Generated (GRU, T=1)",0.6666666666666666
"Generated (GRU, T=1)",0.8
"Generated (GRU, T=1)",0.625
"Generated (GRU, T=1)",0.8
"Generated (GRU, T=1)",0.6666666666666666
"Generated (GRU, T=1)",0.5714285714285714
"Generated (GRU, T=1)",1.0
"Generated (GRU, T=1)",0.8333333333333334
"Generated (GRU, T=1)",0.6
"Generated (GRU, T=1)",0.9642857142857143
"Generated (GRU, T=1)",0.8571428571428571
"Generated (GRU, T=1)",0.75
"Generated (GRU, T=1)",1.0
"Generated (GRU, T=1)",0.75
"Generated (GRU, T=1)",1.0
"Generated (GRU, T=1)",0.8333333333333334
"Generated (GRU, T=1)",1.0
"Generated (GRU, T=1)",0.9285714285714286
"Generated (GRU, T=1)",1.0
"Generated (GRU, T=1)",1.0
"Generated (GRU, T=1)",0.6
"Generated (GRU, T=1)",1.0
"Generated (GRU, T=1)",1.0
"Generated (GRU, T=1)",0.6666666666666666
"Generated (GRU, T=1)",1.0
"Generated (GRU, T=1)",0.8571428571428571
"Generated (GRU, T=1)",0.8333333333333334
"Generated (GRU, T=1)",0.6
"Generated (GRU, T=1)",0.8
"Generated (GRU, T=1)",0.7142857142857143
"Generated (GRU, T=1)",1.0
"Generated (GRU, T=1)",0.6
"Generated (GRU, T=1)",1.0
"Generated (GRU, T=1)",0.75
"Generated (GRU, T=1)",0.9285714285714286
"Generated (GRU, T=1)",0.6
"Generated (GRU, T=1)",1.0
"Generated (GRU, T=1)",0.7142857142857143
"Generated (GRU, T=1)",0.9090909090909091
"Generated (GRU, T=1)",0.95
"Generated (GRU, T=1)",1.0
"Generated (GRU, T=1)",0.9
"Generated (GRU, T=1)",0.6666666666666666
"Generated (GRU, T=1)",0.6666666666666666
"Generated (GRU, T=1)",0.875
"Generated (GRU, T=1)",0.6
"Generated (GRU, T=1)",0.6666666666666666
"Generated (GRU, T=1)",1.0
"Generated (GRU, T=1)",0.6666666666666666
"Generated (GRU, T=1)",0.6
"Generated (GRU, T=1)",0.6666666666666666
"Generated (GRU, T=1)",0.7142857142857143
"Generated (GRU, T=1)",0.9090909090909091
"Generated (GRU, T=1)",0.6666666666666666
"Generated (GRU, T=1)",0.5
"Generated (GRU, T=1)",0.7142857142857143
"Generated (GRU, T=1)",0.8333333333333334
"Generated (GRU, T=1)",0.8
"Generated (GRU, T=1)",0.7142857142857143
"Generated (GRU, T=1)",0.6666666666666666
"Generated (GRU, T=1)",1.0
"Generated (GRU, T=1)",0.6666666666666666
"Generated (GRU, T=1)",0.8
"Generated (GRU, T=1)",0.6666666666666666
"Generated (GRU, T=1)",0.6666666666666666
"Generated (GRU, T=1)",0.8
"Generated (GRU, T=1)",0.8
"Generated (GRU, T=1)",0.6666666666666666
"Generated (GRU, T=1)",1.0
"Generated (GRU, T=1)",0.6666666666666666
"Generated (GRU, T=1)",0.6
"Generated (GRU, T=1)",0.9285714285714286
"Generated (GRU, T=1)",1.0
"Generated (GRU, T=1)",0.7777777777777778
"Generated (GRU, T=1)",0.8
"Generated (GRU, T=1)",1.0
"Generated (GRU, T=1)",1.0
"Generated (GRU, T=1)",0.6666666666666666
"Generated (GRU, T=1)",0.6666666666666666
"Generated (GRU, T=1)",0.8888888888888888
"Generated (GRU, T=1)",0.6
"Generated (GRU, T=1)",0.6923076923076923
"Generated (GRU, T=1)",0.8333333333333334
"Generated (GRU, T=1)",0.6
"Generated (GRU, T=1)",0.5714285714285714
"Generated (GRU, T=1)",0.6
"Generated (GRU, T=1)",1.0
"Generated (GRU, T=1)",0.6666666666666666
"Generated (GRU, T=1)",0.7777777777777778
"Generated (GRU, T=1)",0.8571428571428571
"Generated (GRU, T=1)",0.9583333333333334
"Generated (GRU, T=1)",0.7
"Generated (GRU, T=1)",0.6
"Generated (GRU, T=1)",0.625
"Generated (GRU, T=1)",0.6666666666666666
"Generated (GRU, T=1)",0.6923076923076923
"Generated (GRU, T=1)",0.7
"Generated (GRU, T=1)",1.0
"Generated (GRU, T=1)",0.8571428571428571
"Generated (GRU, T=1)",0.7777777777777778
"Generated (GRU, T=1)",0.7058823529411765
"Generated (GRU, T=1)",0.6
"Generated (GRU, T=1)",0.8
"Generated (GRU, T=1)",0.9
"Generated (GRU, T=1)",0.5217391304347826
"Generated (GRU, T=1)",0.9090909090909091
"Generated (GRU, T=1)",0.6666666666666666
"Generated (GRU, T=1)",0.75
"Generated (GRU, T=1)",0.8709677419354839
"Generated (GRU, T=1)",1.0
"Generated (GRU, T=1)",0.6363636363636364
"Generated (GRU, T=1)",1.0
"Generated (GRU, T=1)",0.6923076923076923
"Generated (GRU, T=1)",0.6363636363636364
"Generated (GRU, T=1)",1.0
"Generated (GRU, T=1)",0.8333333333333334
"Generated (GRU, T=1)",0.9333333333333333
"Generated (GRU, T=1)",0.625
"Generated (GRU, T=1)",0.7272727272727273
"Generated (GRU, T=1)",0.7692307692307693
"Generated (GRU, T=1)",0.9487179487179487
"Generated (GRU, T=1)",0.8181818181818182
"Generated (GRU, T=1)",0.6
"Generated (GRU, T=1)",0.8
"Generated (GRU, T=1)",0.5833333333333334
"Generated (GRU, T=1)",0.8
"Generated (GRU, T=1)",0.6666666666666666
"Generated (GRU, T=1)",0.8
"Generated (GRU, T=1)",0.6666666666666666
"Generated (GRU, T=1)",0.7142857142857143
"Generated (GRU, T=1)",0.8
"Generated (GRU, T=1)",0.8888888888888888
"Generated (GRU, T=1)",1.0
"Generated (GRU, T=1)",0.6666666666666666
"Generated (GRU, T=1)",0.8
"Generated (GRU, T=1)",0.7142857142857143
"Generated (GRU, T=1)",0.8
"Generated (GRU, T=1)",1.0
"Generated (GRU, T=1)",0.6666666666666666
"Generated (GRU, T=1)",0.8
"Generated (GRU, T=1)",0.8333333333333334
"Generated (GRU, T=1)",0.6666666666666666
"Generated (GRU, T=1)",0.8333333333333334
"Generated (GRU, T=1)",0.7272727272727273
"Generated (GRU, T=1)",0.6
"Generated (GRU, T=1)",0.75
"Generated (GRU, T=1)",1.0
"Generated (GRU, T=1)",0.8
"Generated (GRU, T=1)",0.6153846153846154
"Generated (GRU, T=1)",1.0
"Generated (GRU, T=1)",0.7142857142857143
"Generated (GRU, T=1)",0.7
"Generated (GRU, T=1)",1.0
"Generated (GRU, T=1)",0.6666666666666666
"Generated (GRU, T=1)",0.625
"Generated (GRU, T=1)",0.8333333333333334
"Generated (GRU, T=1)",1.0
"Generated (GRU, T=1)",0.8333333333333334
"Generated (GRU, T=1)",0.7142857142857143
"Generated (GRU, T=1)",0.625
"Generated (GRU, T=1)",0.6666666666666666
"Generated (GRU, T=1)",0.8
"Generated (GRU, T=1)",0.8181818181818182
"Generated (GRU, T=1)",0.8
"Generated (GRU, T=1)",0.625
"Generated (GRU, T=1)",0.6666666666666666
"Generated (GRU, T=1)",0.65
"Generated (GRU, T=1)",0.8333333333333334
"Generated (GRU, T=1)",0.7777777777777778
"Generated (GRU, T=1)",0.8
"Generated (GRU, T=1)",0.9285714285714286
"Generated (GRU, T=1)",1.0
"Generated (GRU, T=1)",0.8
"Generated (GRU, T=1)",0.6666666666666666
"Generated (GRU, T=1)",1.0
"Generated (GRU, T=1)",0.6666666666666666
"Generated (GRU, T=1)",0.8
"Generated (GRU, T=1)",0.9090909090909091
"Generated (GRU, T=1)",0.6
"Generated (GRU, T=1)",0.6363636363636364
"Generated (GRU, T=1)",0.7142857142857143
"Generated (GRU, T=1)",0.9090909090909091
"Generated (GRU, T=1)",0.6
"Generated (GRU, T=1)",0.7333333333333333
"Generated (GRU, T=1)",0.8571428571428571
"Generated (GRU, T=1)",0.7142857142857143
"Generated (GRU, T=1)",0.875
"Generated (GRU, T=1)",0.75
"Generated (GRU, T=1)",1.0
"Generated (GRU, T=1)",0.8333333333333334
"Generated (GRU, T=1)",0.6666666666666666
"Generated (GRU, T=1)",0.9111111111111111
"Generated (GRU, T=1)",0.6666666666666666
"Generated (GRU, T=1)",0.75
"Generated (GRU, T=1)",0.6666666666666666
"Generated (GRU, T=1)",0.8333333333333334
"Generated (GRU, T=1)",0.8333333333333334
"Generated (GRU, T=1)",0.8333333333333334
"Generated (GRU, T=1)",0.5
"Generated (GRU, T=1)",0.8
"Generated (GRU, T=1)",0.9166666666666666
"Generated (GRU, T=1)",0.625
"Generated (GRU, T=1)",1.0
"Generated (GRU, T=1)",0.8
"Generated (GRU, T=1)",0.8571428571428571
"Generated (GRU, T=1)",0.8888888888888888
"Generated (GRU, T=1)",0.6666666666666666
"Generated (GRU, T=1)",0.6666666666666666
"Generated (GRU, T=1)",0.8333333333333334
"Generated (GRU, T=1)",0.8333333333333334
"Generated (GRU, T=1)",0.6
"Generated (GRU, T=1)",0.6666666666666666
"Generated (GRU, T=1)",0.8
"Generated (GRU, T=1)",1.0
"Generated (GRU, T=1)",0.8947368421052632
"Generated (GRU, T=1)",0.8181818181818182
"Generated (GRU, T=1)",0.6666666666666666
"Generated (GRU, T=1)",0.8
"Generated (GRU, T=1)",0.7857142857142857
"Generated (GRU, T=1)",1.0
"Generated (GRU, T=1)",0.8
"Generated (GRU, T=1)",0.9
"Generated (GRU, T=1)",0.6153846153846154
"Generated (GRU, T=1)",1.0
"Generated (GRU, T=1)",0.8571428571428571
"Generated (GRU, T=1)",1.0
"Generated (GRU, T=1)",0.6
"Generated (GRU, T=1)",1.0
"Generated (GRU, T=1)",0.8
"Generated (GRU, T=1)",0.8571428571428571
"Generated (GRU, T=1)",0.8333333333333334
"Generated (GRU, T=1)",0.8333333333333334
"Generated (GRU, T=1)",0.5
"Generated (GRU, T=1)",0.8571428571428571
"Generated (GRU, T=1)",1.0
"Generated (GRU, T=1)",0.8
"Generated (GRU, T=1)",0.7142857142857143
"Generated (GRU, T=1)",0.8571428571428571
"Generated (GRU, T=1)",0.7142857142857143
"Generated (GRU, T=1)",0.6
"Generated (GRU, T=1)",0.6
"Generated (GRU, T=1)",0.6923076923076923
"Generated (GRU, T=1)",0.6
"Generated (GRU, T=1)",0.8571428571428571
"Generated (GRU, T=1)",0.6666666666666666
"Generated (GRU, T=1)",0.5714285714285714
"Generated (GRU, T=1)",1.0
"Generated (GRU, T=1)",0.6666666666666666
"Generated (GRU, T=1)",0.6875
"Generated (GRU, T=1)",0.8
"Generated (GRU, T=1)",0.8
"Generated (GRU, T=1)",1.0
"Generated (GRU, T=1)",0.6666666666666666
"Generated (GRU, T=1)",0.6
"Generated (GRU, T=1)",0.6666666666666666
"Generated (GRU, T=1)",1.0
"Generated (GRU, T=1)",1.0
"Generated (GRU, T=1)",0.9285714285714286
"Generated (GRU, T=1)",0.875
"Generated (GRU, T=1)",0.6
"Generated (GRU, T=1)",0.6666666666666666
"Generated (GRU, T=1)",0.6666666666666666
"Generated (GRU, T=1)",0.8
"Generated (GRU, T=1)",0.6666666666666666
"Generated (GRU, T=1)",0.6666666666666666
"Generated (GRU, T=1)",0.6666666666666666
"Generated (GRU, T=1)",0.625
"Generated (GRU, T=1)",0.875
"Generated (GRU, T=1)",0.5
"Generated (GRU, T=1)",0.6666666666666666
"Generated (GRU, T=1)",0.7
"Generated (GRU, T=1)",0.625
"Generated (GRU, T=1)",1.0
"Generated (GRU, T=1)",0.5
"Generated (GRU, T=1)",0.7142857142857143
"Generated (GRU, T=1)",1.0
"Generated (GRU, T=1)",0.6666666666666666
"Generated (GRU, T=1)",1.0
"Generated (GRU, T=1)",1.0
"Generated (GRU, T=1)",1.0
"Generated (GRU, T=1)",0.8
"Generated (GRU, T=1)",0.6923076923076923
"Generated (GRU, T=1)",0.6666666666666666
"Generated (GRU, T=1)",0.6363636363636364
"Generated (GRU, T=1)",1.0
"Generated (GRU, T=1)",0.875
"Generated (GRU, T=1)",1.0
"Generated (GRU, T=1)",0.6666666666666666
"Generated (GRU, T=1)",0.8461538461538461
"Generated (GRU, T=1)",1.0
"Generated (GRU, T=1)",0.9230769230769231
"Generated (GRU, T=1)",0.8095238095238095
"Generated (GRU, T=1)",0.8
"Generated (GRU, T=1)",0.8
"Generated (GRU, T=1)",0.9565217391304348
"Generated (GRU, T=1)",1.0
"Generated (GRU, T=1)",1.0
"Generated (GRU, T=1)",0.7777777777777778
"Generated (GRU, T=1)",0.8333333333333334
"Generated (GRU, T=1)",0.7
"Generated (GRU, T=1)",0.6666666666666666
"Generated (GRU, T=1)",0.7142857142857143
"Generated (GRU, T=1)",0.9
"Generated (GRU, T=1)",1.0
"Generated (GRU, T=1)",0.7586206896551724
"Generated (GRU, T=1)",0.8333333333333334
"Generated (GRU, T=1)",0.625
"Generated (GRU, T=1)",0.6428571428571429
"Generated (GRU, T=1)",0.6666666666666666
"Generated (GRU, T=1)",0.625
"Generated (GRU, T=1)",0.7272727272727273
"Generated (GRU, T=1)",0.6
"Generated (GRU, T=1)",0.6
"Generated (GRU, T=1)",0.6
"Generated (GRU, T=1)",0.6666666666666666
"Generated (GRU, T=1)",0.7142857142857143
"Generated (GRU, T=1)",0.7777777777777778
"Generated (GRU, T=1)",1.0
"Generated (GRU, T=1)",0.6666666666666666
"Generated (GRU, T=1)",0.8333333333333334
"Generated (GRU, T=1)",1.0
"Generated (GRU, T=1)",0.8333333333333334
"Generated (GRU, T=1)",0.8333333333333334
"Generated (GRU, T=1)",1.0
"Generated (GRU, T=1)",0.9473684210526315
"Generated (GRU, T=1)",0.8
"Generated (GRU, T=1)",0.6666666666666666
"Generated (GRU, T=1)",1.0
"Generated (GRU, T=1)",1.0
"Generated (GRU, T=1)",1.0
"Generated (GRU, T=1)",1.0
"Generated (GRU, T=1)",0.6
"Generated (GRU, T=1)",0.8
"Generated (GRU, T=1)",0.5714285714285714
"Generated (GRU, T=1)",1.0
"Generated (GRU, T=1)",0.6
"Generated (GRU, T=1)",0.9333333333333333
"Generated (GRU, T=1)",0.6666666666666666
"Generated (GRU, T=1)",0.8181818181818182
"Generated (GRU, T=1)",0.7272727272727273
"Generated (GRU, T=1)",0.9230769230769231
"Generated (GRU, T=1)",1.0
"Generated (GRU, T=1)",0.6666666666666666
"Generated (GRU, T=1)",0.6666666666666666
"Generated (GRU, T=1)",1.0
"Generated (GRU, T=1)",0.625
"Generated (GRU, T=1)",0.875
"Generated (GRU, T=1)",0.8461538461538461
"Generated (GRU, T=1)",0.8
"Generated (GRU, T=1)",0.8
"Generated (GRU, T=1)",1.0
"Generated (GRU, T=1)",1.0
"Generated (GRU, T=1)",0.8
"Generated (GRU, T=1)",0.8
"Generated (GRU, T=1)",0.8
"Generated (GRU, T=1)",0.9090909090909091
"Generated (GRU, T=1)",0.9230769230769231
"Generated (GRU, T=1)",1.0
"Generated (GRU, T=1)",0.8571428571428571
"Generated (GRU, T=1)",0.6666666666666666
"Generated (GRU, T=1)",0.6
"Generated (GRU, T=1)",0.6666666666666666
"Generated (GRU, T=1)",0.8333333333333334
"Generated (GRU, T=1)",0.6666666666666666
"Generated (GRU, T=1)",1.0
"Generated (GRU, T=1)",0.6
"Generated (GRU, T=1)",0.7777777777777778
"Generated (GRU, T=1)",0.9259259259259259
"Generated (GRU, T=1)",0.6666666666666666
"Generated (GRU, T=1)",1.0
"Generated (GRU, T=1)",0.8571428571428571
"Generated (GRU, T=1)",1.0
"Generated (GRU, T=1)",0.8
"Generated (GRU, T=1)",1.0
"Generated (GRU, T=1)",1.0
"Generated (GRU, T=1)",1.0
"Generated (GRU, T=1)",0.7142857142857143
"Generated (GRU, T=1)",0.5
"Generated (GRU, T=1)",0.6666666666666666
"Generated (GRU, T=1)",0.8
"Generated (GRU, T=1)",0.5555555555555556
"Generated (GRU, T=1)",0.7
"Generated (GRU, T=1)",0.8333333333333334
"Generated (GRU, T=1)",0.6666666666666666
"Generated (GRU, T=1)",0.8333333333333334
"Generated (GRU, T=1)",0.6
"Generated (GRU, T=1)",0.6666666666666666
"Generated (GRU, T=1)",0.8333333333333334
"Generated (GRU, T=1)",0.5
"Generated (GRU, T=1)",0.7
"Generated (GRU, T=1)",0.8333333333333334
"Generated (GRU, T=1)",0.7
"Generated (GRU, T=1)",1.0
"Generated (GRU, T=1)",1.0
"Generated (GRU, T=1)",0.9230769230769231
"Generated (GRU, T=1)",0.8461538461538461
"Generated (GRU, T=1)",0.84375
"Generated (GRU, T=1)",0.6
"Generated (GRU, T=1)",0.8888888888888888
"Generated (GRU, T=1)",0.6
"Generated (GRU, T=1)",0.7142857142857143
"Generated (GRU, T=1)",0.6666666666666666
"Generated (GRU, T=1)",0.6
"Generated (GRU, T=1)",0.6666666666666666
"Generated (GRU, T=1)",0.9230769230769231
"Generated (GRU, T=1)",0.8
"Generated (GRU, T=1)",1.0
"Generated (GRU, T=1)",1.0
"Generated (GRU, T=1)",0.8
"Generated (GRU, T=1)",0.95
"Generated (GRU, T=1)",1.0
"Generated (GRU, T=1)",0.5
"Generated (GRU, T=1)",0.7142857142857143
"Generated (GRU, T=1)",0.8333333333333334
"Generated (GRU, T=1)",0.7
"Generated (GRU, T=1)",0.7272727272727273
"Generated (GRU, T=1)",0.7272727272727273
"Generated (GRU, T=1)",0.6666666666666666
"Generated (GRU, T=1)",1.0
"Generated (GRU, T=1)",1.0
"Generated (GRU, T=1)",0.6
"Generated (GRU, T=1)",0.8
"Generated (GRU, T=1)",1.0
"Generated (GRU, T=1)",0.9
"Generated (GRU, T=1)",1.0
"Generated (GRU, T=1)",0.8
"Generated (GRU, T=1)",0.625
"Generated (GRU, T=1)",0.7222222222222222
"Generated (GRU, T=1)",0.8333333333333334
"Generated (GRU, T=1)",0.8181818181818182
"Generated (GRU, T=1)",1.0
"Generated (GRU, T=1)",0.6363636363636364
"Generated (GRU, T=1)",0.9090909090909091
"Generated (GRU, T=1)",1.0
"Generated (GRU, T=1)",0.9285714285714286
"Generated (GRU, T=1)",0.8
"Generated (GRU, T=1)",0.8
"Generated (GRU, T=1)",1.0
"Generated (GRU, T=1)",0.6666666666666666
"Generated (GRU, T=1)",0.9666666666666667
"Generated (GRU, T=1)",1.0
"Generated (GRU, T=1)",0.8333333333333334
"Generated (GRU, T=1)",0.8
"Generated (GRU, T=1)",0.9375
"Generated (GRU, T=1)",1.0
"Generated (GRU, T=1)",0.6
"Generated (GRU, T=1)",0.6
"Generated (GRU, T=1)",0.9
"Generated (GRU, T=1)",0.6666666666666666
"Generated (GRU, T=1)",0.8
"Generated (GRU, T=1)",0.8823529411764706
"Generated (GRU, T=1)",0.6666666666666666
"Generated (GRU, T=1)",0.875
"Generated (GRU, T=1)",0.6
"Generated (GRU, T=1)",0.9333333333333333
"Generated (GRU, T=1)",0.6
"Generated (GRU, T=1)",0.6
"Generated (GRU, T=1)",0.6666666666666666
"Generated (GRU, T=1)",0.6
"Generated (GRU, T=1)",1.0
"Generated (GRU, T=1)",1.0
"Generated (GRU, T=1)",1.0
"Generated (GRU, T=1)",0.6666666666666666
"Generated (GRU, T=1)",0.8076923076923077
"Generated (GRU, T=1)",0.8181818181818182
"Generated (GRU, T=1)",0.8
"Generated (GRU, T=1)",1.0
"Generated (GRU, T=1)",0.5555555555555556
"Generated (GRU, T=1)",0.875
"Generated (GRU, T=1)",1.0
"Generated (GRU, T=1)",0.9411764705882353
"Generated (GRU, T=1)",0.9655172413793104
"Generated (GRU, T=1)",0.6666666666666666
"Generated (GRU, T=1)",0.6666666666666666
"Generated (GRU, T=1)",0.7142857142857143
"Generated (GRU, T=1)",0.6666666666666666
"Generated (GRU, T=1)",0.8333333333333334
"Generated (GRU, T=1)",1.0
"Generated (GRU, T=1)",0.8571428571428571
"Generated (GRU, T=1)",0.7142857142857143
"Generated (GRU, T=1)",0.5555555555555556
"Generated (GRU, T=1)",0.625
"Generated (GRU, T=1)",0.8333333333333334
"Generated (GRU, T=1)",0.9166666666666666
"Generated (GRU, T=1)",0.6
"Generated (GRU, T=1)",0.875
"Generated (GRU, T=1)",0.6
"Generated (GRU, T=1)",0.6
"Generated (GRU, T=1)",0.6666666666666666
"Generated (GRU, T=1)",0.7
"Generated (GRU, T=1)",0.6
"Generated (GRU, T=1)",1.0
"Generated (GRU, T=1)",0.6666666666666666
"Generated (GRU, T=1)",0.875
"Generated (GRU, T=1)",1.0
"Generated (GRU, T=1)",0.8571428571428571
"Generated (GRU, T=1)",0.6363636363636364
"Generated (GRU, T=1)",0.625
"Generated (GRU, T=1)",0.6
"Generated (GRU, T=1)",0.9230769230769231
"Generated (GRU, T=1)",0.5454545454545454
"Generated (GRU, T=1)",0.6
"Generated (GRU, T=1)",0.6666666666666666
"Generated (GRU, T=1)",1.0
"Generated (GRU, T=1)",0.6666666666666666
"Generated (GRU, T=1)",0.8
"Generated (GRU, T=1)",0.8571428571428571
"Generated (GRU, T=1)",0.8888888888888888
"Generated (GRU, T=1)",0.8666666666666667
"Generated (GRU, T=1)",1.0
"Generated (GRU, T=1)",0.7142857142857143
"Generated (GRU, T=1)",1.0
"Generated (GRU, T=1)",0.7777777777777778
"Generated (GRU, T=1)",0.8333333333333334
"Generated (GRU, T=1)",0.6666666666666666
"Generated (GRU, T=1)",0.68
"Generated (GRU, T=1)",0.8333333333333334
"Generated (GRU, T=1)",0.9230769230769231
"Generated (GRU, T=1)",0.75
"Generated (GRU, T=1)",0.8888888888888888
"Generated (GRU, T=1)",0.8333333333333334
"Generated (GRU, T=1)",0.7
"Generated (GRU, T=1)",0.6
"Generated (GRU, T=1)",0.8
"Generated (GRU, T=1)",0.8
"Generated (GRU, T=1)",0.8888888888888888
"Generated (GRU, T=1)",0.7058823529411765
"Generated (GRU, T=1)",0.7142857142857143
"Generated (GRU, T=1)",0.7142857142857143
"Generated (GRU, T=1)",1.0
"Generated (GRU, T=1)",0.6666666666666666
"Generated (GRU, T=1)",1.0
"Generated (GRU, T=1)",0.8666666666666667
"Generated (GRU, T=1)",0.8
"Generated (GRU, T=1)",0.9285714285714286
"Generated (GRU, T=1)",0.6666666666666666
"Generated (GRU, T=1)",0.6666666666666666
"Generated (GRU, T=1)",0.7777777777777778
"Generated (GRU, T=1)",0.625
"Generated (GRU, T=1)",0.625
"Generated (GRU, T=1)",0.6
"Generated (GRU, T=1)",0.5714285714285714
"Generated (GRU, T=1)",0.7692307692307693
"Generated (GRU, T=1)",0.9
"Generated (GRU, T=1)",0.7272727272727273
"Generated (GRU, T=1)",0.625
"Generated (GRU, T=1)",0.8
"Generated (GRU, T=1)",0.8
"Generated (GRU, T=1)",1.0
"Generated (GRU, T=1)",0.9
"Generated (GRU, T=1)",0.5714285714285714
"Generated (GRU, T=1)",0.8888888888888888
"Generated (GRU, T=1)",0.75
"Generated (GRU, T=1)",0.8387096774193549
"Generated (GRU, T=1)",0.75
"Generated (GRU, T=1)",0.6666666666666666
"Generated (GRU, T=1)",0.7142857142857143
"Generated (GRU, T=1)",0.5454545454545454
"Generated (GRU, T=1)",0.8
"Generated (GRU, T=1)",1.0
"Generated (GRU, T=1)",0.7142857142857143
"Generated (GRU, T=1)",0.7857142857142857
"Generated (GRU, T=1)",1.0
"Generated (GRU, T=1)",0.6
"Generated (GRU, T=1)",0.75
"Generated (GRU, T=1)",0.9230769230769231
"Generated (GRU, T=1)",1.0
"Generated (GRU, T=1)",0.7142857142857143
"Generated (GRU, T=1)",0.9166666666666666
"Generated (GRU, T=1)",1.0
"Generated (GRU, T=1)",0.6666666666666666
"Generated (GRU, T=1)",0.6666666666666666
"Generated (GRU, T=1)",1.0
"Generated (GRU, T=1)",0.8333333333333334
"Generated (GRU, T=1)",0.6
"Generated (GRU, T=1)",0.8
"Generated (GRU, T=1)",0.8
"Generated (GRU, T=1)",1.0
"Generated (GRU, T=1)",1.0
"Generated (GRU, T=1)",0.9090909090909091
"Generated (GRU, T=1)",0.6428571428571429
"Generated (GRU, T=1)",0.6
"Generated (GRU, T=1)",0.875
"Generated (GRU, T=1)",0.6666666666666666
"Generated (GRU, T=1)",1.0
"Generated (GRU, T=1)",0.6
"Generated (GRU, T=1)",0.8461538461538461
"Generated (GRU, T=1)",0.8
"Generated (GRU, T=1)",1.0
"Generated (GRU, T=1)",1.0
"Generated (GRU, T=1)",0.8
"Generated (GRU, T=1)",0.8333333333333334
"Generated (GRU, T=1)",0.8
"Generated (GRU, T=1)",0.8
"Generated (GRU, T=1)",0.8823529411764706
"Generated (GRU, T=1)",0.8
"Generated (GRU, T=1)",0.7
"Generated (GRU, T=1)",0.6
"Generated (GRU, T=1)",0.875
"Generated (GRU, T=1)",0.7777777777777778
"Generated (GRU, T=1)",0.75
"Generated (GRU, T=1)",0.7
"Generated (GRU, T=1)",0.6153846153846154
"Generated (GRU, T=1)",0.5714285714285714
"Generated (GRU, T=1)",0.5714285714285714
"Generated (GRU, T=1)",0.9
"Generated (GRU, T=1)",0.6666666666666666
"Generated (GRU, T=1)",0.6
"Generated (GRU, T=1)",0.7272727272727273
"Generated (GRU, T=1)",0.6333333333333333
"Generated (GRU, T=1)",0.6666666666666666
"Generated (GRU, T=1)",1.0
"Generated (GRU, T=1)",1.0
"Generated (GRU, T=1)",1.0
"Generated (GRU, T=1)",0.6363636363636364
"Generated (GRU, T=1)",0.8571428571428571
"Generated (GRU, T=1)",0.6666666666666666
"Generated (GRU, T=1)",0.7142857142857143
"Generated (GRU, T=1)",1.0
"Generated (GRU, T=1)",1.0
"Generated (GRU, T=1)",0.6
"Generated (GRU, T=1)",0.9285714285714286
"Generated (GRU, T=1)",0.9090909090909091
"Generated (GRU, T=1)",0.6
"Generated (GRU, T=1)",0.6
"Generated (GRU, T=1)",0.8823529411764706
"Generated (GRU, T=1)",1.0
"Generated (GRU, T=1)",0.75
"Generated (GRU, T=1)",0.8
"Generated (GRU, T=1)",0.8
"Generated (GRU, T=1)",0.6666666666666666
"Generated (GRU, T=1)",1.0
"Generated (GRU, T=1)",0.7777777777777778
"Generated (GRU, T=1)",0.6
"Generated (GRU, T=1)",0.75
"Generated (GRU, T=1)",0.8
"Generated (GRU, T=1)",0.8571428571428571
"Generated (GRU, T=1)",0.6
"Generated (GRU, T=1)",0.6666666666666666
"Generated (GRU, T=1)",0.875
"Generated (GRU, T=1)",0.6
"Generated (GRU, T=1)",0.8
"Generated (GRU, T=1)",0.6
"Generated (GRU, T=1)",0.6666666666666666
"Generated (GRU, T=1)",0.8
"Generated (GRU, T=1)",0.8
"Generated (GRU, T=1)",0.6666666666666666
"Generated (GRU, T=1)",0.8333333333333334
"Generated (GRU, T=1)",0.8
"Generated (GRU, T=1)",0.7777777777777778
"Generated (GRU, T=1)",0.75
"Generated (GRU, T=1)",0.7777777777777778
"Generated (GRU, T=1)",0.8888888888888888
"Generated (GRU, T=1)",1.0
"Generated (GRU, T=1)",0.8
"Generated (GRU, T=1)",1.0
"Generated (GRU, T=1)",0.8333333333333334
"Generated (GRU, T=1)",0.9
"Generated (GRU, T=1)",0.8
"Generated (GRU, T=1)",1.0
"Generated (GRU, T=1)",0.6666666666666666
"Generated (GRU, T=1)",0.8
"Generated (GRU, T=1)",0.8
"Generated (GRU, T=1)",0.7777777777777778
"Generated (GRU, T=1)",1.0
"Generated (GRU, T=1)",0.6
"Generated (GRU, T=1)",0.7272727272727273
"Generated (GRU, T=1)",0.8571428571428571
"Generated (GRU, T=1)",0.5714285714285714
"Generated (GRU, T=1)",0.5555555555555556
"Generated (GRU, T=1)",0.6666666666666666
"Generated (GRU, T=1)",0.8
"Generated (GRU, T=1)",0.75
"Generated (GRU, T=1)",0.6666666666666666
"Generated (GRU, T=1)",0.8333333333333334
"Generated (GRU, T=1)",0.8571428571428571
"Generated (GRU, T=1)",0.6666666666666666
"Generated (GRU, T=1)",0.7
"Generated (GRU, T=1)",0.7142857142857143
"Generated (GRU, T=1)",0.6
"Generated (GRU, T=1)",1.0
"Generated (GRU, T=1)",1.0
"Generated (GRU, T=1)",0.6666666666666666
"Generated (GRU, T=1)",0.6
"Generated (GRU, T=1)",0.7142857142857143
"Generated (GRU, T=1)",0.8235294117647058
"Generated (GRU, T=1)",0.875
"Generated (GRU, T=1)",0.6923076923076923
"Generated (GRU, T=1)",0.5714285714285714
"Generated (GRU, T=1)",0.8571428571428571
"Generated (GRU, T=1)",0.6
"Generated (GRU, T=1)",0.8333333333333334
"Generated (GRU, T=1)",0.6666666666666666
"Generated (GRU, T=1)",0.6
"Generated (GRU, T=1)",0.8571428571428571
"Generated (GRU, T=1)",0.8888888888888888
"Generated (GRU, T=1)",0.8888888888888888
"Generated (GRU, T=1)",0.7916666666666666
"Generated (GRU, T=1)",0.6
"Generated (GRU, T=1)",1.0
"Generated (GRU, T=1)",0.6666666666666666
"Generated (GRU, T=1)",1.0
"Generated (GRU, T=1)",0.5555555555555556
"Generated (GRU, T=1)",0.7
"Generated (GRU, T=1)",1.0
"Generated (GRU, T=1)",0.9
"Generated (GRU, T=1)",1.0
"Generated (GRU, T=1)",0.8947368421052632
"Generated (GRU, T=1)",0.7647058823529411
"Generated (GRU, T=1)",0.75
"Generated (GRU, T=1)",0.75
"Generated (GRU, T=1)",0.6666666666666666
"Generated (GRU, T=1)",0.625
"Generated (GRU, T=1)",0.8333333333333334
"Generated (GRU, T=1)",0.625
"Generated (GRU, T=1)",0.6
"Generated (GRU, T=1)",0.6363636363636364
"Generated (GRU, T=1)",0.6538461538461539
"Generated (GRU, T=1)",0.8333333333333334
"Generated (GRU, T=1)",0.7272727272727273
"Generated (GRU, T=1)",1.0
"Generated (GRU, T=1)",0.6
"Generated (GRU, T=1)",0.8
"Generated (GRU, T=1)",0.8571428571428571
"Generated (GRU, T=1)",0.6666666666666666
"Generated (GRU, T=1)",0.8461538461538461
"Generated (GRU, T=1)",0.8571428571428571
"Generated (GRU, T=1)",0.6666666666666666
"Generated (GRU, T=1)",0.6666666666666666
"Generated (GRU, T=1)",0.8333333333333334
"Generated (GRU, T=1)",0.8620689655172413
"Generated (GRU, T=1)",0.6
"Generated (GRU, T=1)",0.8
"Generated (GRU, T=1)",0.75
"Generated (GRU, T=1)",0.9375
"Generated (GRU, T=1)",1.0
"Generated (GRU, T=1)",0.8
"Generated (GRU, T=1)",0.7777777777777778
"Generated (GRU, T=1)",0.6
"Generated (GRU, T=1)",1.0
"Generated (GRU, T=1)",0.9166666666666666
"Generated (GRU, T=1)",0.7142857142857143
"Generated (GRU, T=1)",0.6
"Generated (GRU, T=1)",0.8
"Generated (GRU, T=1)",0.8461538461538461
"Generated (GRU, T=1)",1.0
"Generated (GRU, T=1)",0.8
"Generated (GRU, T=1)",0.5
"Generated (GRU, T=1)",0.8571428571428571
"Generated (GRU, T=1)",0.625
"Generated (GRU, T=1)",0.9411764705882353
"Generated (GRU, T=1)",0.7241379310344828
"Generated (GRU, T=1)",0.5
"Generated (GRU, T=1)",0.8333333333333334
"Generated (GRU, T=1)",0.9
"Generated (GRU, T=1)",0.9166666666666666
"Generated (GRU, T=1)",0.7142857142857143
"Generated (GRU, T=1)",0.8333333333333334
"Generated (GRU, T=1)",0.6666666666666666
"Generated (GRU, T=1)",0.5
"Generated (GRU, T=1)",1.0
"Generated (GRU, T=1)",0.7391304347826086
"Generated (GRU, T=1)",0.5714285714285714
"Generated (GRU, T=1)",1.0
"Generated (GRU, T=1)",0.8181818181818182
"Generated (GRU, T=1)",0.5
"Generated (GRU, T=1)",0.6
"Generated (GRU, T=1)",0.7333333333333333
"Generated (GRU, T=1)",0.8
"Generated (GRU, T=1)",0.75
"Generated (GRU, T=1)",1.0
"Generated (GRU, T=1)",0.9
"Generated (GRU, T=1)",1.0
"Generated (GRU, T=1)",0.6666666666666666
"Generated (GRU, T=1)",0.8
"Generated (GRU, T=1)",0.6666666666666666
"Generated (GRU, T=1)",0.6666666666666666
"Generated (GRU, T=1)",0.8461538461538461
"Generated (GRU, T=1)",0.8
"Generated (GRU, T=1)",1.0
"Generated (GRU, T=1)",0.75
"Generated (GRU, T=1)",0.8461538461538461
"Generated (GRU, T=1)",0.8
"Generated (GRU, T=1)",0.6666666666666666
"Generated (GRU, T=1)",0.8333333333333334
"Generated (GRU, T=1)",1.0
"Generated (GRU, T=1)",0.6
"Generated (GRU, T=1)",1.0
"Generated (GRU, T=1)",1.0
"Generated (GRU, T=1)",0.9
"Generated (GRU, T=1)",0.8
"Generated (GRU, T=1)",1.0
"Generated (GRU, T=1)",1.0
"Generated (GRU, T=1)",0.8
"Generated (GRU, T=1)",0.9090909090909091
"Generated (GRU, T=1)",1.0
"Generated (GRU, T=1)",0.625
"Generated (GRU, T=1)",0.8571428571428571
"Generated (GRU, T=1)",0.6428571428571429
"Generated (GRU, T=1)",0.6
"Generated (GRU, T=1)",0.6666666666666666
"Generated (GRU, T=1)",1.0
"Generated (GRU, T=1)",0.8
"Generated (GRU, T=1)",0.8333333333333334
"Generated (GRU, T=1)",0.9285714285714286
"Generated (GRU, T=1)",0.6
"Generated (GRU, T=1)",0.875
"Generated (GRU, T=1)",0.8
"Generated (GRU, T=1)",0.6
"Generated (GRU, T=1)",1.0
"Generated (GRU, T=1)",0.8333333333333334
"Generated (GRU, T=1)",1.0
"Generated (GRU, T=1)",1.0
"Generated (GRU, T=1)",0.8
"Generated (GRU, T=1)",0.9285714285714286
"Generated (GRU, T=1)",0.8
"Generated (GRU, T=1)",1.0
"Generated (GRU, T=1)",0.6666666666666666
"Generated (GRU, T=1)",1.0
"Generated (GRU, T=1)",0.6
"Generated (GRU, T=1)",0.6666666666666666
"Generated (GRU, T=1)",0.6923076923076923
"Generated (GRU, T=1)",0.7272727272727273
"Generated (GRU, T=1)",1.0
"Generated (GRU, T=1)",0.6
"Generated (GRU, T=1)",0.6
"Generated (GRU, T=1)",0.7272727272727273
"Generated (GRU, T=1)",1.0
"Generated (GRU, T=1)",0.9545454545454546
"Generated (GRU, T=1)",1.0
"Generated (GRU, T=1)",1.0
"Generated (GRU, T=1)",0.6666666666666666
"Generated (GRU, T=1)",0.6
"Generated (GRU, T=1)",0.7777777777777778
"Generated (GRU, T=1)",1.0
"Generated (GRU, T=1)",0.8333333333333334
"Generated (GRU, T=1)",1.0
"Generated (GRU, T=1)",0.5714285714285714
"Generated (GRU, T=1)",0.6666666666666666
"Generated (GRU, T=1)",0.6666666666666666
"Generated (GRU, T=1)",0.8
"Generated (GRU, T=1)",0.7
"Generated (GRU, T=1)",0.7272727272727273
"Generated (GRU, T=1)",0.75
"Generated (GRU, T=1)",1.0
"Generated (GRU, T=1)",0.625
"Generated (GRU, T=1)",0.8461538461538461
"Generated (GRU, T=1)",0.9230769230769231
"Generated (GRU, T=1)",0.6666666666666666
"Generated (GRU, T=1)",0.5714285714285714
"Generated (GRU, T=1)",1.0
"Generated (GRU, T=1)",0.6666666666666666
"Generated (GRU, T=1)",0.6666666666666666
"Generated (GRU, T=1)",1.0
"Generated (GRU, T=1)",0.75
"Generated (GRU, T=1)",0.7777777777777778
"Generated (GRU, T=1)",0.8888888888888888
"Generated (GRU, T=1)",0.6666666666666666
"Generated (GRU, T=1)",0.7142857142857143
"Generated (GRU, T=1)",0.9
"Generated (GRU, T=1)",0.5
"Generated (GRU, T=1)",1.0
"Generated (GRU, T=1)",0.8
"Generated (GRU, T=1)",1.0
"Generated (GRU, T=1)",1.0
"Generated (GRU, T=1)",1.0
"Generated (GRU, T=1)",0.8
"Generated (GRU, T=1)",1.0
"Generated (GRU, T=1)",0.5555555555555556
"Generated (GRU, T=1)",0.7272727272727273
"Generated (GRU, T=1)",0.6666666666666666
"Generated (GRU, T=1)",0.7777777777777778
"Generated (GRU, T=1)",0.7142857142857143
"Generated (GRU, T=1)",1.0
"Generated (GRU, T=1)",0.8666666666666667
"Generated (GRU, T=1)",0.6666666666666666
"Generated (GRU, T=1)",0.6666666666666666
"Generated (GRU, T=1)",0.8333333333333334
"Generated (GRU, T=1)",0.8
"Generated (GRU, T=1)",0.8333333333333334
"Generated (GRU, T=1)",0.6666666666666666
"Generated (GRU, T=1)",0.8571428571428571
"Generated (GRU, T=1)",0.75
"Generated (GRU, T=1)",0.6666666666666666
"Generated (GRU, T=1)",0.6
"Generated (GRU, T=1)",0.8
"Generated (GRU, T=1)",0.6666666666666666
"Generated (GRU, T=1)",1.0
"Generated (GRU, T=1)",0.7
"Generated (GRU, T=1)",0.6666666666666666
"Generated (GRU, T=1)",0.8333333333333334
"Generated (GRU, T=1)",0.8181818181818182
"Generated (GRU, T=1)",0.5833333333333334
"Generated (GRU, T=1)",0.8
"Generated (GRU, T=1)",0.6666666666666666
"Generated (GRU, T=1)",0.6666666666666666
"Generated (GRU, T=1)",0.6
"Generated (GRU, T=1)",0.95
"Generated (GRU, T=1)",0.6666666666666666
"Generated (GRU, T=1)",0.7777777777777778
"Generated (GRU, T=1)",0.6666666666666666
"Generated (GRU, T=1)",0.8
"Generated (GRU, T=1)",1.0
"Generated (GRU, T=1)",0.8
"Generated (GRU, T=1)",1.0
"Generated (GRU, T=1)",0.8571428571428571
"Generated (GRU, T=1)",1.0
"Generated (GRU, T=1)",0.6923076923076923
"Generated (GRU, T=1)",0.7142857142857143
"Generated (GRU, T=1)",0.6666666666666666
"Generated (GRU, T=1)",0.8333333333333334
"Generated (GRU, T=1)",0.6666666666666666
"Generated (GRU, T=1)",0.7777777777777778
"Generated (GRU, T=1)",1.0
"Generated (GRU, T=1)",1.0
"Generated (GRU, T=1)",1.0
"Generated (GRU, T=1)",0.6
"Generated (GRU, T=1)",0.8
"Generated (GRU, T=1)",0.875
"Generated (GRU, T=1)",0.5714285714285714
"Generated (GRU, T=1)",0.9473684210526315
"Generated (GRU, T=1)",0.7142857142857143
"Generated (GRU, T=1)",0.7
"Generated (GRU, T=1)",0.7777777777777778
"Generated (GRU, T=1)",1.0
"Generated (GRU, T=1)",1.0
"Generated (GRU, T=1)",0.7142857142857143
"Generated (GRU, T=1)",0.8571428571428571
"Generated (GRU, T=1)",0.6
"Generated (GRU, T=1)",0.6666666666666666
"Generated (GRU, T=1)",0.8181818181818182
"Generated (GRU, T=1)",0.75
"Generated (GRU, T=1)",0.8888888888888888
"Generated (GRU, T=1)",1.0
"Generated (GRU, T=1)",0.6666666666666666
"Generated (GRU, T=1)",1.0
"Generated (GRU, T=1)",0.7916666666666666
"Generated (GRU, T=1)",0.7142857142857143
"Generated (GRU, T=1)",0.6153846153846154
"Generated (GRU, T=1)",0.8333333333333334
"Generated (GRU, T=1)",0.8
"Generated (GRU, T=1)",0.8461538461538461
"Generated (GRU, T=1)",0.8
"Generated (GRU, T=1)",0.75
"Generated (GRU, T=1)",0.6666666666666666
"Generated (GRU, T=1)",0.6666666666666666
"Generated (GRU, T=1)",0.625
"Generated (GRU, T=1)",1.0
"Generated (GRU, T=1)",1.0
"Generated (GRU, T=1)",0.8333333333333334
"Generated (GRU, T=1)",0.8181818181818182
"Generated (GRU, T=1)",0.6666666666666666
"Generated (GRU, T=1)",0.8
"Generated (GRU, T=1)",0.8888888888888888
"Generated (GRU, T=1)",0.8
"Generated (GRU, T=1)",0.7142857142857143
"Generated (GRU, T=1)",0.75
"Generated (GRU, T=1)",0.8571428571428571
"Generated (GRU, T=1)",0.7777777777777778
"Generated (GRU, T=1)",0.8
"Generated (GRU, T=1)",0.6923076923076923
"Generated (GRU, T=1)",1.0
"Generated (GRU, T=1)",1.0
"Generated (GRU, T=1)",0.6
"Generated (GRU, T=1)",0.8333333333333334
"Generated (GRU, T=1)",0.8571428571428571
"Generated (GRU, T=1)",0.8333333333333334
"Generated (GRU, T=1)",0.8571428571428571
"Generated (GRU, T=1)",0.6551724137931034
"Generated (GRU, T=1)",0.6666666666666666
"Generated (GRU, T=1)",1.0
"Generated (GRU, T=1)",0.6666666666666666
"Generated (GRU, T=1)",0.6666666666666666
"Generated (GRU, T=1)",0.8333333333333334
"Generated (GRU, T=1)",0.6666666666666666
"Generated (GRU, T=1)",0.8
"Generated (GRU, T=1)",0.6666666666666666
"Generated (GRU, T=1)",0.5
"Generated (GRU, T=1)",0.7142857142857143
"Generated (GRU, T=1)",0.6666666666666666
"Generated (GRU, T=1)",1.0
"Generated (GRU, T=1)",0.8333333333333334
"Generated (GRU, T=1)",0.9666666666666667
"Generated (GRU, T=1)",1.0
"Generated (GRU, T=1)",1.0
"Generated (GRU, T=1)",0.7894736842105263
"Generated (GRU, T=1)",0.6666666666666666
"Generated (GRU, T=1)",1.0
"Generated (GRU, T=1)",0.6666666666666666
"Generated (GRU, T=1)",1.0
"Generated (GRU, T=1)",1.0
"Generated (GRU, T=1)",0.8
"Generated (GRU, T=1)",1.0
"Generated (GRU, T=1)",0.8333333333333334
"Generated (GRU, T=1)",0.875
"Generated (GRU, T=1)",1.0
"Generated (GRU, T=1)",0.8333333333333334
"Generated (GRU, T=1)",0.7272727272727273
"Generated (GRU, T=1)",0.625
"Generated (GRU, T=1)",0.6363636363636364
"Generated (GRU, T=1)",0.6
"Generated (GRU, T=1)",0.6666666666666666
"Generated (GRU, T=1)",1.0
"Generated (GRU, T=1)",0.6
"Generated (GRU, T=1)",0.75
"Generated (GRU, T=1)",0.6666666666666666
"Generated (GRU, T=1)",0.8888888888888888
"Generated (GRU, T=1)",0.7
"Generated (GRU, T=1)",1.0
"Generated (GRU, T=1)",0.8333333333333334
"Generated (GRU, T=1)",0.7222222222222222
"Generated (GRU, T=1)",0.7142857142857143
"Generated (GRU, T=1)",0.6666666666666666
"Generated (GRU, T=1)",0.8
"Generated (GRU, T=1)",0.8888888888888888
"Generated (GRU, T=1)",0.6
"Generated (GRU, T=1)",0.8
"Generated (GRU, T=1)",0.5555555555555556
"Generated (GRU, T=1)",0.8
"Generated (GRU, T=1)",0.9090909090909091
"Generated (GRU, T=1)",0.9090909090909091
"Generated (GRU, T=1)",0.6666666666666666
"Generated (GRU, T=1)",0.875
"Generated (GRU, T=1)",1.0
"Generated (GRU, T=1)",0.75
"Generated (GRU, T=1)",1.0
"Generated (GRU, T=1)",1.0
"Generated (GRU, T=1)",0.8
"Generated (GRU, T=1)",0.6666666666666666
"Generated (GRU, T=1)",0.6666666666666666
"Generated (GRU, T=1)",0.7142857142857143
"Generated (GRU, T=1)",0.6842105263157895
"Generated (GRU, T=1)",0.8
"Generated (GRU, T=1)",0.7142857142857143
"Generated (GRU, T=1)",0.5666666666666667
"Generated (GRU, T=1)",0.9444444444444444
"Generated (GRU, T=1)",0.9090909090909091
"Generated (GRU, T=1)",0.8333333333333334
"Generated (GRU, T=1)",0.6666666666666666
"Generated (GRU, T=1)",0.6666666666666666
"Generated (GRU, T=1)",0.8571428571428571
"Generated (GRU, T=1)",0.8
"Generated (GRU, T=1)",0.7692307692307693
"Generated (GRU, T=1)",0.6666666666666666
"Generated (GRU, T=1)",0.7142857142857143
"Generated (GRU, T=1)",0.7142857142857143
"Generated (GRU, T=1)",0.6363636363636364
"Generated (GRU, T=1)",0.7777777777777778
"Generated (GRU, T=1)",0.8
"Generated (GRU, T=1)",1.0
"Generated (GRU, T=1)",1.0
"Generated (GRU, T=1)",0.6
"Generated (GRU, T=1)",0.6666666666666666
"Generated (GRU, T=1)",0.625
"Generated (GRU, T=1)",0.6923076923076923
"Generated (GRU, T=1)",0.8
"Generated (GRU, T=1)",0.9090909090909091
"Generated (GRU, T=1)",0.8
"Generated (GRU, T=1)",0.6
"Generated (GRU, T=1)",0.6666666666666666
"Generated (GRU, T=1)",0.6666666666666666
"Generated (GRU, T=1)",0.6
"Generated (GRU, T=1)",0.7692307692307693
"Generated (GRU, T=1)",1.0
"Generated (GRU, T=1)",1.0
"Generated (GRU, T=1)",1.0
"Generated (GRU, T=1)",0.8
"Generated (GRU, T=1)",0.6
"Generated (GRU, T=1)",0.8571428571428571
"Generated (GRU, T=1)",0.8823529411764706
"Generated (GRU, T=1)",1.0
"Generated (GRU, T=1)",0.5555555555555556
"Generated (GRU, T=1)",0.8571428571428571
"Generated (GRU, T=1)",0.8
"Generated (GRU, T=1)",0.8
"Generated (GRU, T=1)",0.6923076923076923
"Generated (GRU, T=1)",1.0
"Generated (GRU, T=1)",1.0
"Generated (GRU, T=1)",0.6923076923076923
"Generated (GRU, T=1)",0.6666666666666666
"Generated (GRU, T=1)",1.0
"Generated (GRU, T=1)",0.8333333333333334
"Generated (GRU, T=1)",0.8846153846153846
"Generated (GRU, T=1)",1.0
"Generated (GRU, T=1)",0.631578947368421
"Generated (GRU, T=1)",0.8
"Generated (GRU, T=1)",1.0
"Generated (GRU, T=1)",0.7
"Generated (GRU, T=1)",0.6
"Generated (GRU, T=1)",1.0
"Generated (GRU, T=1)",0.9166666666666666
"Generated (GRU, T=1)",0.8333333333333334
"Generated (GRU, T=1)",0.75
"Generated (GRU, T=1)",1.0
"Generated (GRU, T=1)",0.75
"Generated (GRU, T=1)",0.6666666666666666
"Generated (GRU, T=1)",0.6666666666666666
"Generated (GRU, T=1)",0.8
"Generated (GRU, T=1)",0.6875
"Generated (GRU, T=1)",0.75
"Generated (GRU, T=1)",1.0
"Generated (GRU, T=1)",0.75
"Generated (GRU, T=1)",0.7142857142857143
"Generated (GRU, T=1)",1.0
"Generated (GRU, T=1)",0.6666666666666666
"Generated (GRU, T=1)",0.8
"Generated (GRU, T=1)",0.7058823529411765
"Generated (GRU, T=1)",1.0
"Generated (GRU, T=1)",0.6666666666666666
"Generated (GRU, T=1)",1.0
"Generated (GRU, T=1)",0.9
"Generated (GRU, T=1)",0.6363636363636364
"Generated (GRU, T=1)",0.6666666666666666
"Generated (GRU, T=1)",0.8181818181818182
"Generated (GRU, T=1)",1.0
"Generated (GRU, T=1)",0.8333333333333334
"Generated (GRU, T=1)",0.8333333333333334
"Generated (GRU, T=1)",0.6666666666666666
"Generated (GRU, T=1)",0.875
"Generated (GRU, T=1)",0.8333333333333334
"Generated (GRU, T=1)",0.5714285714285714
"Generated (GRU, T=1)",0.875
"Generated (GRU, T=1)",0.6
"Generated (GRU, T=1)",0.6
"Generated (GRU, T=1)",0.6666666666666666
"Generated (GRU, T=1)",1.0
"Generated (GRU, T=1)",0.8
"Generated (GRU, T=1)",0.6363636363636364
"Generated (GRU, T=1)",0.8
"Generated (GRU, T=1)",0.9285714285714286
"Generated (GRU, T=1)",0.6666666666666666
"Generated (GRU, T=1)",1.0
"Generated (GRU, T=1)",0.5
"Generated (GRU, T=1)",0.8
"Generated (GRU, T=1)",0.6
"Generated (GRU, T=1)",0.625
"Generated (GRU, T=1)",0.8571428571428571
"Generated (GRU, T=1)",1.0
"Generated (GRU, T=1)",0.8
"Generated (GRU, T=1)",0.75
"Generated (GRU, T=1)",0.8
"Generated (GRU, T=1)",0.8
"Generated (GRU, T=1)",0.7222222222222222
"Generated (GRU, T=1)",0.625
"Generated (GRU, T=1)",0.8
"Generated (GRU, T=1)",1.0
"Generated (GRU, T=1)",0.625
"Generated (GRU, T=1)",0.8571428571428571
"Generated (GRU, T=1)",0.8571428571428571
"Generated (GRU, T=1)",0.625
"Generated (GRU, T=1)",0.6
"Generated (GRU, T=1)",0.8
"Generated (GRU, T=1)",1.0
"Generated (GRU, T=1)",0.6
"Generated (GRU, T=1)",0.875
"Generated (GRU, T=1)",0.7142857142857143
"Generated (GRU, T=1)",1.0
"Generated (GRU, T=1)",0.7
"Generated (GRU, T=1)",1.0
"Generated (GRU, T=1)",0.8
"Generated (GRU, T=1)",1.0
"Generated (GRU, T=1)",0.8
"Generated (GRU, T=1)",0.6666666666666666
"Generated (GRU, T=1)",0.8
"Generated (GRU, T=1)",0.6
"Generated (GRU, T=1)",1.0
"Generated (GRU, T=1)",0.6
"Generated (GRU, T=1)",0.6666666666666666
"Generated (GRU, T=1)",0.8571428571428571
"Generated (GRU, T=1)",1.0
"Generated (GRU, T=1)",0.8333333333333334
"Generated (GRU, T=1)",0.6
"Generated (GRU, T=1)",0.8
"Generated (GRU, T=1)",0.6666666666666666
"Generated (GRU, T=1)",1.0
"Generated (GRU, T=1)",1.0
"Generated (GRU, T=1)",0.6666666666666666
"Generated (GRU, T=1)",0.8
"Generated (GRU, T=1)",0.5714285714285714
"Generated (GRU, T=1)",0.8571428571428571
"Generated (GRU, T=1)",0.8666666666666667
"Generated (GRU, T=1)",0.6
"Generated (GRU, T=1)",0.8333333333333334
"Generated (GRU, T=1)",0.6
"Generated (GRU, T=1)",0.6428571428571429
"Generated (GRU, T=1)",0.5
"Generated (GRU, T=1)",0.625
"Generated (GRU, T=1)",0.8333333333333334
"Generated (GRU, T=1)",0.8333333333333334
"Generated (GRU, T=1)",0.8
"Generated (GRU, T=1)",1.0
"Generated (GRU, T=1)",0.6
"Generated (GRU, T=1)",0.6
"Generated (GRU, T=1)",1.0
"Generated (GRU, T=1)",0.8333333333333334
"Generated (GRU, T=1)",1.0
"Generated (GRU, T=1)",0.8181818181818182
"Generated (GRU, T=1)",1.0
"Generated (GRU, T=1)",1.0
"Generated (GRU, T=1)",0.8571428571428571
"Generated (GRU, T=1)",0.75
"Generated (GRU, T=1)",0.75
"Generated (GRU, T=1)",0.75
"Generated (GRU, T=1)",0.8333333333333334
"Generated (GRU, T=1)",0.8461538461538461
"Generated (GRU, T=1)",0.8
"Generated (GRU, T=1)",0.8571428571428571
"Generated (GRU, T=1)",1.0
"Generated (GRU, T=1)",0.6666666666666666
"Generated (GRU, T=1)",0.6
"Generated (GRU, T=1)",1.0
"Generated (GRU, T=1)",1.0
"Generated (GRU, T=1)",0.5714285714285714
"Generated (GRU, T=1)",0.6666666666666666
"Generated (GRU, T=1)",0.6666666666666666
"Generated (GRU, T=1)",0.6666666666666666
"Generated (GRU, T=1)",0.6428571428571429
"Generated (GRU, T=1)",0.5714285714285714
"Generated (GRU, T=1)",0.6666666666666666
"Generated (GRU, T=1)",1.0
"Generated (GRU, T=1)",0.7142857142857143
"Generated (GRU, T=1)",0.6666666666666666
"Generated (GRU, T=1)",0.6666666666666666
"Generated (GRU, T=1)",0.6666666666666666
"Generated (GRU, T=1)",0.8333333333333334
"Generated (GRU, T=1)",0.7272727272727273
"Generated (GRU, T=1)",0.8571428571428571
"Generated (GRU, T=1)",0.75
"Generated (GRU, T=1)",0.8
"Generated (GRU, T=1)",0.6818181818181818
"Generated (GRU, T=1)",0.6
"Generated (GRU, T=1)",0.8571428571428571
"Generated (GRU, T=1)",0.7
"Generated (GRU, T=1)",1.0
"Generated (GRU, T=1)",1.0
"Generated (GRU, T=1)",0.8333333333333334
"Generated (GRU, T=1)",0.7
"Generated (GRU, T=1)",1.0
"Generated (GRU, T=1)",1.0
"Generated (GRU, T=1)",0.7
"Generated (GRU, T=1)",0.7142857142857143
"Generated (GRU, T=1)",0.6
"Generated (GRU, T=1)",0.9
"Generated (GRU, T=1)",1.0
"Generated (GRU, T=1)",0.6
"Generated (GRU, T=1)",0.7142857142857143
"Generated (GRU, T=1)",1.0
"Generated (GRU, T=1)",0.8
"Generated (GRU, T=1)",0.6666666666666666
"Generated (GRU, T=1)",0.6
"Generated (GRU, T=1)",0.8
"Generated (GRU, T=1)",0.8333333333333334
"Generated (GRU, T=1)",0.6
"Generated (GRU, T=1)",0.6
"Generated (GRU, T=1)",0.6
"Generated (GRU, T=1)",0.6666666666666666
"Generated (GRU, T=1)",0.875
"Generated (GRU, T=1)",0.7
"Generated (GRU, T=1)",0.6666666666666666
"Generated (GRU, T=1)",1.0
"Generated (GRU, T=1)",1.0
"Generated (GRU, T=1)",0.6666666666666666
"Generated (GRU, T=1)",0.8
"Generated (GRU, T=1)",0.8333333333333334
"Generated (GRU, T=1)",0.9523809523809523
"Generated (GRU, T=1)",0.6666666666666666
"Generated (GRU, T=1)",0.7142857142857143
"Generated (GRU, T=1)",0.6
"Generated (GRU, T=1)",1.0
"Generated (GRU, T=1)",0.6
"Generated (GRU, T=1)",0.6
"Generated (GRU, T=1)",0.6
"Generated (GRU, T=1)",0.6
"Generated (GRU, T=1)",0.7692307692307693
"Generated (GRU, T=1)",0.7857142857142857
"Generated (GRU, T=1)",0.6
"Generated (GRU, T=1)",0.6
"Generated (GRU, T=1)",0.9
"Generated (GRU, T=1)",0.8
"Generated (GRU, T=1)",0.8
"Generated (GRU, T=1)",0.8
"Generated (GRU, T=1)",1.0
"Generated (GRU, T=1)",0.8571428571428571
"Generated (GRU, T=1)",0.8571428571428571
"Generated (GRU, T=1)",1.0
"Generated (GRU, T=1)",0.8
"Generated (GRU, T=1)",0.68
"Generated (GRU, T=1)",0.8
"Generated (GRU, T=1)",0.8333333333333334
"Generated (GRU, T=1)",0.6
"Generated (GRU, T=1)",0.5555555555555556
"Generated (GRU, T=1)",0.8461538461538461
"Generated (GRU, T=1)",0.8
"Generated (GRU, T=1)",1.0
"Generated (GRU, T=1)",0.7272727272727273
"Generated (GRU, T=1)",0.625
"Generated (GRU, T=1)",0.7777777777777778
"Generated (GRU, T=1)",0.7272727272727273
"Generated (GRU, T=1)",1.0
"Generated (GRU, T=1)",0.6
"Generated (GRU, T=1)",1.0
"Generated (GRU, T=1)",1.0
"Generated (GRU, T=1)",0.5
"Generated (GRU, T=1)",0.8333333333333334
"Generated (GRU, T=1)",0.6666666666666666
"Generated (GRU, T=1)",1.0
"Generated (GRU, T=1)",1.0
"Generated (GRU, T=1)",0.8
"Generated (GRU, T=1)",0.6
"Generated (GRU, T=1)",1.0
"Generated (GRU, T=1)",0.6666666666666666
"Generated (GRU, T=1)",0.6666666666666666
"Generated (GRU, T=1)",1.0
"Generated (GRU, T=1)",0.6
"Generated (GRU, T=1)",1.0
"Generated (GRU, T=1)",0.6666666666666666
"Generated (GRU, T=1)",0.6
"Generated (GRU, T=1)",0.8333333333333334
"Generated (GRU, T=1)",0.6666666666666666
"Generated (GRU, T=1)",1.0
"Generated (GRU, T=1)",0.7272727272727273
"Generated (GRU, T=1)",0.8
"Generated (GRU, T=1)",0.8333333333333334
"Generated (GRU, T=1)",0.8
"Generated (GRU, T=1)",0.8
"Generated (GRU, T=1)",0.8888888888888888
"Generated (GRU, T=1)",0.8333333333333334
"Generated (GRU, T=1)",0.7142857142857143
"Generated (GRU, T=1)",1.0
"Generated (GRU, T=1)",0.75
"Generated (GRU, T=1)",1.0
"Generated (GRU, T=1)",0.5555555555555556
"Generated (GRU, T=1)",1.0
"Generated (GRU, T=1)",0.75
"Generated (GRU, T=1)",0.6666666666666666
"Generated (GRU, T=1)",1.0
"Generated (GRU, T=1)",0.9583333333333334
"Generated (GRU, T=1)",0.8571428571428571
"Generated (GRU, T=1)",1.0
"Generated (GRU, T=1)",0.8
"Generated (GRU, T=1)",0.6666666666666666
"Generated (GRU, T=1)",0.6666666666666666
"Generated (GRU, T=1)",0.6666666666666666
"Generated (GRU, T=1)",0.8
"Generated (GRU, T=1)",0.8333333333333334
"Generated (GRU, T=1)",0.75
"Generated (GRU, T=1)",0.8181818181818182
"Generated (GRU, T=1)",0.6666666666666666
"Generated (GRU, T=1)",1.0
"Generated (GRU, T=1)",0.6923076923076923
"Generated (GRU, T=1)",0.6666666666666666
"Generated (GRU, T=1)",0.6666666666666666
"Generated (GRU, T=1)",0.6666666666666666
"Generated (GRU, T=1)",0.8
"Generated (GRU, T=1)",0.8333333333333334
"Generated (GRU, T=1)",0.6666666666666666
"Generated (GRU, T=1)",1.0
"Generated (GRU, T=1)",0.9
"Generated (GRU, T=1)",0.7777777777777778
"Generated (GRU, T=1)",0.6
"Generated (GRU, T=1)",0.7894736842105263
"Generated (GRU, T=1)",0.625
"Generated (GRU, T=1)",0.8888888888888888
"Generated (GRU, T=1)",0.8571428571428571
"Generated (GRU, T=1)",1.0
"Generated (GRU, T=1)",0.6
"Generated (GRU, T=1)",0.6
"Generated (GRU, T=1)",1.0
"Generated (GRU, T=1)",0.8571428571428571
"Generated (GRU, T=1)",0.8
"Generated (GRU, T=1)",0.8571428571428571
"Generated (GRU, T=1)",0.9444444444444444
"Generated (GRU, T=1)",0.6666666666666666
"Generated (GRU, T=1)",0.6666666666666666
"Generated (GRU, T=1)",0.8333333333333334
"Generated (GRU, T=1)",0.6666666666666666
"Generated (GRU, T=1)",0.6666666666666666
"Generated (GRU, T=1)",1.0
"Generated (GRU, T=1)",0.75
"Generated (GRU, T=1)",0.625
"Generated (GRU, T=1)",0.9230769230769231
"Generated (GRU, T=1)",0.8333333333333334
"Generated (GRU, T=1)",1.0
"Generated (GRU, T=1)",0.8
"Generated (GRU, T=1)",0.6666666666666666
"Generated (GRU, T=1)",0.8571428571428571
"Generated (GRU, T=1)",1.0
"Generated (GRU, T=1)",0.625
"Generated (GRU, T=1)",1.0
"Generated (GRU, T=1)",0.6666666666666666
"Generated (GRU, T=1)",0.6666666666666666
"Generated (GRU, T=1)",0.8
"Generated (GRU, T=1)",0.9230769230769231
"Generated (GRU, T=1)",0.8
"Generated (GRU, T=1)",0.8
"Generated (GRU, T=1)",0.875
"Generated (GRU, T=1)",0.5
"Generated (GRU, T=1)",0.8888888888888888
"Generated (GRU, T=1)",0.7777777777777778
"Generated (GRU, T=1)",0.6363636363636364
"Generated (GRU, T=1)",1.0
"Generated (GRU, T=1)",0.8888888888888888
"Generated (GRU, T=1)",1.0
"Generated (GRU, T=1)",0.9
"Generated (GRU, T=1)",0.9230769230769231
"Generated (GRU, T=1)",0.8
"Generated (GRU, T=1)",0.8
"Generated (GRU, T=1)",0.625
"Generated (GRU, T=1)",0.6923076923076923
"Generated (GRU, T=1)",1.0
"Generated (GRU, T=1)",0.6666666666666666
"Generated (GRU, T=1)",0.8571428571428571
"Generated (GRU, T=1)",0.8571428571428571
"Generated (GRU, T=1)",0.7692307692307693
"Generated (GRU, T=1)",1.0
"Generated (GRU, T=1)",1.0
"Generated (GRU, T=1)",0.7
"Generated (GRU, T=1)",0.6666666666666666
"Generated (GRU, T=1)",0.75
"Generated (GRU, T=1)",1.0
"Generated (GRU, T=1)",0.5384615384615384
"Generated (GRU, T=1)",0.6
"Generated (GRU, T=1)",1.0
"Generated (GRU, T=1)",0.6666666666666666
"Generated (GRU, T=1)",0.8
"Generated (GRU, T=1)",0.6666666666666666
"Generated (GRU, T=1)",1.0
"Generated (GRU, T=1)",1.0
"Generated (GRU, T=1)",0.8333333333333334
"Generated (GRU, T=1)",0.9
"Generated (GRU, T=1)",0.8571428571428571
"Generated (GRU, T=1)",0.7142857142857143
"Generated (GRU, T=1)",0.6666666666666666
"Generated (GRU, T=1)",0.9444444444444444
"Generated (GRU, T=1)",0.6
"Generated (GRU, T=1)",0.8
